checking_status,duration,credit_history,purpose,credit_amount,savings,employment,installment_rate,personal_status_sex,other_debtors,residence_since,property,age,other_installment,housing,existing_credits,job,num_dependents,telephone,foreign_worker,target,default,thin_file,income_proxy,country
A14,6,A33,A43,233.0,A61,A73,3,A92,A101,2,A121,24,A143,A152,1,A173,1,A191,A201,1,0,0,5688.0,INDIA
A12,12,A32,A43,408.0,A65,A73,2,A94,A101,1,A121,25,A143,A152,1,A173,1,A192,A201,2,1,0,9502.0,INDIA
A14,24,A34,A41,1583.0,A64,A73,4,A93,A101,2,A121,27,A143,A152,2,A173,1,A191,A201,1,0,0,25175.0,INDIA
A14,18,A32,A40,750.0,A65,A74,4,A93,A101,3,A122,32,A143,A152,1,A173,1,A191,A202,1,0,0,17608.0,INDIA
A14,18,A31,A40,1689.0,A61,A75,2,A93,A101,4,A124,39,A141,A152,2,A174,2,A192,A201,2,1,1,46764.0,INDIA
A14,7,A34,A43,176.0,A65,A75,4,A93,A101,2,A122,46,A143,A151,2,A172,1,A192,A201,1,0,0,2220.0,INDIA
A14,12,A32,A42,325.0,A63,A73,4,A92,A101,4,A123,29,A143,A151,1,A172,1,A191,A201,2,1,0,5441.0,INDIA
A14,9,A34,A40,575.0,A61,A73,4,A93,A101,4,A123,48,A143,A152,3,A173,1,A192,A201,1,0,0,8700.0,INDIA
A14,18,A33,A42,529.0,A61,A74,4,A92,A101,1,A121,22,A143,A152,1,A173,1,A191,A201,2,1,1,9480.0,INDIA
A14,24,A34,A41,956.0,A61,A75,4,A92,A101,2,A123,41,A143,A151,2,A174,1,A192,A201,1,0,0,23006.0,INDIA
A11,24,A33,A43,397.0,A61,A72,4,A92,A101,2,A123,29,A143,A151,1,A172,1,A192,A201,2,1,0,7681.0,INDIA
A14,36,A34,A43,865.0,A65,A75,4,A93,A101,2,A123,51,A143,A152,1,A173,1,A192,A201,1,0,0,18204.0,INDIA
A11,24,A34,A41,1828.0,A61,A71,2,A93,A101,4,A124,75,A143,A153,2,A174,1,A192,A201,1,0,0,30215.0,INDIA
A11,6,A32,A44,93.0,A61,A72,4,A92,A101,1,A121,27,A143,A152,1,A173,1,A191,A201,1,0,0,1254.0,INDIA
A12,36,A32,A46,3860.0,A62,A73,1,A93,A101,4,A124,47,A143,A153,1,A173,2,A192,A201,2,1,0,60594.0,INDIA
A14,10,A34,A42,579.0,A61,A72,1,A92,A101,3,A121,23,A143,A151,2,A173,1,A191,A201,1,0,1,15129.0,INDIA
A12,20,A33,A41,1994.0,A65,A74,3,A93,A101,4,A122,36,A141,A151,2,A174,2,A192,A201,1,0,0,43075.0,INDIA
A13,6,A34,A40,387.0,A61,A75,1,A93,A101,4,A121,46,A143,A152,2,A173,2,A191,A202,1,0,1,6832.0,INDIA
A12,6,A33,A42,252.0,A61,A71,4,A93,A101,1,A122,35,A142,A152,2,A174,1,A192,A201,1,0,0,6275.0,INDIA
A12,48,A32,A40,2387.0,A65,A74,1,A92,A101,2,A123,24,A143,A152,1,A173,1,A191,A201,1,0,0,28965.0,INDIA
A11,12,A32,A40,240.0,A65,A73,4,A94,A101,2,A123,23,A143,A152,1,A173,1,A191,A201,2,1,0,3712.0,INDIA
A12,8,A32,A42,338.0,A61,A73,3,A92,A101,4,A121,24,A143,A152,1,A173,1,A191,A201,2,1,1,5087.0,INDIA
A14,12,A34,A43,408.0,A61,A75,2,A93,A101,4,A121,63,A143,A152,2,A172,1,A192,A201,1,0,0,11564.0,INDIA
A12,18,A32,A49,1348.0,A61,A75,1,A93,A102,1,A121,33,A141,A152,1,A174,1,A192,A201,1,0,0,31580.0,INDIA
A12,27,A30,A49,2638.0,A61,A75,2,A92,A101,4,A124,42,A143,A153,2,A174,1,A192,A201,2,1,0,57701.0,INDIA
A14,10,A32,A40,383.0,A63,A73,3,A93,A101,2,A124,40,A143,A151,1,A172,2,A191,A202,1,1,1,4247.0,INDIA
A11,36,A32,A40,2675.0,A61,A74,2,A93,A101,1,A123,24,A143,A152,1,A173,1,A192,A201,2,1,0,38102.0,INDIA
A14,18,A34,A43,676.0,A61,A73,2,A92,A101,1,A123,25,A143,A152,2,A173,1,A191,A201,1,0,1,14997.0,INDIA
A12,48,A30,A49,1007.0,A62,A74,4,A93,A101,4,A124,34,A143,A153,1,A172,2,A191,A201,2,1,1,17807.0,INDIA
A11,24,A34,A43,374.0,A64,A75,4,A92,A101,4,A122,57,A143,A151,2,A174,1,A192,A201,1,0,0,10198.0,INDIA
A14,18,A34,A43,700.0,A61,A73,2,A92,A101,2,A123,26,A143,A152,2,A173,1,A191,A201,1,0,0,17121.0,INDIA
A14,24,A34,A43,908.0,A62,A75,3,A93,A101,4,A121,36,A143,A152,1,A173,2,A192,A201,1,0,0,17138.0,INDIA
A14,18,A32,A43,1472.0,A61,A72,3,A93,A101,2,A123,32,A143,A152,1,A173,1,A192,A201,1,0,1,35610.0,INDIA
A12,12,A32,A40,165.0,A61,A74,2,A94,A101,3,A123,25,A141,A152,1,A172,1,A191,A201,2,1,0,4648.0,INDIA
A11,6,A32,A43,729.0,A63,A73,2,A93,A101,3,A121,44,A143,A151,1,A173,2,A191,A201,1,0,0,13934.0,INDIA
A12,30,A32,A40,610.0,A61,A73,4,A92,A103,2,A124,24,A141,A152,1,A173,1,A191,A201,2,1,1,13608.0,INDIA
A11,12,A32,A40,319.0,A61,A72,3,A92,A101,1,A121,37,A143,A152,1,A172,1,A191,A201,2,1,1,8667.0,INDIA
A14,10,A32,A48,238.0,A65,A74,4,A92,A101,3,A122,40,A143,A152,1,A173,1,A192,A201,1,0,0,3660.0,INDIA
A11,24,A32,A41,951.0,A65,A75,4,A93,A101,4,A124,49,A141,A153,1,A173,2,A192,A201,1,0,1,25300.0,INDIA
A12,18,A34,A43,298.0,A61,A73,4,A94,A101,2,A123,33,A143,A152,1,A173,1,A191,A201,2,1,0,3790.0,INDIA
A13,18,A32,A40,541.0,A61,A75,3,A92,A101,2,A123,23,A143,A152,1,A174,1,A191,A201,1,0,0,12125.0,INDIA
A11,12,A32,A40,234.0,A61,A74,4,A93,A101,2,A121,26,A143,A152,1,A173,1,A191,A201,2,1,0,5798.0,INDIA
A14,12,A32,A43,604.0,A65,A73,4,A93,A101,4,A124,37,A143,A153,1,A173,1,A192,A201,1,0,0,13178.0,INDIA
A11,18,A30,A42,867.0,A61,A72,1,A92,A101,4,A122,26,A143,A151,1,A173,1,A191,A201,2,1,1,17098.0,INDIA
A13,15,A32,A46,610.0,A61,A75,4,A93,A101,4,A123,40,A143,A151,1,A174,1,A192,A201,1,0,0,13338.0,INDIA
A13,24,A32,A43,350.0,A63,A73,3,A92,A101,3,A123,57,A143,A152,1,A172,1,A191,A201,1,0,0,4784.0,INDIA
A12,12,A30,A48,351.0,A61,A73,2,A93,A101,2,A121,31,A143,A152,1,A172,1,A192,A201,1,0,0,5193.0,INDIA
A12,18,A30,A42,786.0,A61,A73,1,A92,A101,4,A123,33,A141,A152,2,A173,1,A192,A201,1,0,1,12380.0,INDIA
A12,9,A34,A43,366.0,A61,A75,2,A93,A101,4,A121,37,A143,A152,3,A172,1,A191,A201,1,0,0,7877.0,INDIA
A13,10,A34,A43,351.0,A65,A74,4,A93,A101,2,A122,27,A143,A152,2,A173,1,A192,A201,1,0,1,6591.0,INDIA
A12,9,A34,A43,324.0,A61,A75,2,A93,A101,4,A121,37,A143,A152,3,A172,1,A191,A201,1,0,1,4958.0,INDIA
A13,6,A33,A43,168.0,A61,A72,2,A92,A101,1,A122,29,A141,A152,1,A173,1,A191,A201,1,0,1,4458.0,INDIA
A12,11,A34,A40,362.0,A64,A73,4,A92,A101,4,A123,40,A143,A152,2,A173,1,A191,A201,1,0,0,6364.0,INDIA
A11,12,A32,A40,434.0,A61,A74,2,A91,A101,3,A123,36,A143,A152,1,A173,1,A191,A201,2,1,0,8181.0,INDIA
A14,12,A34,A49,332.0,A61,A73,3,A92,A101,2,A121,27,A143,A152,2,A173,1,A191,A201,1,0,0,6046.0,INDIA
A11,18,A32,A40,389.0,A61,A72,4,A92,A101,3,A123,23,A143,A151,1,A173,1,A192,A201,2,1,0,5525.0,INDIA
A11,24,A32,A40,314.0,A61,A72,4,A92,A101,4,A122,24,A143,A151,1,A173,1,A191,A201,2,1,0,7497.0,INDIA
A12,48,A32,A40,2380.0,A65,A74,1,A92,A101,2,A123,24,A143,A152,1,A173,1,A191,A201,1,0,0,44965.0,INDIA
A14,12,A34,A40,361.0,A63,A73,4,A93,A101,4,A121,44,A143,A152,1,A173,1,A192,A201,1,0,1,4074.0,INDIA
A11,36,A32,A410,4371.0,A61,A71,2,A91,A102,3,A123,43,A143,A152,1,A174,1,A191,A201,1,0,1,122242.0,INDIA
A11,30,A30,A42,1198.0,A61,A73,2,A91,A103,2,A121,32,A143,A152,2,A173,1,A191,A201,1,0,0,30378.0,INDIA
A14,9,A34,A40,661.0,A61,A73,4,A93,A101,4,A123,48,A143,A152,3,A173,1,A192,A201,1,0,0,15689.0,INDIA
A11,36,A32,A42,1402.0,A61,A74,4,A93,A101,2,A122,29,A143,A152,1,A173,1,A191,A201,2,1,0,36867.0,INDIA
A11,18,A32,A42,320.0,A61,A71,4,A92,A101,2,A123,33,A143,A152,1,A173,1,A191,A201,2,1,0,8627.0,INDIA
A12,48,A32,A43,979.0,A61,A74,4,A93,A101,4,A121,28,A143,A152,2,A173,1,A191,A201,2,1,0,16584.0,INDIA
A12,18,A34,A42,1871.0,A61,A71,4,A93,A101,4,A122,40,A142,A152,2,A174,1,A192,A201,1,0,0,40700.0,INDIA
A12,7,A32,A43,613.0,A61,A72,1,A92,A103,1,A121,45,A143,A152,1,A173,1,A191,A201,1,0,0,13311.0,INDIA
A11,36,A31,A42,661.0,A61,A75,4,A93,A101,4,A123,31,A141,A152,1,A173,1,A191,A201,2,1,1,10381.0,INDIA
A11,24,A34,A40,325.0,A61,A75,4,A93,A101,4,A123,60,A143,A152,2,A172,1,A191,A201,2,1,1,4845.0,INDIA
A14,6,A32,A43,406.0,A61,A74,3,A93,A101,2,A122,51,A143,A152,1,A173,2,A191,A201,1,0,0,5280.0,INDIA
A14,36,A34,A40,1043.0,A61,A74,4,A93,A101,4,A123,37,A143,A152,2,A173,1,A192,A201,1,0,1,23576.0,INDIA
A14,15,A34,A43,369.0,A61,A73,4,A92,A101,2,A123,43,A143,A152,1,A172,1,A191,A201,1,0,0,9131.0,INDIA
A12,24,A33,A49,1389.0,A65,A73,4,A93,A101,2,A122,37,A141,A152,2,A174,1,A192,A201,1,0,0,33882.0,INDIA
A14,12,A34,A42,414.0,A64,A74,3,A92,A101,2,A122,35,A143,A152,1,A173,1,A191,A202,1,0,1,6859.0,INDIA
A12,10,A32,A42,407.0,A61,A73,4,A91,A101,2,A123,31,A143,A152,1,A172,1,A191,A201,1,0,1,5947.0,INDIA
A11,12,A34,A41,377.0,A61,A75,4,A93,A101,3,A121,54,A143,A152,1,A173,1,A191,A201,1,0,1,7157.0,INDIA
A14,18,A34,A41,1148.0,A61,A74,3,A93,A101,1,A123,27,A143,A152,2,A173,1,A191,A201,1,0,1,23676.0,INDIA
A11,24,A34,A43,341.0,A64,A75,4,A92,A101,4,A122,57,A143,A151,2,A174,1,A192,A201,1,0,0,9267.0,INDIA
A11,24,A32,A40,1293.0,A61,A74,2,A93,A102,3,A122,31,A143,A152,1,A173,1,A192,A201,2,1,0,34131.0,INDIA
A14,18,A34,A43,356.0,A64,A73,4,A93,A101,3,A121,46,A143,A152,2,A173,1,A191,A201,1,0,0,9656.0,INDIA
A14,24,A32,A43,404.0,A61,A73,4,A94,A101,2,A122,28,A143,A152,1,A173,1,A191,A201,1,0,0,10490.0,INDIA
A11,24,A32,A40,351.0,A65,A73,4,A92,A101,4,A121,25,A143,A151,1,A173,1,A191,A201,2,1,0,9820.0,INDIA
A14,24,A32,A42,291.0,A65,A74,4,A93,A101,2,A123,31,A142,A152,1,A173,1,A192,A201,1,0,0,5585.0,INDIA
A13,12,A32,A42,393.0,A61,A72,4,A92,A101,1,A122,33,A141,A152,1,A174,1,A192,A201,1,0,1,4651.0,INDIA
A11,30,A34,A41,2563.0,A61,A75,3,A93,A101,4,A124,38,A143,A153,3,A174,2,A192,A201,1,0,1,31962.0,INDIA
A14,24,A32,A43,1661.0,A65,A72,1,A92,A101,1,A123,44,A143,A152,2,A173,1,A192,A201,2,1,1,29680.0,INDIA
A12,9,A32,A43,415.0,A61,A72,4,A92,A101,2,A123,22,A143,A152,1,A173,1,A192,A201,2,1,0,6447.0,INDIA
A11,24,A31,A43,399.0,A61,A74,4,A93,A103,4,A123,24,A141,A151,1,A172,1,A191,A201,2,1,0,5582.0,INDIA
A13,6,A34,A40,404.0,A61,A75,1,A93,A101,4,A121,46,A143,A152,2,A173,2,A191,A202,1,1,1,11222.0,INDIA
A12,18,A34,A42,1836.0,A61,A71,4,A93,A101,4,A122,40,A142,A152,2,A174,1,A192,A201,1,0,0,26511.0,INDIA
A12,48,A32,A43,1820.0,A61,A73,2,A92,A101,2,A121,22,A143,A152,1,A173,1,A191,A201,2,1,1,50751.0,INDIA
A14,9,A32,A49,459.0,A61,A74,3,A92,A101,2,A123,27,A143,A152,2,A173,1,A191,A201,1,0,0,11195.0,INDIA
A12,24,A33,A43,449.0,A62,A74,3,A92,A101,2,A122,23,A143,A151,2,A173,1,A192,A201,1,0,0,10004.0,INDIA
A12,24,A34,A410,3554.0,A61,A73,2,A93,A102,3,A123,39,A143,A152,2,A174,2,A192,A201,2,1,0,81379.0,INDIA
A11,36,A34,A46,2403.0,A61,A73,3,A92,A101,2,A124,25,A143,A152,2,A174,1,A192,A201,2,1,1,40452.0,INDIA
A13,12,A32,A43,969.0,A61,A73,3,A94,A101,1,A123,24,A143,A152,1,A173,1,A191,A201,1,0,0,21683.0,INDIA
A14,39,A32,A41,685.0,A63,A73,4,A93,A101,4,A123,24,A143,A152,1,A173,1,A191,A201,1,1,1,9786.0,INDIA
A13,24,A32,A43,347.0,A62,A75,4,A92,A101,2,A124,47,A143,A153,1,A173,1,A192,A201,1,0,1,9544.0,INDIA
A12,18,A34,A49,531.0,A65,A73,4,A94,A101,4,A121,28,A141,A152,2,A173,1,A191,A201,1,0,1,8661.0,INDIA
A13,24,A34,A49,361.0,A64,A73,2,A91,A101,4,A121,36,A143,A152,2,A173,1,A192,A201,1,0,0,5592.0,INDIA
A12,12,A32,A43,337.0,A61,A72,2,A93,A101,1,A123,22,A142,A152,1,A173,1,A191,A201,2,1,0,7925.0,INDIA
A14,18,A34,A40,305.0,A61,A72,4,A92,A101,1,A122,30,A143,A152,2,A173,1,A191,A201,1,0,0,6879.0,INDIA
A11,12,A32,A40,279.0,A61,A73,4,A94,A101,3,A121,27,A143,A152,1,A172,1,A191,A201,1,0,1,5285.0,INDIA
A12,9,A34,A43,365.0,A61,A75,2,A93,A101,4,A121,37,A143,A152,3,A172,1,A191,A201,1,0,0,8078.0,INDIA
A14,12,A32,A42,452.0,A61,A74,3,A92,A101,4,A121,31,A143,A152,1,A172,1,A191,A201,1,0,0,6241.0,INDIA
A14,24,A32,A43,241.0,A65,A75,4,A93,A101,2,A123,25,A143,A152,2,A173,1,A191,A201,1,0,0,5507.0,INDIA
A11,24,A32,A43,603.0,A61,A72,4,A92,A101,4,A121,35,A143,A152,1,A173,1,A192,A201,2,1,0,9505.0,INDIA
A12,36,A33,A40,1919.0,A61,A73,2,A92,A101,2,A122,54,A143,A151,1,A173,1,A191,A201,1,0,1,30324.0,INDIA
A14,18,A32,A40,695.0,A65,A74,4,A93,A101,3,A122,32,A143,A152,1,A173,1,A191,A202,1,0,1,9629.0,INDIA
A14,24,A32,A41,645.0,A61,A72,4,A92,A101,1,A124,29,A143,A152,1,A174,1,A192,A201,1,0,0,10868.0,INDIA
A11,15,A32,A40,450.0,A61,A72,2,A93,A101,3,A121,36,A143,A152,1,A173,1,A191,A201,1,0,0,7574.0,INDIA
A14,15,A34,A43,335.0,A63,A73,2,A94,A101,2,A122,47,A143,A152,2,A172,1,A191,A201,1,0,1,6363.0,INDIA
A13,12,A32,A42,607.0,A61,A73,1,A92,A101,2,A123,46,A143,A152,1,A172,1,A191,A201,1,1,1,8711.0,INDIA
A11,48,A34,A41,1712.0,A61,A75,4,A93,A101,4,A124,46,A143,A153,2,A173,1,A192,A201,2,1,0,24648.0,INDIA
A12,48,A32,A42,2654.0,A61,A72,1,A92,A101,2,A123,26,A143,A152,1,A173,1,A192,A201,2,1,1,54499.0,INDIA
A14,27,A32,A40,682.0,A61,A73,3,A92,A101,3,A121,21,A143,A151,1,A173,1,A191,A201,2,1,0,9049.0,INDIA
A12,20,A30,A41,1510.0,A62,A75,3,A94,A101,4,A123,31,A141,A152,2,A173,1,A192,A201,1,0,0,34918.0,INDIA
A14,21,A32,A41,1260.0,A65,A73,1,A93,A101,3,A123,26,A143,A152,1,A173,1,A191,A201,1,0,0,34793.0,INDIA
A11,15,A32,A44,325.0,A65,A73,4,A92,A101,2,A123,24,A143,A151,1,A173,1,A191,A201,2,1,0,6016.0,INDIA
A11,9,A32,A40,429.0,A61,A72,3,A93,A101,2,A124,27,A143,A153,1,A174,1,A192,A201,2,1,0,11523.0,INDIA
A14,12,A32,A43,405.0,A61,A73,3,A93,A101,2,A123,25,A143,A152,1,A173,1,A191,A201,1,0,0,5156.0,INDIA
A14,24,A32,A41,1995.0,A65,A75,3,A93,A101,4,A123,41,A143,A152,1,A174,2,A192,A201,1,0,0,23453.0,INDIA
A14,48,A33,A43,3574.0,A63,A74,4,A93,A101,1,A123,37,A143,A152,1,A174,1,A192,A201,1,0,1,84690.0,INDIA
A11,18,A30,A49,877.0,A61,A74,3,A93,A101,1,A122,31,A141,A152,1,A173,1,A192,A201,1,0,0,21394.0,INDIA
A14,21,A34,A40,3353.0,A65,A75,4,A93,A101,4,A124,30,A143,A153,1,A174,1,A192,A201,2,1,1,86634.0,INDIA
A12,16,A34,A40,356.0,A61,A71,2,A93,A101,3,A123,68,A143,A153,3,A171,1,A192,A201,1,0,0,4272.0,INDIA
A14,6,A34,A40,109.0,A62,A73,4,A92,A101,4,A123,52,A143,A152,2,A172,1,A191,A201,1,0,1,2689.0,INDIA
A14,6,A34,A43,382.0,A62,A73,1,A92,A101,1,A122,27,A143,A152,2,A173,1,A191,A201,1,0,1,6734.0,INDIA
A14,30,A32,A43,731.0,A63,A75,4,A93,A101,2,A123,30,A141,A152,1,A174,1,A191,A201,1,1,1,11944.0,INDIA
A11,9,A34,A45,354.0,A62,A75,3,A93,A103,4,A121,48,A143,A152,2,A173,2,A191,A202,1,0,0,4972.0,INDIA
A11,15,A32,A40,424.0,A61,A73,2,A92,A101,4,A123,28,A143,A151,1,A173,1,A191,A201,1,0,1,12097.0,INDIA
A11,36,A34,A41,2944.0,A61,A74,4,A93,A101,4,A123,24,A143,A152,2,A173,1,A192,A201,2,1,0,35683.0,INDIA
A14,24,A32,A43,839.0,A61,A72,4,A92,A101,4,A122,26,A143,A152,1,A173,1,A192,A201,1,0,0,21441.0,INDIA
A14,10,A32,A48,283.0,A65,A74,4,A92,A101,3,A122,40,A143,A152,1,A173,1,A192,A201,1,1,1,6298.0,INDIA
A11,24,A34,A41,727.0,A61,A75,4,A93,A101,4,A122,63,A143,A152,2,A173,1,A192,A201,1,0,0,17403.0,INDIA
A14,24,A34,A45,1771.0,A61,A75,3,A93,A101,4,A124,44,A143,A153,2,A173,1,A191,A201,1,0,1,41665.0,INDIA
A12,18,A32,A49,1344.0,A61,A75,1,A93,A102,1,A121,33,A141,A152,1,A174,1,A192,A201,1,0,0,35090.0,INDIA
A12,12,A34,A41,457.0,A61,A71,4,A93,A101,2,A123,34,A143,A152,2,A174,1,A192,A201,1,0,0,6505.0,INDIA
A14,12,A32,A40,406.0,A63,A73,2,A92,A101,2,A122,26,A143,A152,1,A173,1,A191,A201,2,1,0,4472.0,INDIA
A11,6,A32,A46,108.0,A61,A72,4,A92,A101,4,A122,23,A143,A152,1,A173,1,A191,A201,2,1,1,2326.0,INDIA
A12,36,A30,A49,591.0,A61,A75,4,A93,A101,4,A124,61,A143,A153,1,A174,1,A192,A201,2,1,0,10182.0,INDIA
A12,15,A34,A43,832.0,A65,A74,4,A93,A103,2,A121,35,A141,A152,3,A173,1,A192,A201,1,0,0,10965.0,INDIA
A12,18,A32,A43,375.0,A61,A75,4,A94,A103,2,A121,32,A143,A152,1,A172,1,A191,A201,1,0,0,5354.0,INDIA
A14,21,A32,A49,487.0,A64,A75,4,A92,A101,4,A121,36,A141,A152,1,A172,1,A191,A201,1,0,0,8200.0,INDIA
A12,12,A32,A42,242.0,A64,A72,1,A92,A101,4,A121,19,A143,A151,1,A172,1,A191,A201,1,0,0,2961.0,INDIA
A14,21,A33,A49,674.0,A63,A72,4,A93,A101,2,A121,41,A141,A152,1,A172,2,A191,A201,2,1,1,8089.0,INDIA
A14,21,A32,A40,759.0,A63,A74,1,A92,A101,2,A123,31,A141,A152,1,A174,1,A191,A201,1,0,1,20586.0,INDIA
A12,12,A32,A43,264.0,A61,A73,4,A92,A103,4,A121,49,A143,A152,2,A173,1,A192,A201,1,0,0,4354.0,INDIA
A12,36,A32,A40,3947.0,A61,A75,4,A93,A101,2,A124,57,A143,A153,1,A174,1,A192,A201,2,1,0,111650.0,INDIA
A14,21,A34,A41,852.0,A61,A75,1,A93,A101,4,A123,36,A143,A152,1,A174,1,A192,A201,1,1,1,23833.0,INDIA
A14,6,A32,A40,953.0,A61,A73,2,A93,A103,3,A122,26,A143,A151,1,A173,1,A191,A201,1,0,0,12874.0,INDIA
A13,36,A32,A43,1152.0,A61,A73,4,A93,A101,2,A123,26,A143,A152,1,A173,1,A191,A201,2,1,0,27167.0,INDIA
A14,30,A32,A43,728.0,A63,A75,4,A93,A101,2,A123,30,A141,A152,1,A174,1,A191,A201,1,0,1,15706.0,INDIA
A13,12,A31,A43,107.0,A64,A73,3,A92,A101,3,A121,42,A143,A151,2,A173,1,A191,A201,1,0,0,2478.0,INDIA
A14,60,A32,A43,3176.0,A62,A74,2,A92,A101,4,A121,21,A143,A152,1,A173,1,A192,A201,1,0,1,40313.0,INDIA
A14,9,A34,A46,256.0,A63,A75,4,A93,A101,2,A123,52,A143,A152,2,A173,1,A192,A201,1,0,0,3666.0,INDIA
A14,24,A34,A43,693.0,A61,A75,4,A94,A102,3,A121,46,A143,A152,2,A173,1,A191,A201,1,0,1,8558.0,INDIA
A12,18,A32,A45,1085.0,A61,A71,2,A92,A101,4,A123,67,A143,A152,1,A173,1,A192,A201,1,0,0,23472.0,INDIA
A11,12,A33,A40,367.0,A61,A73,4,A93,A101,2,A121,43,A143,A152,2,A172,2,A191,A201,1,0,0,10410.0,INDIA
A12,18,A32,A40,1523.0,A62,A73,2,A93,A101,2,A123,30,A143,A152,2,A173,1,A192,A201,1,0,0,34765.0,INDIA
A11,6,A32,A41,379.0,A63,A71,1,A92,A101,2,A122,23,A143,A151,1,A171,1,A192,A201,1,0,1,8910.0,INDIA
A13,9,A32,A43,282.0,A62,A75,2,A91,A101,4,A121,49,A143,A152,1,A173,1,A191,A201,1,0,0,7989.0,INDIA
A14,24,A34,A41,588.0,A65,A74,4,A93,A101,4,A123,43,A143,A152,2,A173,2,A192,A201,1,0,1,13485.0,INDIA
A11,15,A32,A49,230.0,A61,A73,4,A92,A101,4,A122,22,A143,A152,1,A172,1,A191,A201,1,0,1,2693.0,INDIA
A11,18,A32,A43,513.0,A61,A73,4,A92,A101,4,A123,25,A141,A151,2,A173,1,A191,A201,2,1,0,13471.0,INDIA
A12,12,A32,A40,2295.0,A65,A71,1,A92,A101,2,A121,24,A143,A151,1,A171,1,A191,A201,1,0,0,39975.0,INDIA
A12,36,A34,A43,607.0,A61,A75,4,A93,A101,4,A121,36,A143,A152,1,A173,1,A191,A201,1,0,0,6724.0,INDIA
A14,24,A34,A43,1630.0,A61,A72,3,A94,A101,3,A124,47,A143,A153,3,A173,1,A192,A201,1,0,0,32482.0,INDIA
A13,6,A34,A40,408.0,A61,A75,1,A93,A101,4,A121,46,A143,A152,2,A173,2,A191,A202,1,1,1,11217.0,INDIA
A14,6,A34,A40,80.0,A64,A73,2,A92,A101,2,A121,41,A141,A152,2,A172,1,A191,A201,1,0,0,1242.0,INDIA
A13,42,A30,A49,1940.0,A61,A72,2,A91,A101,1,A122,33,A143,A152,2,A173,1,A191,A201,1,0,1,38122.0,INDIA
A14,24,A34,A40,505.0,A61,A73,4,A92,A101,4,A123,37,A143,A152,1,A173,1,A192,A201,1,0,0,7100.0,INDIA
A14,6,A34,A43,491.0,A61,A75,2,A94,A101,2,A121,30,A143,A151,2,A173,1,A191,A201,1,0,1,5900.0,INDIA
A14,6,A34,A40,1706.0,A61,A74,1,A93,A101,3,A124,45,A143,A152,2,A174,2,A192,A201,1,0,0,21184.0,INDIA
A11,21,A32,A43,1030.0,A64,A72,4,A92,A101,2,A123,29,A141,A152,1,A173,1,A191,A201,1,0,1,24509.0,INDIA
A14,24,A32,A42,267.0,A65,A74,4,A93,A101,2,A123,31,A142,A152,1,A173,1,A192,A201,1,0,1,6997.0,INDIA
A11,15,A32,A40,448.0,A61,A72,2,A93,A101,3,A121,36,A143,A152,1,A173,1,A191,A201,1,0,0,6058.0,INDIA
A14,15,A32,A46,1461.0,A62,A73,3,A93,A101,2,A122,40,A143,A152,1,A174,1,A192,A201,2,1,0,23485.0,INDIA
A12,12,A34,A42,896.0,A61,A75,1,A93,A101,4,A123,28,A143,A151,3,A173,1,A192,A201,1,0,0,12932.0,INDIA
A11,24,A33,A40,1390.0,A61,A73,3,A93,A101,4,A124,53,A143,A153,2,A173,2,A191,A201,2,1,0,15947.0,INDIA
A13,36,A32,A43,1168.0,A61,A73,2,A93,A101,2,A121,23,A143,A152,1,A173,1,A192,A201,1,0,0,24225.0,INDIA
A13,9,A32,A43,274.0,A62,A75,2,A91,A101,4,A121,49,A143,A152,1,A173,1,A191,A201,1,0,0,6389.0,INDIA
A11,30,A32,A42,896.0,A61,A72,2,A91,A101,4,A122,31,A143,A152,1,A172,1,A191,A201,2,1,0,20073.0,INDIA
A11,36,A34,A42,720.0,A61,A73,3,A94,A101,2,A122,46,A143,A152,2,A173,1,A192,A201,1,0,1,12837.0,INDIA
A14,36,A33,A42,1871.0,A63,A74,2,A92,A101,4,A123,40,A143,A152,2,A173,1,A192,A201,1,0,0,38857.0,INDIA
A14,24,A32,A42,861.0,A63,A75,4,A93,A101,3,A124,32,A143,A151,1,A173,1,A192,A201,1,0,0,10897.0,INDIA
A11,36,A32,A40,844.0,A61,A74,2,A93,A101,4,A124,39,A141,A153,1,A174,2,A192,A201,1,0,0,11576.0,INDIA
A14,12,A34,A42,568.0,A61,A75,4,A93,A101,4,A121,43,A143,A152,3,A173,1,A192,A201,1,0,1,15563.0,INDIA
A11,15,A32,A40,348.0,A61,A73,2,A92,A101,4,A123,28,A143,A151,1,A173,1,A191,A201,1,0,0,8492.0,INDIA
A14,15,A34,A42,1059.0,A61,A73,4,A93,A101,2,A124,28,A143,A153,1,A173,1,A192,A201,1,0,1,28847.0,INDIA
A12,12,A34,A40,625.0,A62,A72,4,A93,A101,1,A123,27,A143,A152,1,A173,1,A191,A201,1,0,0,16958.0,INDIA
A14,15,A34,A43,464.0,A61,A75,4,A93,A101,4,A123,46,A143,A152,2,A173,1,A192,A201,1,0,1,10407.0,INDIA
A11,36,A32,A42,960.0,A61,A73,1,A93,A103,2,A122,37,A143,A152,1,A173,2,A191,A201,1,0,1,26244.0,INDIA
A11,15,A34,A42,280.0,A61,A73,2,A91,A101,3,A122,25,A143,A152,2,A173,1,A191,A201,1,0,0,5134.0,INDIA
A12,9,A32,A43,323.0,A61,A75,4,A93,A101,4,A123,27,A143,A152,2,A172,1,A191,A201,1,0,1,3574.0,INDIA
A14,27,A34,A42,1245.0,A64,A72,4,A93,A101,2,A121,32,A142,A152,2,A172,2,A192,A201,1,0,1,15066.0,INDIA
A14,21,A32,A43,794.0,A65,A75,4,A93,A101,3,A122,41,A143,A152,1,A173,1,A192,A201,1,0,0,10264.0,INDIA
A11,24,A32,A40,226.0,A65,A75,4,A92,A101,2,A123,29,A141,A152,1,A173,1,A191,A201,2,1,0,2865.0,INDIA
A12,36,A32,A40,3989.0,A65,A73,1,A93,A101,4,A124,37,A143,A153,1,A173,1,A192,A201,2,1,1,68571.0,INDIA
A12,54,A30,A49,4405.0,A61,A72,3,A93,A101,4,A124,58,A143,A151,1,A173,1,A192,A201,2,1,1,102823.0,INDIA
A11,18,A32,A42,1293.0,A61,A73,2,A93,A102,3,A123,42,A143,A152,1,A173,1,A191,A201,2,1,0,32216.0,INDIA
A14,24,A32,A41,725.0,A64,A73,2,A92,A101,4,A123,28,A143,A151,1,A173,1,A192,A201,1,0,0,15506.0,INDIA
A14,12,A34,A40,367.0,A63,A73,4,A93,A101,4,A121,44,A143,A152,1,A173,1,A192,A201,1,0,0,4983.0,INDIA
A14,24,A34,A41,539.0,A65,A74,4,A93,A101,4,A123,43,A143,A152,2,A173,2,A192,A201,1,0,1,13024.0,INDIA
A13,36,A32,A43,1042.0,A61,A73,4,A93,A101,2,A123,26,A143,A152,1,A173,1,A191,A201,2,1,1,17969.0,INDIA
A14,21,A32,A41,1659.0,A65,A73,1,A93,A101,3,A123,26,A143,A152,1,A173,1,A191,A201,1,0,1,18628.0,INDIA
A14,24,A34,A41,745.0,A61,A74,4,A93,A101,3,A123,35,A143,A152,2,A173,1,A192,A201,1,0,1,11874.0,INDIA
A11,15,A30,A40,251.0,A61,A75,4,A93,A101,3,A123,33,A143,A151,2,A173,2,A191,A201,2,1,0,4221.0,INDIA
A12,12,A32,A43,411.0,A61,A72,1,A94,A101,1,A121,23,A143,A151,1,A173,1,A191,A201,2,1,1,6505.0,INDIA
A12,45,A34,A43,1310.0,A61,A72,4,A93,A101,2,A122,25,A143,A152,2,A172,1,A191,A201,2,1,0,33128.0,INDIA
A12,18,A32,A43,304.0,A61,A73,4,A92,A103,4,A121,26,A143,A152,1,A172,2,A191,A201,1,0,0,7410.0,INDIA
A14,6,A34,A43,482.0,A65,A73,1,A93,A101,2,A121,34,A143,A152,2,A172,2,A191,A201,1,0,0,11203.0,INDIA
A11,24,A34,A41,927.0,A61,A75,4,A93,A101,4,A122,63,A143,A152,2,A173,1,A192,A201,1,0,1,12465.0,INDIA
A14,18,A34,A43,467.0,A61,A73,4,A93,A101,2,A123,24,A143,A152,2,A173,1,A191,A201,1,0,0,11777.0,INDIA
A11,48,A30,A41,1369.0,A61,A75,3,A93,A101,4,A124,24,A143,A153,2,A173,2,A191,A201,2,1,0,31375.0,INDIA
A14,12,A34,A49,344.0,A61,A73,4,A92,A103,2,A121,29,A143,A152,2,A174,1,A192,A201,1,0,0,4964.0,INDIA
A14,9,A32,A42,555.0,A62,A72,2,A92,A101,4,A122,22,A143,A151,1,A173,1,A191,A201,1,0,1,12436.0,INDIA
A14,24,A34,A46,564.0,A65,A73,3,A92,A101,2,A123,33,A143,A152,2,A173,1,A192,A201,1,0,1,11004.0,INDIA
A14,12,A32,A43,607.0,A65,A73,4,A93,A101,4,A124,37,A143,A153,1,A173,1,A192,A201,1,0,0,11371.0,INDIA
A12,18,A30,A40,668.0,A62,A72,3,A92,A101,3,A123,28,A143,A152,2,A173,1,A191,A201,2,1,0,8666.0,INDIA
A11,15,A32,A49,198.0,A61,A73,4,A92,A101,4,A122,22,A143,A152,1,A172,1,A191,A201,1,0,1,3984.0,INDIA
A12,24,A32,A41,1307.0,A63,A72,3,A92,A101,4,A123,28,A143,A151,1,A173,1,A191,A201,2,1,0,16676.0,INDIA
A14,36,A33,A49,2401.0,A65,A72,4,A93,A101,4,A123,27,A143,A151,2,A173,1,A192,A201,2,1,0,33352.0,INDIA
A14,9,A32,A42,717.0,A62,A72,2,A92,A101,4,A122,22,A143,A151,1,A173,1,A191,A201,1,0,0,9560.0,INDIA
A13,12,A31,A43,102.0,A64,A73,3,A92,A101,3,A121,42,A143,A151,2,A173,1,A191,A201,1,0,1,2835.0,INDIA
A14,12,A32,A40,170.0,A61,A73,4,A91,A101,2,A121,49,A143,A152,1,A172,1,A191,A201,1,0,0,2722.0,INDIA
A12,12,A32,A43,358.0,A61,A72,2,A93,A101,1,A123,22,A142,A152,1,A173,1,A191,A201,2,1,1,6176.0,INDIA
A12,10,A32,A42,431.0,A61,A73,4,A91,A101,2,A123,31,A143,A152,1,A172,1,A191,A201,1,0,0,7184.0,INDIA
A14,12,A34,A42,331.0,A61,A72,2,A92,A101,4,A122,22,A143,A151,2,A172,1,A191,A201,1,0,0,8874.0,INDIA
A12,9,A34,A43,281.0,A61,A75,2,A93,A101,4,A121,37,A143,A152,3,A172,1,A191,A201,1,0,1,5875.0,INDIA
A11,24,A34,A41,1779.0,A61,A71,2,A93,A101,4,A124,75,A143,A153,2,A174,1,A192,A201,1,0,1,48348.0,INDIA
A11,42,A33,A43,1133.0,A61,A74,3,A93,A101,2,A122,26,A141,A152,2,A173,2,A192,A201,2,1,0,18444.0,INDIA
A14,10,A32,A40,354.0,A65,A73,4,A93,A103,4,A122,27,A143,A152,1,A172,1,A191,A201,2,1,0,4609.0,INDIA
A12,24,A32,A43,957.0,A63,A71,1,A92,A101,4,A124,23,A143,A151,1,A171,1,A191,A201,1,0,0,19895.0,INDIA
A11,9,A32,A40,170.0,A61,A73,4,A93,A101,3,A123,28,A143,A152,1,A172,1,A191,A201,2,1,0,2904.0,INDIA
A13,36,A32,A43,1224.0,A61,A73,4,A93,A101,2,A123,26,A143,A152,1,A173,1,A191,A201,2,1,0,30739.0,INDIA
A12,18,A30,A42,878.0,A61,A73,1,A92,A101,4,A123,33,A141,A152,2,A173,1,A192,A201,1,0,0,23248.0,INDIA
A14,15,A32,A41,1243.0,A61,A73,3,A93,A101,2,A123,30,A143,A152,1,A173,1,A192,A201,1,0,0,24011.0,INDIA
A14,30,A33,A49,1208.0,A62,A73,2,A93,A101,2,A122,26,A143,A152,2,A172,1,A191,A201,1,0,1,33940.0,INDIA
A14,18,A33,A43,703.0,A61,A71,2,A94,A101,3,A121,34,A143,A152,2,A173,1,A191,A201,1,0,1,14575.0,INDIA
A13,18,A31,A43,390.0,A65,A74,4,A93,A101,4,A123,49,A141,A152,1,A172,1,A191,A201,1,0,0,6150.0,INDIA
A12,9,A34,A43,332.0,A61,A75,2,A93,A101,4,A121,37,A143,A152,3,A172,1,A191,A201,1,0,0,6509.0,INDIA
A12,15,A32,A43,461.0,A65,A72,4,A93,A101,1,A122,23,A143,A152,1,A173,1,A191,A201,1,0,1,5374.0,INDIA
A12,9,A31,A40,405.0,A62,A74,2,A93,A101,3,A124,29,A143,A152,1,A173,1,A191,A201,2,1,0,10186.0,INDIA
A11,24,A31,A40,375.0,A61,A71,1,A92,A102,4,A124,29,A143,A151,2,A171,1,A191,A201,2,1,0,4794.0,INDIA
A11,39,A34,A42,4320.0,A65,A74,4,A93,A101,4,A122,30,A143,A152,2,A174,1,A192,A201,1,0,0,70995.0,INDIA
A14,15,A32,A41,926.0,A62,A72,1,A92,A101,4,A123,23,A143,A152,1,A173,1,A192,A201,1,0,0,19399.0,INDIA
A14,12,A32,A43,213.0,A61,A73,4,A94,A101,2,A121,28,A143,A152,1,A173,1,A191,A201,1,0,0,2504.0,INDIA
A12,9,A32,A43,628.0,A61,A73,2,A93,A101,2,A121,37,A143,A152,1,A172,2,A191,A201,1,0,0,7785.0,INDIA
A14,24,A32,A41,860.0,A61,A72,4,A92,A101,1,A124,29,A143,A152,1,A174,1,A192,A201,1,0,0,19996.0,INDIA
A12,24,A32,A43,544.0,A61,A75,4,A92,A101,4,A123,20,A143,A152,1,A173,1,A192,A201,1,0,0,6671.0,INDIA
A13,24,A32,A40,233.0,A61,A74,4,A93,A101,3,A124,38,A141,A153,1,A173,2,A191,A201,2,1,0,4519.0,INDIA
A12,24,A32,A42,1241.0,A65,A73,1,A92,A101,4,A122,48,A143,A152,1,A172,1,A192,A201,1,0,0,21049.0,INDIA
A14,24,A34,A42,1280.0,A61,A75,4,A93,A101,4,A123,33,A143,A152,1,A173,1,A192,A201,1,0,1,19218.0,INDIA
A14,15,A32,A41,1402.0,A61,A73,3,A93,A101,2,A123,30,A143,A152,1,A173,1,A192,A201,1,1,1,20080.0,INDIA
A11,36,A32,A410,4450.0,A61,A71,2,A91,A102,3,A123,43,A143,A152,1,A174,1,A191,A201,1,0,0,108740.0,INDIA
A12,18,A32,A43,259.0,A61,A73,4,A94,A103,2,A121,25,A143,A152,1,A172,1,A191,A201,1,0,0,7187.0,INDIA
A14,24,A34,A43,1587.0,A61,A72,3,A94,A101,3,A124,47,A143,A153,3,A173,1,A192,A201,1,0,1,21372.0,INDIA
A12,6,A33,A42,305.0,A61,A71,4,A93,A101,1,A122,35,A142,A152,2,A174,1,A192,A201,1,0,1,8507.0,INDIA
A14,30,A34,A43,819.0,A61,A73,4,A92,A101,2,A123,33,A143,A152,1,A173,1,A192,A201,1,0,0,17582.0,INDIA
A11,18,A34,A40,1195.0,A61,A75,1,A92,A101,4,A121,33,A141,A151,3,A173,1,A192,A201,2,1,1,26640.0,INDIA
A14,60,A34,A40,4247.0,A65,A75,2,A93,A101,4,A124,63,A141,A153,1,A174,1,A192,A201,1,0,0,99782.0,INDIA
A14,36,A32,A49,1786.0,A62,A74,2,A93,A101,2,A123,31,A143,A152,2,A173,1,A192,A201,1,0,1,41779.0,INDIA
A12,36,A32,A43,644.0,A62,A73,4,A92,A102,4,A124,50,A143,A153,1,A173,1,A191,A201,2,1,1,16376.0,INDIA
A11,6,A32,A46,128.0,A61,A72,4,A92,A101,4,A122,23,A143,A152,1,A173,1,A191,A201,2,1,0,2497.0,INDIA
A14,12,A32,A43,548.0,A62,A74,3,A93,A101,1,A124,35,A143,A152,1,A173,1,A191,A201,1,0,1,11172.0,INDIA
A12,15,A32,A45,816.0,A62,A73,3,A92,A101,2,A121,25,A143,A152,1,A172,1,A191,A201,1,0,1,13627.0,INDIA
A12,18,A32,A40,1831.0,A61,A74,3,A93,A101,3,A121,28,A143,A151,1,A172,1,A191,A201,1,0,1,23533.0,INDIA
A12,48,A33,A49,1826.0,A65,A73,4,A93,A101,4,A124,38,A143,A153,1,A173,2,A192,A201,1,0,1,41446.0,INDIA
A12,36,A32,A42,2293.0,A62,A72,4,A93,A102,1,A124,29,A143,A151,1,A174,1,A192,A201,2,1,1,26579.0,INDIA
A11,12,A32,A42,432.0,A61,A73,2,A92,A102,3,A122,30,A143,A152,1,A173,1,A191,A201,1,0,1,6848.0,INDIA
A12,36,A32,A40,3681.0,A65,A73,1,A93,A101,4,A124,37,A143,A153,1,A173,1,A192,A201,2,1,1,46596.0,INDIA
A14,24,A32,A43,391.0,A61,A72,4,A92,A101,3,A123,38,A142,A152,1,A173,1,A192,A201,1,1,1,5614.0,INDIA
A14,39,A32,A41,2111.0,A62,A75,4,A93,A101,2,A123,45,A143,A152,1,A174,1,A192,A201,1,0,0,46952.0,INDIA
A12,6,A32,A43,184.0,A61,A72,3,A94,A101,3,A121,26,A143,A152,1,A172,1,A191,A202,1,0,0,4059.0,INDIA
A14,18,A34,A43,676.0,A61,A73,2,A92,A101,1,A123,25,A143,A152,2,A173,1,A191,A201,1,0,0,12446.0,INDIA
A14,18,A32,A43,287.0,A65,A72,4,A92,A101,2,A121,21,A143,A151,1,A173,1,A192,A201,1,0,1,3612.0,INDIA
A12,18,A32,A40,1644.0,A61,A74,3,A93,A101,3,A121,28,A143,A151,1,A172,1,A191,A201,1,0,0,30623.0,INDIA
A11,21,A32,A43,1073.0,A64,A72,4,A92,A101,2,A123,29,A141,A152,1,A173,1,A191,A201,1,0,0,18465.0,INDIA
A11,18,A32,A43,773.0,A61,A73,4,A93,A101,4,A124,65,A143,A153,2,A173,1,A191,A201,2,1,0,18305.0,INDIA
A11,36,A33,A49,621.0,A61,A74,2,A93,A101,1,A123,24,A143,A152,2,A173,1,A192,A201,2,1,1,13160.0,INDIA
A14,24,A32,A43,1568.0,A65,A72,1,A92,A101,1,A123,44,A143,A152,2,A173,1,A192,A201,2,1,1,30814.0,INDIA
A14,18,A34,A43,474.0,A61,A73,4,A93,A101,2,A123,24,A143,A152,2,A173,1,A191,A201,1,0,1,9277.0,INDIA
A12,18,A32,A40,1511.0,A61,A74,3,A93,A101,3,A121,28,A143,A151,1,A172,1,A191,A201,1,0,1,42318.0,INDIA
A12,48,A32,A43,1780.0,A61,A73,2,A92,A101,2,A121,22,A143,A152,1,A173,1,A191,A201,2,1,0,43273.0,INDIA
A12,15,A32,A45,316.0,A61,A75,4,A93,A101,4,A123,38,A143,A152,2,A172,1,A191,A201,1,0,0,6240.0,INDIA
A14,10,A32,A40,325.0,A61,A73,2,A92,A101,4,A123,64,A143,A152,1,A173,1,A192,A201,1,0,1,6316.0,INDIA
A12,24,A33,A43,465.0,A62,A74,3,A92,A101,2,A122,23,A143,A151,2,A173,1,A192,A201,1,0,0,5332.0,INDIA
A14,36,A33,A40,3455.0,A61,A75,2,A93,A101,2,A123,45,A143,A152,2,A173,2,A192,A201,1,0,0,95317.0,INDIA
A11,30,A32,A41,1163.0,A61,A73,4,A91,A101,4,A122,40,A143,A152,1,A174,1,A192,A201,1,0,1,19326.0,INDIA
A12,36,A31,A44,1108.0,A65,A72,3,A92,A101,2,A124,29,A141,A152,1,A171,1,A191,A201,1,0,0,17179.0,INDIA
A14,15,A32,A41,1299.0,A61,A73,3,A93,A101,2,A123,30,A143,A152,1,A173,1,A192,A201,1,1,1,37138.0,INDIA
A14,30,A33,A49,1173.0,A62,A73,2,A93,A101,2,A122,26,A143,A152,2,A172,1,A191,A201,1,0,0,27740.0,INDIA
A14,24,A33,A49,2294.0,A61,A72,2,A93,A101,2,A123,27,A141,A152,2,A173,1,A192,A201,2,1,1,27146.0,INDIA
A14,60,A33,A43,4411.0,A61,A74,2,A93,A101,4,A123,21,A143,A152,2,A173,1,A192,A201,1,0,0,53325.0,INDIA
A11,12,A34,A40,959.0,A61,A73,3,A92,A102,2,A121,29,A143,A152,2,A173,1,A191,A201,2,1,0,10979.0,INDIA
A14,12,A32,A43,364.0,A61,A73,3,A93,A101,2,A123,25,A143,A152,1,A173,1,A191,A201,1,0,0,7845.0,INDIA
A14,24,A34,A43,1599.0,A61,A72,3,A94,A101,3,A124,47,A143,A153,3,A173,1,A192,A201,1,0,0,19603.0,INDIA
A13,24,A34,A49,410.0,A64,A73,2,A91,A101,4,A121,36,A143,A152,2,A173,1,A192,A201,1,0,0,11245.0,INDIA
A14,36,A32,A49,1405.0,A62,A74,2,A93,A101,2,A123,31,A143,A152,2,A173,1,A192,A201,1,0,0,38623.0,INDIA
A12,9,A32,A43,573.0,A61,A73,2,A93,A101,2,A121,37,A143,A152,1,A172,2,A191,A201,1,0,0,11810.0,INDIA
A14,36,A34,A41,1479.0,A61,A75,2,A93,A101,2,A122,35,A143,A152,2,A173,2,A192,A201,1,0,1,32320.0,INDIA
A14,12,A34,A43,192.0,A61,A75,4,A93,A101,4,A121,52,A143,A152,3,A173,1,A191,A201,1,0,0,3098.0,INDIA
A11,12,A30,A40,284.0,A61,A73,4,A93,A101,4,A123,48,A141,A152,2,A173,1,A191,A201,2,1,0,3444.0,INDIA
A11,42,A34,A45,858.0,A61,A71,4,A93,A102,4,A123,65,A143,A152,2,A171,1,A191,A201,1,0,0,20574.0,INDIA
A14,27,A33,A49,1546.0,A61,A74,3,A93,A101,4,A123,26,A143,A152,2,A173,1,A191,A201,1,0,0,19776.0,INDIA
A14,24,A34,A42,1056.0,A64,A73,4,A93,A101,4,A121,50,A143,A152,1,A173,1,A192,A201,1,0,0,13206.0,INDIA
A14,12,A32,A42,557.0,A61,A73,3,A93,A101,2,A121,24,A143,A151,1,A172,1,A191,A201,1,0,0,9178.0,INDIA
A14,18,A32,A43,355.0,A61,A72,3,A94,A101,4,A121,39,A143,A152,1,A173,1,A192,A201,1,0,1,3983.0,INDIA
A11,30,A32,A42,757.0,A61,A72,2,A91,A101,4,A122,31,A143,A152,1,A172,1,A191,A201,2,1,1,14110.0,INDIA
A13,42,A34,A41,1304.0,A61,A75,4,A93,A101,4,A124,56,A143,A153,1,A173,1,A191,A201,1,0,0,30586.0,INDIA
A14,24,A32,A43,465.0,A62,A73,4,A93,A101,4,A123,29,A143,A151,1,A174,1,A192,A201,1,0,0,11673.0,INDIA
A14,12,A32,A43,230.0,A65,A73,4,A92,A101,2,A123,21,A143,A152,1,A173,1,A191,A201,1,0,1,4976.0,INDIA
A14,18,A34,A43,352.0,A61,A71,4,A92,A101,4,A123,65,A143,A152,2,A171,1,A191,A201,1,0,0,9119.0,INDIA
A14,15,A32,A41,332.0,A65,A75,4,A93,A101,4,A124,45,A141,A153,1,A173,2,A191,A201,1,0,0,6027.0,INDIA
A12,12,A32,A42,242.0,A62,A72,4,A92,A101,4,A123,27,A141,A151,4,A173,1,A191,A201,2,1,1,6277.0,INDIA
A14,48,A32,A49,1386.0,A61,A71,3,A93,A101,2,A123,33,A141,A151,1,A174,1,A192,A201,2,1,0,27601.0,INDIA
A11,21,A32,A40,1053.0,A65,A74,2,A93,A102,2,A121,24,A143,A152,1,A172,1,A191,A202,1,0,0,15716.0,INDIA
A11,12,A32,A40,218.0,A61,A74,4,A93,A101,2,A121,26,A143,A152,1,A173,1,A191,A201,2,1,1,6020.0,INDIA
A11,18,A32,A40,263.0,A61,A72,1,A92,A101,2,A123,23,A143,A152,1,A172,1,A191,A201,2,1,0,4166.0,INDIA
A11,18,A32,A42,757.0,A61,A73,2,A93,A101,2,A123,22,A143,A152,1,A173,1,A191,A201,2,1,0,8676.0,INDIA
A14,18,A32,A43,512.0,A61,A72,4,A93,A101,1,A121,33,A143,A152,1,A173,1,A191,A201,1,0,0,7819.0,INDIA
A14,9,A34,A46,256.0,A63,A75,4,A93,A101,2,A123,52,A143,A152,2,A173,1,A192,A201,1,0,1,4468.0,INDIA
A13,10,A34,A40,231.0,A61,A75,4,A93,A101,4,A124,63,A143,A153,2,A173,1,A192,A201,1,0,0,3969.0,INDIA
A12,9,A31,A41,1595.0,A61,A75,2,A92,A101,4,A124,74,A141,A153,1,A174,2,A192,A201,2,1,0,32273.0,INDIA
A11,8,A34,A40,914.0,A61,A74,1,A93,A101,4,A121,39,A143,A152,2,A172,1,A191,A202,1,0,0,24260.0,INDIA
A12,12,A32,A48,215.0,A65,A75,4,A93,A101,4,A122,38,A143,A152,2,A173,1,A191,A201,1,0,0,3471.0,INDIA
A14,6,A33,A49,425.0,A62,A73,1,A93,A101,2,A121,34,A143,A152,2,A172,1,A191,A201,1,0,0,8570.0,INDIA
A11,24,A32,A41,709.0,A65,A75,2,A92,A101,4,A121,26,A143,A151,1,A173,1,A191,A201,1,0,0,12043.0,INDIA
A12,18,A34,A42,1551.0,A61,A75,2,A93,A101,1,A124,41,A143,A152,1,A173,1,A192,A201,1,0,1,39493.0,INDIA
A14,21,A34,A40,3793.0,A65,A75,4,A93,A101,4,A124,30,A143,A153,1,A174,1,A192,A201,2,1,0,52244.0,INDIA
A11,12,A32,A40,496.0,A61,A73,4,A92,A103,4,A122,29,A143,A152,1,A173,1,A192,A201,1,0,1,6360.0,INDIA
A12,9,A32,A43,499.0,A61,A72,4,A92,A101,2,A123,22,A143,A152,1,A173,1,A192,A201,2,1,0,9907.0,INDIA
A14,24,A33,A49,2106.0,A61,A72,2,A93,A101,2,A123,27,A141,A152,2,A173,1,A192,A201,2,1,0,48070.0,INDIA
A14,15,A34,A43,453.0,A61,A73,4,A92,A101,2,A123,43,A143,A152,1,A172,1,A191,A201,1,0,1,11326.0,INDIA
A14,15,A32,A40,1096.0,A65,A73,3,A93,A101,2,A124,29,A143,A152,1,A173,1,A191,A201,1,0,0,23430.0,INDIA
A11,12,A32,A40,186.0,A61,A74,4,A93,A101,2,A121,26,A143,A152,1,A173,1,A191,A201,2,1,1,4579.0,INDIA
A11,6,A34,A40,206.0,A61,A75,1,A92,A101,4,A124,39,A143,A152,2,A173,1,A192,A201,1,0,0,3690.0,INDIA
A14,12,A34,A40,166.0,A62,A74,4,A92,A101,3,A123,51,A143,A152,2,A173,1,A192,A201,1,0,1,1922.0,INDIA
A14,27,A34,A42,1402.0,A64,A72,4,A93,A101,2,A121,32,A142,A152,2,A172,2,A192,A201,1,0,0,18287.0,INDIA
A14,18,A34,A43,162.0,A63,A75,4,A93,A101,3,A122,32,A141,A152,2,A174,1,A192,A201,1,1,1,1892.0,INDIA
A11,18,A32,A43,382.0,A61,A73,4,A94,A101,3,A121,26,A141,A152,1,A173,1,A191,A201,2,1,0,6414.0,INDIA
A14,10,A32,A40,388.0,A62,A73,3,A93,A101,2,A121,35,A143,A151,1,A172,1,A191,A202,1,0,0,7652.0,INDIA
A14,30,A32,A43,569.0,A65,A75,4,A93,A101,4,A123,58,A143,A152,1,A173,1,A192,A201,1,0,0,9827.0,INDIA
A12,30,A33,A43,536.0,A62,A72,4,A93,A101,3,A124,30,A142,A152,2,A174,1,A191,A201,2,1,0,11184.0,INDIA
A11,42,A33,A43,1224.0,A61,A74,3,A93,A101,2,A122,26,A141,A152,2,A173,2,A192,A201,2,1,0,23817.0,INDIA
A14,12,A34,A45,320.0,A65,A74,4,A92,A101,4,A121,23,A143,A152,2,A173,1,A191,A201,1,0,0,7338.0,INDIA
A11,15,A32,A44,320.0,A65,A73,4,A92,A101,2,A123,24,A143,A151,1,A173,1,A191,A201,2,1,1,7276.0,INDIA
A13,6,A34,A40,413.0,A61,A75,1,A93,A101,4,A121,46,A143,A152,2,A173,2,A191,A202,1,0,0,6855.0,INDIA
A11,18,A32,A46,182.0,A61,A71,4,A92,A101,1,A121,27,A143,A152,1,A171,1,A191,A201,2,1,1,3111.0,INDIA
A14,36,A34,A41,1588.0,A64,A75,4,A93,A101,2,A123,38,A143,A152,2,A174,1,A192,A201,1,0,0,33822.0,INDIA
A14,13,A32,A43,440.0,A62,A71,2,A92,A101,4,A121,64,A143,A152,1,A173,1,A191,A201,1,0,1,9459.0,INDIA
A12,24,A32,A41,1209.0,A63,A72,3,A92,A101,4,A123,28,A143,A151,1,A173,1,A191,A201,2,1,0,19995.0,INDIA
A11,9,A32,A40,193.0,A61,A73,4,A93,A101,3,A123,28,A143,A152,1,A172,1,A191,A201,2,1,0,3245.0,INDIA
A12,48,A30,A40,2174.0,A63,A72,1,A92,A101,1,A123,30,A143,A152,2,A173,1,A191,A201,1,0,0,50470.0,INDIA
A14,6,A32,A43,368.0,A62,A75,2,A93,A101,4,A124,42,A141,A153,1,A173,2,A192,A201,1,0,0,8241.0,INDIA
A11,24,A32,A40,371.0,A65,A73,4,A92,A101,2,A122,35,A143,A152,1,A173,1,A191,A201,2,1,0,4963.0,INDIA
A12,24,A34,A43,491.0,A61,A75,4,A93,A101,2,A122,48,A143,A152,2,A172,1,A191,A201,1,0,0,9212.0,INDIA
A14,10,A32,A40,356.0,A65,A75,4,A93,A102,2,A122,45,A143,A152,1,A172,1,A191,A202,1,0,0,9509.0,INDIA
A11,12,A32,A44,197.0,A62,A71,4,A92,A101,3,A122,22,A143,A152,1,A173,1,A191,A201,2,1,0,2293.0,INDIA
A11,18,A34,A40,1398.0,A61,A75,2,A93,A101,4,A124,36,A143,A153,3,A174,1,A192,A201,1,0,0,36419.0,INDIA
A14,21,A34,A40,3285.0,A65,A75,4,A93,A101,4,A124,30,A143,A153,1,A174,1,A192,A201,2,1,1,45569.0,INDIA
A11,18,A32,A42,661.0,A61,A73,2,A93,A101,2,A123,22,A143,A152,1,A173,1,A191,A201,2,1,1,13172.0,INDIA
A14,15,A34,A43,366.0,A61,A73,4,A92,A101,2,A123,43,A143,A152,1,A172,1,A191,A201,1,0,1,6759.0,INDIA
A11,12,A32,A42,578.0,A61,A72,4,A92,A101,1,A123,22,A143,A151,1,A173,1,A191,A201,1,0,0,6461.0,INDIA
A14,30,A34,A43,1718.0,A61,A74,3,A93,A102,2,A123,38,A143,A152,1,A173,1,A191,A201,1,0,0,46577.0,INDIA
A14,24,A32,A41,1948.0,A61,A74,3,A93,A101,3,A123,38,A143,A152,1,A174,1,A192,A201,1,0,0,37025.0,INDIA
A12,48,A32,A43,1763.0,A61,A73,2,A92,A101,2,A121,22,A143,A152,1,A173,1,A191,A201,2,1,0,49003.0,INDIA
A11,21,A32,A43,806.0,A61,A72,4,A92,A101,4,A122,28,A143,A151,1,A174,1,A192,A201,1,1,1,12934.0,INDIA
A11,10,A34,A40,268.0,A61,A74,4,A93,A102,3,A122,49,A143,A152,2,A173,1,A192,A201,1,0,0,7034.0,INDIA
A14,24,A33,A42,1040.0,A62,A73,2,A93,A101,3,A122,35,A143,A152,2,A173,1,A191,A201,1,0,0,28323.0,INDIA
A12,12,A32,A42,459.0,A61,A73,4,A93,A101,2,A122,37,A143,A152,1,A172,1,A191,A201,2,1,1,9547.0,INDIA
A14,12,A30,A42,668.0,A61,A75,2,A93,A101,4,A122,34,A143,A152,2,A173,1,A191,A201,1,0,1,9731.0,INDIA
A14,48,A34,A46,1845.0,A61,A73,1,A93,A101,3,A124,31,A141,A153,1,A173,1,A192,A201,1,0,1,42546.0,INDIA
A14,6,A34,A43,609.0,A65,A73,1,A93,A101,2,A121,34,A143,A152,2,A172,2,A191,A201,1,0,1,12583.0,INDIA
A14,12,A32,A43,740.0,A64,A74,2,A91,A101,4,A121,61,A143,A152,1,A172,1,A191,A201,1,0,1,20442.0,INDIA
A14,12,A32,A43,644.0,A62,A74,3,A93,A101,1,A124,35,A143,A152,1,A173,1,A191,A201,1,0,0,12063.0,INDIA
A12,36,A34,A43,570.0,A61,A75,4,A93,A101,4,A121,36,A143,A152,1,A173,1,A191,A201,1,0,0,8964.0,INDIA
A12,30,A30,A49,1215.0,A61,A73,2,A92,A101,1,A123,28,A143,A152,2,A173,1,A191,A201,1,0,0,16322.0,INDIA
A12,36,A33,A40,2241.0,A61,A73,2,A92,A101,2,A122,54,A143,A151,1,A173,1,A191,A201,1,0,0,52206.0,INDIA
A12,12,A34,A44,382.0,A61,A74,4,A93,A101,3,A122,26,A143,A152,1,A173,1,A191,A201,1,0,0,10751.0,INDIA
A12,48,A32,A40,2028.0,A65,A74,1,A92,A101,2,A123,24,A143,A152,1,A173,1,A191,A201,1,0,0,23320.0,INDIA
A14,14,A33,A40,231.0,A61,A73,4,A93,A101,2,A123,27,A143,A152,2,A172,1,A191,A201,1,0,0,5551.0,INDIA
A14,10,A32,A43,618.0,A61,A73,1,A93,A101,4,A122,38,A143,A152,1,A173,1,A192,A202,1,0,0,16880.0,INDIA
A14,18,A32,A41,877.0,A65,A73,2,A93,A101,1,A122,31,A143,A152,1,A173,1,A192,A201,1,0,0,10801.0,INDIA
A12,12,A34,A40,601.0,A63,A74,3,A91,A101,3,A123,36,A143,A152,1,A174,1,A192,A201,1,0,0,7776.0,INDIA
A14,60,A32,A40,2575.0,A61,A75,2,A93,A101,4,A122,42,A143,A152,1,A174,1,A192,A201,1,0,0,59684.0,INDIA
A11,24,A32,A42,952.0,A61,A75,4,A93,A101,2,A122,39,A143,A151,1,A174,1,A192,A201,2,1,0,21329.0,INDIA
A12,9,A31,A40,414.0,A62,A74,2,A93,A101,3,A124,29,A143,A152,1,A173,1,A191,A201,2,1,1,5056.0,INDIA
A11,9,A34,A40,852.0,A61,A73,2,A93,A101,2,A121,36,A143,A151,2,A173,2,A191,A201,1,0,0,21884.0,INDIA
A11,18,A32,A43,783.0,A61,A73,4,A93,A101,4,A124,65,A143,A153,2,A173,1,A191,A201,2,1,0,15826.0,INDIA
A14,15,A32,A43,1117.0,A61,A75,4,A92,A101,2,A123,54,A141,A151,1,A174,1,A192,A201,1,0,1,30122.0,INDIA
A12,18,A32,A40,319.0,A65,A73,4,A92,A101,2,A122,33,A143,A152,1,A173,1,A191,A201,2,1,0,8438.0,INDIA
A12,12,A32,A41,525.0,A65,A73,4,A93,A101,2,A123,30,A143,A152,1,A173,1,A191,A201,1,0,0,13283.0,INDIA
A12,9,A34,A42,546.0,A61,A74,4,A93,A101,3,A123,35,A143,A151,1,A173,1,A192,A201,1,0,1,10964.0,INDIA
A14,24,A34,A41,1063.0,A65,A74,3,A93,A101,4,A122,43,A143,A152,2,A173,1,A192,A201,1,0,0,16402.0,INDIA
A14,24,A33,A42,1103.0,A62,A73,2,A93,A101,3,A122,35,A143,A152,2,A173,1,A191,A201,1,0,0,21955.0,INDIA
A12,48,A32,A43,3467.0,A64,A74,1,A93,A102,2,A124,27,A141,A152,2,A173,1,A192,A201,2,1,1,44288.0,INDIA
A13,15,A32,A46,116.0,A61,A72,4,A92,A101,4,A122,23,A143,A151,1,A173,1,A192,A201,1,0,0,2621.0,INDIA
A14,39,A32,A41,2747.0,A62,A75,4,A93,A101,2,A123,45,A143,A152,1,A174,1,A192,A201,1,0,0,36694.0,INDIA
A11,9,A32,A40,179.0,A61,A73,4,A93,A101,3,A123,28,A143,A152,1,A172,1,A191,A201,2,1,1,3579.0,INDIA
A12,36,A34,A43,662.0,A61,A75,4,A93,A101,4,A121,36,A143,A152,1,A173,1,A191,A201,1,0,0,7916.0,INDIA
A13,36,A32,A43,1631.0,A61,A73,4,A93,A101,1,A123,24,A143,A152,1,A173,1,A191,A201,1,0,0,26539.0,INDIA
A14,24,A34,A41,1434.0,A64,A73,4,A93,A101,2,A121,27,A143,A152,2,A173,1,A191,A201,1,0,1,21631.0,INDIA
A14,11,A32,A49,552.0,A64,A75,1,A91,A101,2,A121,28,A143,A152,1,A173,1,A192,A201,1,0,0,12096.0,INDIA
A14,36,A33,A41,2526.0,A65,A74,3,A93,A101,2,A123,31,A142,A152,1,A174,2,A192,A201,1,0,0,62765.0,INDIA
A14,36,A32,A43,876.0,A61,A75,4,A93,A101,2,A123,28,A143,A152,1,A173,1,A191,A201,1,0,1,10519.0,INDIA
A11,15,A32,A44,403.0,A65,A73,4,A92,A101,2,A123,24,A143,A151,1,A173,1,A191,A201,2,1,0,10464.0,INDIA
A14,15,A32,A40,1322.0,A63,A75,1,A92,A101,4,A124,35,A143,A153,1,A173,1,A191,A201,1,0,1,34570.0,INDIA
A13,12,A32,A43,768.0,A61,A73,3,A94,A101,1,A123,24,A143,A152,1,A173,1,A191,A201,1,0,0,13074.0,INDIA
A14,15,A32,A44,381.0,A63,A74,4,A93,A101,3,A122,36,A143,A152,2,A173,1,A192,A201,1,0,0,8610.0,INDIA
A12,20,A30,A41,1513.0,A62,A75,3,A94,A101,4,A123,31,A141,A152,2,A173,1,A192,A201,1,0,0,27364.0,INDIA
A13,30,A34,A43,1147.0,A65,A75,4,A93,A101,4,A122,49,A142,A152,2,A172,1,A191,A201,1,1,1,15730.0,INDIA
A14,6,A32,A46,460.0,A61,A72,1,A92,A101,2,A124,56,A143,A152,1,A173,1,A191,A201,1,0,0,9340.0,INDIA
A14,12,A32,A42,423.0,A61,A74,3,A92,A101,4,A121,31,A143,A152,1,A172,1,A191,A201,1,0,1,5296.0,INDIA
A14,24,A34,A43,850.0,A62,A75,3,A93,A101,4,A121,36,A143,A152,1,A173,2,A192,A201,1,0,1,22492.0,INDIA
A14,24,A32,A48,273.0,A61,A72,4,A94,A101,3,A123,27,A143,A152,2,A172,1,A191,A201,1,0,1,7444.0,INDIA
A14,24,A34,A46,482.0,A61,A75,4,A93,A101,4,A124,54,A143,A153,2,A173,2,A191,A201,1,0,0,12272.0,INDIA
A11,36,A34,A42,722.0,A61,A73,3,A94,A101,2,A122,46,A143,A152,2,A173,1,A192,A201,1,0,1,15090.0,INDIA
A14,18,A34,A43,717.0,A61,A73,2,A92,A101,2,A123,26,A143,A152,2,A173,1,A191,A201,1,0,0,14923.0,INDIA
A12,36,A33,A40,2135.0,A61,A73,2,A92,A101,2,A122,54,A143,A151,1,A173,1,A191,A201,1,0,0,60483.0,INDIA
A12,48,A30,A410,4884.0,A61,A73,1,A92,A101,2,A122,32,A141,A152,1,A174,1,A192,A202,2,1,1,75033.0,INDIA
A12,24,A34,A43,361.0,A62,A72,4,A93,A101,4,A124,38,A141,A152,2,A173,2,A191,A201,2,1,1,4454.0,INDIA
A14,36,A33,A41,2849.0,A65,A74,3,A93,A101,2,A123,31,A142,A152,1,A174,2,A192,A201,1,0,1,59516.0,INDIA
A12,12,A32,A42,282.0,A64,A72,1,A92,A101,4,A121,19,A143,A151,1,A172,1,A191,A201,1,0,0,4734.0,INDIA
A14,60,A32,A43,2980.0,A62,A74,2,A92,A101,4,A121,21,A143,A152,1,A173,1,A192,A201,1,0,0,49686.0,INDIA
A12,45,A32,A43,833.0,A62,A73,4,A93,A103,4,A122,21,A143,A151,1,A173,1,A191,A201,2,1,1,9267.0,INDIA
A14,18,A32,A43,444.0,A61,A72,3,A94,A101,4,A121,39,A143,A152,1,A173,1,A192,A201,1,0,0,9543.0,INDIA
A11,42,A33,A43,1406.0,A61,A74,3,A93,A101,2,A122,26,A141,A152,2,A173,2,A192,A201,2,1,1,22000.0,INDIA
A12,18,A32,A40,1475.0,A62,A73,2,A93,A101,2,A123,30,A143,A152,2,A173,1,A192,A201,1,0,0,21102.0,INDIA
A12,36,A33,A40,730.0,A62,A75,4,A93,A101,3,A124,30,A143,A153,1,A173,1,A191,A201,1,0,0,8549.0,INDIA
A14,18,A32,A43,1302.0,A61,A72,3,A93,A101,2,A123,32,A143,A152,1,A173,1,A192,A201,1,0,0,22671.0,INDIA
A11,12,A32,A40,527.0,A61,A73,4,A92,A103,4,A122,29,A143,A152,1,A173,1,A192,A201,1,0,0,13950.0,INDIA
A12,30,A34,A40,624.0,A65,A75,4,A93,A101,4,A121,36,A143,A152,2,A173,1,A191,A201,1,0,0,10561.0,INDIA
A14,24,A33,A41,1133.0,A61,A74,3,A93,A101,3,A123,35,A143,A152,2,A172,1,A192,A201,1,0,1,26004.0,INDIA
A12,60,A31,A410,4020.0,A62,A75,3,A92,A101,4,A124,60,A141,A153,2,A174,1,A192,A201,2,1,1,97747.0,INDIA
A11,6,A32,A43,760.0,A63,A73,2,A93,A101,3,A121,44,A143,A151,1,A173,2,A191,A201,1,0,1,12749.0,INDIA
A14,15,A32,A41,870.0,A61,A74,2,A93,A101,2,A123,33,A143,A152,1,A173,1,A191,A201,1,0,0,22151.0,INDIA
A13,30,A34,A43,885.0,A61,A75,4,A93,A101,4,A122,47,A143,A152,1,A173,1,A191,A201,1,0,0,20512.0,INDIA
A13,18,A32,A43,627.0,A61,A73,4,A93,A102,2,A121,37,A142,A152,1,A173,1,A191,A201,2,1,0,13068.0,INDIA
A11,24,A32,A42,919.0,A61,A72,4,A93,A101,1,A124,22,A141,A153,1,A173,1,A191,A201,1,0,0,10125.0,INDIA
A11,18,A32,A42,753.0,A61,A71,4,A93,A101,1,A123,25,A143,A152,1,A171,1,A191,A201,2,1,1,8748.0,INDIA
A13,6,A33,A43,198.0,A61,A72,2,A92,A101,1,A122,29,A141,A152,1,A173,1,A191,A201,1,0,0,5631.0,INDIA
A14,24,A34,A40,364.0,A64,A75,4,A92,A101,4,A121,37,A143,A152,2,A173,1,A192,A201,1,0,1,9016.0,INDIA
A11,24,A32,A40,396.0,A65,A73,4,A92,A101,4,A121,25,A143,A151,1,A173,1,A191,A201,2,1,1,10890.0,INDIA
A13,18,A31,A43,356.0,A65,A74,4,A93,A101,4,A123,49,A141,A152,1,A172,1,A191,A201,1,0,0,9569.0,INDIA
A14,6,A30,A43,111.0,A61,A75,4,A94,A101,4,A123,39,A143,A152,1,A172,1,A191,A201,1,0,0,1261.0,INDIA
A14,36,A30,A45,738.0,A61,A73,4,A93,A101,2,A123,27,A143,A152,2,A173,1,A191,A201,1,0,0,18403.0,INDIA
A14,18,A34,A43,748.0,A61,A73,2,A92,A101,2,A123,26,A143,A152,2,A173,1,A191,A201,1,0,1,14167.0,INDIA
A14,12,A34,A42,371.0,A61,A72,2,A92,A101,4,A122,22,A143,A151,2,A172,1,A191,A201,1,0,0,9236.0,INDIA
A14,18,A32,A43,504.0,A61,A72,4,A93,A101,1,A121,33,A143,A152,1,A173,1,A191,A201,1,0,1,5604.0,INDIA
A14,15,A34,A42,437.0,A65,A75,4,A93,A101,4,A122,63,A143,A152,1,A173,1,A191,A201,1,0,0,7024.0,INDIA
A11,9,A32,A40,365.0,A61,A72,3,A93,A101,2,A124,27,A143,A153,1,A174,1,A192,A201,2,1,0,8842.0,INDIA
A12,24,A32,A42,920.0,A62,A75,4,A93,A101,4,A124,30,A143,A153,1,A173,1,A191,A201,1,0,1,22961.0,INDIA
A12,12,A34,A43,1099.0,A61,A73,1,A92,A101,1,A121,23,A143,A152,1,A172,1,A191,A201,1,0,1,24076.0,INDIA
A14,12,A30,A42,794.0,A61,A75,2,A93,A101,4,A122,34,A143,A152,2,A173,1,A191,A201,1,0,1,12944.0,INDIA
A11,36,A32,A41,2398.0,A65,A75,3,A93,A101,4,A124,47,A143,A153,1,A173,1,A191,A201,2,1,0,39477.0,INDIA
A12,36,A33,A40,1980.0,A61,A73,2,A92,A101,2,A122,54,A143,A151,1,A173,1,A191,A201,1,0,0,55470.0,INDIA
A12,30,A30,A49,1163.0,A61,A73,2,A92,A101,1,A123,28,A143,A152,2,A173,1,A191,A201,1,0,0,21783.0,INDIA
A11,6,A34,A40,189.0,A61,A74,4,A92,A101,3,A122,37,A143,A152,2,A173,1,A191,A202,1,0,0,3566.0,INDIA
A14,24,A34,A40,604.0,A61,A73,4,A92,A101,4,A123,37,A143,A152,1,A173,1,A192,A201,1,0,0,12516.0,INDIA
A12,48,A30,A49,1083.0,A62,A74,4,A93,A101,4,A124,34,A143,A153,1,A172,2,A191,A201,2,1,1,19718.0,INDIA
A14,11,A34,A40,1944.0,A61,A73,1,A93,A101,4,A122,39,A143,A152,2,A172,1,A191,A201,1,0,0,40293.0,INDIA
A14,36,A32,A41,1135.0,A61,A73,2,A93,A101,2,A124,32,A143,A153,1,A174,1,A192,A201,1,0,1,21121.0,INDIA
A14,24,A34,A43,606.0,A65,A75,4,A93,A101,4,A122,53,A143,A152,2,A173,1,A191,A201,1,0,0,15483.0,INDIA
A14,12,A32,A42,194.0,A61,A73,4,A92,A101,1,A121,26,A143,A152,1,A173,1,A192,A201,1,0,0,5238.0,INDIA
A14,10,A32,A40,367.0,A61,A73,2,A92,A101,4,A123,64,A143,A152,1,A173,1,A192,A201,1,0,0,10058.0,INDIA
A11,12,A31,A48,108.0,A61,A75,4,A94,A101,1,A123,45,A141,A152,1,A172,1,A191,A201,1,0,0,2261.0,INDIA
A14,39,A32,A41,720.0,A63,A73,4,A93,A101,4,A123,24,A143,A152,1,A173,1,A191,A201,1,0,1,13523.0,INDIA
A14,11,A34,A40,359.0,A61,A72,4,A92,A101,4,A123,35,A143,A152,2,A174,1,A191,A201,1,0,0,8405.0,INDIA
A14,10,A34,A42,530.0,A61,A72,1,A92,A101,3,A121,23,A143,A151,2,A173,1,A191,A201,1,0,0,13650.0,INDIA
A14,36,A34,A42,1899.0,A61,A72,2,A92,A101,4,A122,23,A143,A151,2,A173,1,A192,A201,2,1,0,39705.0,INDIA
A12,36,A34,A43,716.0,A61,A75,4,A93,A101,4,A121,36,A143,A152,1,A173,1,A191,A201,1,1,1,16697.0,INDIA
A14,15,A34,A43,494.0,A61,A75,4,A93,A101,4,A123,46,A143,A152,2,A173,1,A192,A201,1,0,1,11952.0,INDIA
A11,39,A34,A42,4295.0,A65,A74,4,A93,A101,4,A122,30,A143,A152,2,A174,1,A192,A201,1,0,1,98375.0,INDIA
A14,48,A34,A46,1866.0,A61,A73,1,A93,A101,3,A124,31,A141,A153,1,A173,1,A192,A201,1,0,1,45030.0,INDIA
A14,24,A32,A43,470.0,A62,A73,4,A93,A101,4,A123,29,A143,A151,1,A174,1,A192,A201,1,0,0,6896.0,INDIA
A14,6,A33,A49,504.0,A62,A73,1,A93,A101,2,A121,34,A143,A152,2,A172,1,A191,A201,1,0,0,9965.0,INDIA
A12,36,A32,A42,2878.0,A62,A72,4,A93,A102,1,A124,29,A143,A151,1,A174,1,A192,A201,2,1,0,61455.0,INDIA
A12,36,A30,A43,1034.0,A61,A73,4,A92,A101,1,A123,42,A143,A152,1,A173,1,A192,A201,2,1,0,11419.0,INDIA
A14,36,A33,A49,2319.0,A61,A72,1,A91,A101,1,A123,28,A143,A152,2,A173,1,A191,A201,2,1,0,60445.0,INDIA
A14,24,A34,A49,1428.0,A61,A73,3,A93,A101,2,A121,74,A143,A152,1,A174,1,A192,A201,1,0,1,31040.0,INDIA
A12,36,A34,A43,730.0,A61,A75,4,A93,A101,4,A121,36,A143,A152,1,A173,1,A191,A201,1,0,0,9689.0,INDIA
A13,15,A32,A46,537.0,A61,A75,4,A93,A101,4,A123,40,A143,A151,1,A174,1,A192,A201,1,0,1,13623.0,INDIA
A11,18,A32,A43,551.0,A65,A74,2,A94,A101,4,A123,23,A143,A151,2,A172,1,A191,A201,1,0,1,13015.0,INDIA
A14,48,A34,A43,915.0,A65,A75,4,A93,A101,1,A121,47,A143,A152,1,A173,1,A192,A201,1,0,0,22277.0,INDIA
A14,24,A32,A49,1409.0,A64,A73,2,A93,A101,3,A122,54,A143,A152,3,A174,1,A192,A201,2,1,0,25221.0,INDIA
A12,30,A32,A40,602.0,A61,A73,4,A92,A103,2,A124,24,A141,A152,1,A173,1,A191,A201,2,1,1,15672.0,INDIA
A12,30,A34,A42,2020.0,A61,A74,2,A93,A101,2,A122,49,A143,A152,1,A173,1,A191,A201,2,1,0,36940.0,INDIA
A11,48,A32,A41,3041.0,A61,A74,4,A93,A101,4,A124,39,A142,A153,3,A173,2,A192,A201,2,1,0,63986.0,INDIA
A13,21,A32,A40,929.0,A62,A73,1,A92,A101,1,A123,28,A141,A152,1,A174,1,A192,A201,1,0,0,10230.0,INDIA
A14,24,A34,A43,884.0,A62,A75,3,A93,A101,4,A121,36,A143,A152,1,A173,2,A192,A201,1,0,0,19757.0,INDIA
A12,60,A33,A43,1938.0,A65,A73,1,A93,A101,1,A121,27,A143,A152,1,A172,1,A191,A201,1,0,0,45814.0,INDIA
A11,24,A32,A41,706.0,A61,A74,2,A93,A101,1,A124,34,A143,A153,1,A174,1,A192,A201,1,0,1,14813.0,INDIA
A12,12,A32,A45,203.0,A61,A73,4,A93,A101,2,A123,30,A143,A152,1,A173,1,A191,A201,2,1,0,4007.0,INDIA
A11,30,A30,A49,2557.0,A65,A72,2,A93,A101,3,A123,25,A141,A152,3,A173,1,A191,A201,1,0,0,64577.0,INDIA
A14,6,A34,A42,345.0,A65,A73,1,A94,A101,2,A122,27,A143,A152,2,A173,1,A191,A201,1,0,0,7932.0,INDIA
A14,4,A34,A40,987.0,A61,A74,1,A92,A101,1,A121,37,A143,A152,1,A173,2,A191,A201,1,0,0,15687.0,INDIA
A12,24,A33,A43,430.0,A62,A74,3,A92,A101,2,A122,23,A143,A151,2,A173,1,A192,A201,1,0,1,11988.0,INDIA
A11,48,A32,A43,1847.0,A61,A73,3,A92,A101,2,A123,31,A143,A152,1,A173,1,A192,A201,2,1,0,43308.0,INDIA
A11,24,A32,A41,722.0,A61,A74,2,A93,A101,1,A124,34,A143,A153,1,A174,1,A192,A201,1,0,0,20496.0,INDIA
A13,6,A34,A40,331.0,A61,A75,1,A93,A101,4,A121,46,A143,A152,2,A173,2,A191,A202,1,0,0,9299.0,INDIA
A14,60,A32,A40,1681.0,A65,A73,4,A93,A101,4,A124,34,A143,A153,1,A173,2,A192,A201,1,0,0,45677.0,INDIA
A14,24,A32,A41,1946.0,A65,A75,3,A93,A101,4,A123,41,A143,A152,1,A174,2,A192,A201,1,0,0,47277.0,INDIA
A14,15,A32,A43,495.0,A65,A75,4,A93,A101,2,A123,35,A143,A152,1,A173,1,A191,A201,1,0,0,10754.0,INDIA
A12,48,A33,A410,1949.0,A62,A71,2,A93,A101,4,A124,31,A143,A153,1,A174,1,A192,A201,1,0,0,27345.0,INDIA
A14,24,A32,A42,264.0,A65,A74,4,A93,A101,2,A123,31,A142,A152,1,A173,1,A192,A201,1,0,1,5429.0,INDIA
A11,18,A31,A40,369.0,A61,A74,4,A93,A101,4,A124,32,A143,A153,2,A172,2,A191,A201,2,1,0,9030.0,INDIA
A14,21,A32,A42,564.0,A61,A75,4,A93,A101,2,A121,50,A143,A152,2,A173,1,A191,A201,1,0,0,11374.0,INDIA
A12,21,A33,A40,671.0,A61,A73,1,A91,A101,4,A122,47,A143,A152,2,A173,1,A191,A201,1,1,1,17635.0,INDIA
A14,12,A32,A43,401.0,A61,A72,4,A92,A101,3,A123,34,A143,A152,1,A173,2,A191,A201,1,0,1,5185.0,INDIA
A12,24,A33,A49,2025.0,A62,A74,4,A93,A101,4,A123,36,A143,A151,1,A174,1,A192,A201,1,0,0,35852.0,INDIA
A14,6,A32,A40,1107.0,A61,A73,2,A93,A103,3,A122,26,A143,A151,1,A173,1,A191,A201,1,1,1,22035.0,INDIA
A14,18,A34,A43,561.0,A61,A73,2,A92,A101,1,A123,25,A143,A152,2,A173,1,A191,A201,1,0,1,10440.0,INDIA
A11,15,A34,A42,451.0,A61,A73,4,A92,A101,3,A122,25,A143,A151,2,A173,1,A191,A201,1,0,1,5823.0,INDIA
A12,20,A32,A41,2030.0,A65,A71,1,A91,A101,4,A121,60,A143,A152,1,A174,1,A192,A201,1,0,1,27815.0,INDIA
A12,9,A34,A42,590.0,A61,A74,4,A93,A101,3,A123,35,A143,A151,1,A173,1,A192,A201,1,0,1,15188.0,INDIA
A14,30,A32,A43,543.0,A65,A75,4,A93,A101,4,A123,58,A143,A152,1,A173,1,A192,A201,1,0,0,10602.0,INDIA
A11,36,A32,A40,943.0,A61,A74,2,A93,A101,4,A124,39,A141,A153,1,A174,2,A192,A201,1,0,1,11182.0,INDIA
A12,8,A32,A49,265.0,A61,A72,3,A94,A101,2,A121,26,A143,A152,1,A173,1,A192,A201,1,0,0,2992.0,INDIA
A14,24,A32,A49,372.0,A61,A74,4,A93,A101,1,A121,25,A143,A152,1,A173,1,A192,A201,1,0,0,7192.0,INDIA
A14,30,A31,A41,1792.0,A65,A71,4,A92,A101,1,A121,53,A141,A152,1,A174,1,A192,A201,2,1,0,24896.0,INDIA
A13,10,A32,A44,390.0,A61,A73,2,A93,A101,2,A123,37,A143,A152,1,A173,1,A192,A201,1,0,1,9130.0,INDIA
A14,39,A32,A41,738.0,A63,A73,4,A93,A101,4,A123,24,A143,A152,1,A173,1,A191,A201,1,0,0,18448.0,INDIA
A14,12,A32,A43,692.0,A65,A73,4,A93,A101,4,A124,37,A143,A153,1,A173,1,A192,A201,1,0,1,10392.0,INDIA
A14,24,A32,A40,376.0,A61,A73,2,A93,A103,2,A121,31,A143,A152,1,A173,1,A192,A201,1,0,0,8055.0,INDIA
A12,18,A34,A42,863.0,A61,A75,3,A92,A101,4,A122,37,A143,A152,1,A173,1,A192,A201,1,0,0,11839.0,INDIA
A11,18,A32,A43,671.0,A61,A72,4,A92,A101,1,A123,27,A142,A152,1,A173,1,A191,A201,1,0,0,10966.0,INDIA
A14,6,A34,A43,436.0,A61,A74,1,A92,A101,2,A123,24,A143,A151,2,A173,1,A192,A201,1,0,0,11616.0,INDIA
A14,18,A34,A42,499.0,A61,A73,4,A92,A101,2,A124,28,A143,A152,2,A173,1,A191,A201,1,0,1,10267.0,INDIA
A11,15,A32,A43,281.0,A61,A72,4,A94,A101,2,A121,27,A143,A152,1,A173,1,A191,A202,1,0,0,7472.0,INDIA
A12,18,A32,A43,288.0,A61,A73,4,A92,A103,4,A121,26,A143,A152,1,A172,2,A191,A201,1,0,0,4310.0,INDIA
A14,18,A30,A49,1176.0,A61,A73,2,A93,A101,2,A123,36,A142,A152,2,A173,2,A191,A201,2,1,0,19767.0,INDIA
A14,10,A32,A40,353.0,A65,A73,4,A93,A103,4,A122,27,A143,A152,1,A172,1,A191,A201,2,1,0,6809.0,INDIA
A14,36,A34,A41,3347.0,A65,A75,2,A93,A101,4,A124,42,A143,A153,2,A173,1,A191,A201,1,0,1,65097.0,INDIA
A14,18,A34,A42,955.0,A61,A72,3,A91,A101,2,A123,35,A143,A152,2,A174,1,A192,A201,1,1,1,27273.0,INDIA
A12,45,A34,A43,1257.0,A61,A72,4,A93,A101,2,A122,25,A143,A152,2,A172,1,A191,A201,2,1,0,16359.0,INDIA
A12,36,A33,A49,2589.0,A62,A74,1,A93,A101,3,A122,31,A143,A152,2,A172,2,A192,A201,1,0,1,67300.0,INDIA
A14,24,A32,A43,973.0,A63,A75,3,A93,A101,2,A123,31,A143,A152,1,A173,2,A192,A201,1,0,1,25493.0,INDIA
A12,30,A34,A40,1189.0,A61,A71,4,A94,A101,2,A123,28,A143,A152,2,A174,1,A191,A201,2,1,0,24655.0,INDIA
A11,24,A32,A40,400.0,A65,A73,4,A92,A101,4,A121,25,A143,A151,1,A173,1,A191,A201,2,1,0,6822.0,INDIA
A14,36,A32,A41,1489.0,A61,A73,2,A93,A101,2,A124,32,A143,A153,1,A174,1,A192,A201,1,0,0,29986.0,INDIA
A14,24,A34,A43,397.0,A64,A73,4,A92,A101,1,A121,43,A143,A152,2,A172,1,A191,A201,1,0,0,6411.0,INDIA
A12,36,A33,A40,2395.0,A62,A75,2,A93,A101,4,A123,42,A143,A152,4,A174,1,A192,A201,2,1,0,60029.0,INDIA
A14,24,A32,A40,1775.0,A61,A73,1,A93,A101,4,A122,43,A143,A152,1,A172,2,A191,A201,1,0,1,35091.0,INDIA
A12,30,A34,A40,567.0,A65,A75,4,A93,A101,4,A121,36,A143,A152,2,A173,1,A191,A201,1,0,0,15476.0,INDIA
A12,24,A32,A43,856.0,A62,A72,3,A94,A101,2,A123,22,A143,A151,1,A173,1,A192,A201,2,1,0,18797.0,INDIA
A11,27,A32,A43,822.0,A61,A73,3,A93,A101,2,A123,27,A143,A152,1,A174,1,A191,A201,1,0,1,16483.0,INDIA
A11,12,A34,A41,408.0,A61,A75,4,A93,A101,3,A121,54,A143,A152,1,A173,1,A191,A201,1,0,0,9594.0,INDIA
A11,12,A30,A43,1829.0,A61,A73,4,A93,A101,2,A122,28,A143,A151,2,A173,1,A192,A201,2,1,0,36341.0,INDIA
A12,24,A32,A43,1529.0,A65,A75,2,A92,A101,4,A123,42,A143,A152,1,A173,1,A192,A201,1,0,0,41160.0,INDIA
A12,9,A32,A40,436.0,A65,A72,4,A93,A101,2,A121,35,A143,A152,1,A171,1,A191,A201,1,0,1,6211.0,INDIA
A14,15,A34,A43,380.0,A63,A73,2,A94,A101,2,A122,47,A143,A152,2,A172,1,A191,A201,1,0,1,10690.0,INDIA
A11,28,A32,A40,1087.0,A61,A73,3,A93,A101,2,A123,45,A143,A152,1,A172,1,A191,A201,2,1,0,27495.0,INDIA
A11,18,A31,A40,348.0,A61,A74,4,A93,A101,4,A124,32,A143,A153,2,A172,2,A191,A201,2,1,1,9100.0,INDIA
A12,24,A33,A42,575.0,A65,A72,4,A93,A101,2,A122,29,A141,A152,1,A172,1,A191,A201,1,0,1,11212.0,INDIA
A13,6,A34,A46,307.0,A61,A73,2,A92,A101,4,A122,50,A143,A152,1,A172,1,A191,A201,1,0,1,7901.0,INDIA
A14,12,A34,A40,298.0,A61,A71,1,A92,A101,2,A122,38,A143,A152,1,A171,1,A191,A201,1,0,0,4887.0,INDIA
A12,9,A32,A43,259.0,A61,A75,4,A93,A101,4,A123,27,A143,A152,2,A172,1,A191,A201,1,0,0,6322.0,INDIA
A12,18,A30,A42,924.0,A61,A73,1,A92,A101,4,A123,33,A141,A152,2,A173,1,A192,A201,1,0,0,12448.0,INDIA
A12,18,A32,A42,579.0,A65,A72,4,A92,A101,3,A121,27,A143,A151,1,A173,1,A191,A201,2,1,1,9498.0,INDIA
A14,18,A34,A43,486.0,A64,A75,4,A93,A101,4,A123,46,A143,A152,2,A173,1,A191,A201,1,0,1,9159.0,INDIA
A12,12,A32,A40,194.0,A61,A74,2,A94,A101,3,A123,25,A141,A152,1,A172,1,A191,A201,2,1,0,3235.0,INDIA
A11,48,A32,A43,1960.0,A61,A73,3,A92,A101,2,A123,31,A143,A152,1,A173,1,A192,A201,2,1,0,34911.0,INDIA
A11,21,A32,A42,1067.0,A61,A74,1,A92,A101,4,A123,26,A143,A151,1,A172,1,A191,A201,1,0,0,27138.0,INDIA
A14,48,A34,A40,3141.0,A63,A73,2,A93,A101,2,A124,44,A141,A153,1,A173,1,A191,A201,2,1,0,48740.0,INDIA
A12,15,A32,A45,653.0,A62,A73,3,A92,A101,2,A121,25,A143,A152,1,A172,1,A191,A201,1,0,0,15748.0,INDIA
A14,12,A32,A43,720.0,A65,A73,4,A93,A101,4,A124,37,A143,A153,1,A173,1,A192,A201,1,1,1,8854.0,INDIA
A14,4,A32,A42,144.0,A61,A72,1,A92,A101,3,A121,23,A143,A151,1,A172,2,A191,A201,1,0,0,3525.0,INDIA
A12,12,A30,A48,435.0,A61,A73,2,A93,A101,2,A121,31,A143,A152,1,A172,1,A192,A201,1,0,0,10849.0,INDIA
A14,18,A32,A41,826.0,A65,A73,2,A93,A101,1,A122,31,A143,A152,1,A173,1,A192,A201,1,0,1,14926.0,INDIA
A14,12,A32,A46,183.0,A61,A75,4,A93,A101,4,A123,41,A141,A152,1,A172,2,A191,A201,2,1,0,4340.0,INDIA
A11,21,A32,A43,800.0,A64,A72,4,A92,A101,2,A123,29,A141,A152,1,A173,1,A191,A201,1,0,0,21685.0,INDIA
A11,18,A32,A43,533.0,A65,A74,2,A94,A101,4,A123,23,A143,A151,2,A172,1,A191,A201,1,0,0,13374.0,INDIA
A14,12,A34,A46,731.0,A61,A75,2,A92,A101,4,A124,57,A141,A153,3,A172,1,A191,A201,1,0,0,13064.0,INDIA
A14,12,A32,A43,318.0,A61,A73,3,A93,A101,2,A123,25,A143,A152,1,A173,1,A191,A201,1,0,0,6208.0,INDIA
A14,30,A34,A43,1643.0,A61,A74,3,A93,A102,2,A123,38,A143,A152,1,A173,1,A191,A201,1,0,0,40610.0,INDIA
A14,12,A32,A40,174.0,A61,A73,4,A91,A101,2,A121,49,A143,A152,1,A172,1,A191,A201,1,0,0,2810.0,INDIA
A11,24,A33,A40,1473.0,A61,A73,3,A93,A101,4,A124,53,A143,A153,2,A173,2,A191,A201,2,1,0,37043.0,INDIA
A14,6,A33,A43,292.0,A61,A73,3,A92,A101,2,A121,24,A143,A152,1,A173,1,A191,A201,1,0,1,4898.0,INDIA
A12,9,A34,A46,440.0,A61,A75,2,A92,A101,3,A123,34,A143,A152,2,A174,1,A192,A201,2,1,0,11082.0,INDIA
A14,24,A34,A43,552.0,A62,A75,4,A93,A101,4,A122,52,A141,A152,2,A173,1,A191,A201,1,0,0,6915.0,INDIA
A11,18,A31,A43,510.0,A61,A72,3,A93,A102,4,A124,36,A141,A153,1,A174,1,A192,A201,1,0,1,6009.0,INDIA
A14,15,A31,A43,494.0,A62,A75,4,A93,A101,4,A123,34,A141,A152,1,A172,2,A191,A201,1,0,0,14108.0,INDIA
A14,18,A34,A43,270.0,A61,A71,4,A92,A101,4,A123,65,A143,A152,2,A171,1,A191,A201,1,0,0,7102.0,INDIA
A12,9,A34,A46,309.0,A64,A75,4,A93,A101,3,A124,32,A143,A153,2,A173,2,A191,A201,2,1,0,8200.0,INDIA
A14,36,A32,A43,729.0,A63,A75,4,A93,A101,4,A123,39,A143,A152,1,A173,1,A191,A201,1,0,1,20224.0,INDIA
A11,18,A32,A43,759.0,A61,A72,4,A92,A101,1,A123,27,A142,A152,1,A173,1,A191,A201,1,0,1,14204.0,INDIA
A11,36,A32,A42,739.0,A61,A75,2,A93,A101,2,A122,41,A141,A152,1,A173,2,A191,A201,2,1,1,11860.0,INDIA
A12,30,A33,A43,564.0,A62,A72,4,A93,A101,3,A124,30,A142,A152,2,A174,1,A191,A201,2,1,1,7495.0,INDIA
A11,18,A32,A43,372.0,A61,A73,4,A94,A101,3,A121,26,A141,A152,1,A173,1,A191,A201,2,1,0,7374.0,INDIA
A11,14,A32,A40,1197.0,A61,A71,1,A93,A101,4,A124,22,A143,A153,1,A173,1,A191,A201,1,0,0,17803.0,INDIA
A11,14,A32,A40,2161.0,A61,A75,1,A91,A101,4,A122,45,A143,A152,1,A174,1,A192,A202,2,1,1,59353.0,INDIA
A12,18,A32,A42,751.0,A61,A74,2,A92,A101,4,A121,40,A143,A151,1,A173,1,A191,A201,1,0,0,8314.0,INDIA
A14,12,A32,A46,403.0,A61,A75,4,A93,A101,4,A122,47,A141,A152,3,A173,2,A192,A201,1,0,1,5449.0,INDIA
A12,24,A34,A410,3074.0,A61,A73,2,A93,A102,3,A123,39,A143,A152,2,A174,2,A192,A201,2,1,1,47149.0,INDIA
A13,30,A34,A43,887.0,A61,A75,4,A93,A101,4,A122,47,A143,A152,1,A173,1,A191,A201,1,0,0,12863.0,INDIA
A12,30,A30,A49,1129.0,A61,A73,2,A92,A101,1,A123,28,A143,A152,2,A173,1,A191,A201,1,0,0,16905.0,INDIA
A12,12,A32,A40,277.0,A61,A75,4,A93,A101,4,A123,41,A141,A152,1,A172,2,A191,A201,2,1,0,6245.0,INDIA
A12,12,A34,A40,726.0,A63,A74,3,A91,A101,3,A123,36,A143,A152,1,A174,1,A192,A201,1,0,0,12171.0,INDIA
A14,24,A33,A49,664.0,A63,A73,4,A93,A101,2,A123,44,A143,A152,2,A173,2,A192,A201,1,0,0,14491.0,INDIA
A14,22,A32,A43,810.0,A63,A75,3,A93,A101,4,A123,40,A143,A152,1,A173,1,A191,A201,1,0,0,21602.0,INDIA
A14,36,A32,A42,873.0,A61,A73,4,A92,A101,2,A123,28,A143,A152,1,A174,1,A192,A201,2,1,0,18861.0,INDIA
A14,36,A34,A43,2674.0,A61,A73,2,A92,A101,2,A123,31,A142,A152,2,A173,1,A191,A201,1,0,0,62100.0,INDIA
A12,18,A34,A49,914.0,A61,A71,3,A94,A101,3,A123,40,A143,A152,3,A171,2,A192,A201,1,0,0,15934.0,INDIA
A14,15,A34,A43,453.0,A61,A73,4,A92,A101,2,A123,43,A143,A152,1,A172,1,A191,A201,1,0,0,6257.0,INDIA
A11,24,A31,A40,714.0,A62,A74,2,A93,A101,3,A123,32,A141,A152,1,A173,1,A191,A201,1,0,0,11883.0,INDIA
A14,6,A32,A48,388.0,A65,A71,4,A93,A101,4,A122,36,A143,A152,1,A174,2,A192,A201,1,0,1,10853.0,INDIA
A11,42,A32,A43,2236.0,A65,A74,4,A92,A101,3,A123,30,A143,A152,1,A174,1,A192,A201,2,1,0,49067.0,INDIA
A12,48,A33,A49,2129.0,A65,A73,4,A93,A101,4,A124,38,A143,A153,1,A173,2,A192,A201,1,0,0,33817.0,INDIA
A12,21,A32,A49,306.0,A61,A75,2,A92,A101,4,A122,39,A143,A152,1,A173,2,A191,A201,2,1,0,5794.0,INDIA
A11,12,A32,A43,222.0,A61,A73,4,A94,A101,2,A121,40,A143,A152,1,A172,1,A191,A201,1,0,0,5707.0,INDIA
A11,36,A32,A40,929.0,A61,A74,2,A93,A101,4,A124,39,A141,A153,1,A174,2,A192,A201,1,0,0,21148.0,INDIA
A12,36,A32,A46,1015.0,A65,A73,2,A94,A101,2,A123,27,A143,A152,1,A173,1,A191,A201,1,0,0,21181.0,INDIA
A11,18,A32,A46,214.0,A61,A71,4,A92,A101,1,A121,27,A143,A152,1,A171,1,A191,A201,2,1,1,5688.0,INDIA
A14,36,A34,A43,2552.0,A61,A73,2,A92,A101,2,A123,31,A142,A152,2,A173,1,A191,A201,1,0,0,58275.0,INDIA
A14,9,A32,A42,519.0,A61,A72,2,A92,A102,2,A123,19,A143,A151,2,A173,1,A191,A201,2,1,0,11580.0,INDIA
A13,15,A32,A49,694.0,A61,A74,2,A93,A101,4,A122,26,A143,A151,1,A173,1,A192,A201,1,0,1,9952.0,INDIA
A11,6,A32,A42,105.0,A61,A75,2,A92,A101,1,A122,49,A141,A152,1,A173,1,A192,A201,1,0,1,1352.0,INDIA
A12,18,A34,A43,502.0,A61,A75,3,A92,A103,4,A121,48,A141,A151,2,A172,1,A192,A201,1,0,1,14049.0,INDIA
A12,54,A30,A49,4984.0,A61,A72,3,A93,A101,4,A124,58,A143,A151,1,A173,1,A192,A201,2,1,0,107355.0,INDIA
A14,60,A33,A43,4554.0,A61,A74,2,A93,A101,4,A123,21,A143,A152,2,A173,1,A192,A201,1,0,0,83411.0,INDIA
A11,10,A34,A42,601.0,A65,A72,2,A92,A102,3,A121,27,A143,A151,2,A173,1,A191,A202,1,0,0,12841.0,INDIA
A12,18,A34,A42,528.0,A61,A72,2,A93,A101,2,A121,31,A143,A152,2,A172,1,A191,A201,2,1,0,6382.0,INDIA
A12,7,A32,A43,645.0,A61,A72,1,A92,A103,1,A121,45,A143,A152,1,A173,1,A191,A201,1,0,0,16428.0,INDIA
A14,24,A32,A40,960.0,A61,A75,4,A92,A102,4,A124,62,A143,A153,1,A173,1,A192,A201,1,0,0,14220.0,INDIA
A12,6,A32,A40,4470.0,A65,A71,1,A93,A101,2,A122,23,A143,A152,1,A171,1,A192,A201,2,1,0,112465.0,INDIA
A12,24,A32,A42,1033.0,A61,A74,3,A91,A101,3,A123,43,A143,A152,1,A173,1,A192,A201,2,1,1,21078.0,INDIA
A11,21,A32,A43,777.0,A61,A72,4,A92,A101,4,A122,28,A143,A151,1,A174,1,A192,A201,1,0,0,12329.0,INDIA
A14,12,A34,A42,423.0,A63,A74,3,A92,A101,4,A123,37,A143,A151,1,A173,1,A192,A201,1,0,0,4878.0,INDIA
A11,12,A32,A43,193.0,A62,A74,4,A94,A101,1,A122,20,A143,A152,1,A173,1,A191,A201,2,1,0,4894.0,INDIA
A11,45,A32,A43,573.0,A61,A73,4,A93,A101,4,A124,23,A143,A153,1,A173,1,A192,A201,2,1,0,8083.0,INDIA
A12,30,A33,A49,657.0,A62,A75,4,A93,A101,2,A122,41,A142,A152,2,A173,1,A191,A201,1,0,1,7826.0,INDIA
A11,36,A32,A40,575.0,A61,A72,4,A92,A101,4,A123,34,A143,A152,1,A173,1,A192,A201,2,1,0,13974.0,INDIA
A12,18,A34,A40,316.0,A61,A75,3,A93,A103,3,A121,30,A141,A152,2,A173,1,A191,A201,2,1,1,5423.0,INDIA
A11,40,A34,A46,1830.0,A61,A73,4,A93,A101,3,A124,27,A141,A152,1,A173,1,A192,A201,2,1,1,32670.0,INDIA
A14,24,A34,A41,1705.0,A64,A73,4,A93,A101,2,A121,27,A143,A152,2,A173,1,A191,A201,1,0,0,26169.0,INDIA
A14,12,A34,A43,222.0,A61,A75,4,A93,A101,4,A121,52,A143,A152,3,A173,1,A191,A201,1,0,0,5799.0,INDIA
A14,15,A32,A40,1143.0,A65,A73,3,A93,A101,2,A124,29,A143,A152,1,A173,1,A191,A201,1,0,0,18554.0,INDIA
A11,12,A34,A41,417.0,A61,A75,4,A93,A101,4,A124,66,A143,A153,2,A174,1,A191,A201,1,0,0,6130.0,INDIA
A12,24,A34,A41,2377.0,A64,A75,2,A92,A101,4,A124,29,A143,A151,1,A173,1,A191,A201,1,0,0,39085.0,INDIA
A11,14,A32,A40,1194.0,A61,A71,1,A93,A101,4,A124,22,A143,A153,1,A173,1,A191,A201,1,0,0,17403.0,INDIA
A11,9,A32,A42,590.0,A61,A73,3,A93,A101,2,A121,25,A143,A152,1,A173,1,A191,A201,1,0,1,9789.0,INDIA
A11,30,A32,A41,1218.0,A61,A73,4,A91,A101,4,A122,40,A143,A152,1,A174,1,A192,A201,1,0,1,15176.0,INDIA
A14,12,A34,A49,383.0,A61,A73,4,A92,A103,2,A121,29,A143,A152,2,A174,1,A192,A201,1,0,0,5282.0,INDIA
A12,12,A32,A43,315.0,A61,A74,4,A93,A103,3,A121,29,A143,A152,2,A173,1,A191,A202,1,0,0,5777.0,INDIA
A12,24,A34,A40,957.0,A62,A72,4,A91,A101,2,A123,37,A143,A152,1,A173,1,A192,A201,1,0,1,25340.0,INDIA
A11,60,A32,A49,1875.0,A61,A75,4,A93,A102,4,A124,36,A143,A151,1,A173,1,A191,A201,2,1,0,22516.0,INDIA
A14,10,A32,A40,421.0,A61,A73,2,A92,A101,4,A123,64,A143,A152,1,A173,1,A192,A201,1,0,0,6207.0,INDIA
A14,36,A32,A46,494.0,A61,A73,4,A93,A101,4,A124,37,A142,A153,1,A173,1,A192,A201,2,1,1,13332.0,INDIA
A14,36,A32,A43,623.0,A63,A75,4,A93,A101,4,A123,39,A143,A152,1,A173,1,A191,A201,1,0,0,16612.0,INDIA
A13,24,A34,A42,936.0,A65,A75,4,A93,A102,4,A124,20,A143,A151,2,A173,1,A191,A201,1,0,0,21489.0,INDIA
A14,15,A32,A41,846.0,A61,A74,2,A93,A101,2,A123,33,A143,A152,1,A173,1,A191,A201,1,0,0,12887.0,INDIA
A12,9,A34,A43,353.0,A61,A75,2,A93,A101,4,A121,37,A143,A152,3,A172,1,A191,A201,1,0,1,6491.0,INDIA
A14,12,A30,A42,864.0,A61,A75,2,A93,A101,4,A122,34,A143,A152,2,A173,1,A191,A201,1,0,0,12716.0,INDIA
A11,12,A32,A48,220.0,A61,A74,4,A94,A101,4,A122,21,A143,A151,1,A173,1,A191,A201,2,1,1,2918.0,INDIA
A12,24,A34,A42,1356.0,A61,A72,2,A92,A101,4,A123,25,A141,A152,1,A172,1,A191,A201,2,1,0,23985.0,INDIA
A13,36,A32,A43,1085.0,A61,A73,2,A93,A101,2,A121,23,A143,A152,1,A173,1,A192,A201,1,0,1,22931.0,INDIA
A14,6,A32,A48,359.0,A65,A71,4,A93,A101,4,A122,36,A143,A152,1,A174,2,A192,A201,1,0,0,6223.0,INDIA
A12,24,A32,A410,3122.0,A61,A73,2,A93,A102,3,A123,29,A141,A152,2,A174,1,A192,A201,2,1,0,67905.0,INDIA
A12,24,A34,A46,1559.0,A61,A72,2,A92,A101,4,A124,24,A143,A153,2,A173,1,A192,A201,1,1,1,25278.0,INDIA
A14,12,A34,A45,277.0,A65,A74,4,A92,A101,4,A121,23,A143,A152,2,A173,1,A191,A201,1,0,0,4733.0,INDIA
A13,10,A32,A40,356.0,A62,A75,1,A92,A101,4,A124,48,A143,A153,1,A172,2,A191,A201,2,1,1,8870.0,INDIA
A12,12,A32,A43,306.0,A61,A73,4,A92,A103,4,A121,49,A143,A152,2,A173,1,A192,A201,1,0,1,8096.0,INDIA
A14,24,A33,A42,1153.0,A62,A73,2,A93,A101,3,A122,35,A143,A152,2,A173,1,A191,A201,1,0,1,19218.0,INDIA
A14,24,A32,A41,798.0,A64,A73,2,A92,A101,4,A123,28,A143,A151,1,A173,1,A192,A201,1,0,0,16805.0,INDIA
A14,12,A34,A43,701.0,A65,A75,1,A93,A102,4,A121,49,A143,A152,1,A173,1,A192,A201,1,0,0,11143.0,INDIA
A11,10,A34,A40,598.0,A61,A72,1,A93,A101,3,A121,48,A143,A151,2,A172,2,A191,A202,1,0,0,7139.0,INDIA
A11,18,A34,A42,648.0,A61,A73,4,A92,A101,4,A121,24,A143,A151,2,A173,1,A191,A201,2,1,1,15543.0,INDIA
A11,18,A32,A43,988.0,A61,A73,2,A92,A101,2,A121,24,A143,A152,1,A173,1,A191,A201,2,1,0,13842.0,INDIA
A13,15,A34,A43,319.0,A65,A73,3,A93,A101,4,A124,39,A143,A153,2,A173,1,A192,A201,2,1,1,5899.0,INDIA
A14,12,A32,A43,254.0,A65,A73,4,A92,A101,2,A123,21,A143,A152,1,A173,1,A191,A201,1,0,0,4971.0,INDIA
A12,20,A33,A41,1849.0,A65,A74,3,A93,A101,4,A122,36,A141,A151,2,A174,2,A192,A201,1,0,0,26342.0,INDIA
A12,18,A34,A43,539.0,A61,A75,3,A92,A103,4,A121,48,A141,A151,2,A172,1,A192,A201,1,0,0,6826.0,INDIA
A11,21,A34,A40,147.0,A61,A75,4,A93,A101,4,A121,65,A143,A152,2,A173,1,A191,A201,1,0,0,2517.0,INDIA
A14,12,A32,A43,208.0,A61,A73,4,A93,A101,2,A121,30,A141,A152,2,A173,1,A191,A201,1,0,0,5774.0,INDIA
A11,12,A32,A43,287.0,A61,A73,2,A93,A101,2,A121,20,A143,A151,1,A174,2,A192,A201,1,0,0,6264.0,INDIA
A11,18,A34,A42,597.0,A61,A73,4,A92,A101,4,A121,24,A143,A151,2,A173,1,A191,A201,2,1,0,10575.0,INDIA
A12,30,A30,A49,1341.0,A61,A73,2,A92,A101,1,A123,28,A143,A152,2,A173,1,A191,A201,1,0,1,15669.0,INDIA
A11,12,A32,A42,437.0,A61,A73,2,A92,A102,3,A122,30,A143,A152,1,A173,1,A191,A201,1,0,0,9424.0,INDIA
A12,36,A32,A43,832.0,A62,A73,4,A92,A102,4,A124,50,A143,A153,1,A173,1,A191,A201,2,1,1,10503.0,INDIA
A12,12,A34,A42,1161.0,A61,A75,1,A93,A101,4,A123,28,A143,A151,3,A173,1,A192,A201,1,0,1,23857.0,INDIA
A14,18,A34,A40,320.0,A61,A73,4,A92,A101,3,A121,36,A143,A152,2,A173,1,A191,A201,1,0,1,7755.0,INDIA
A11,6,A34,A40,153.0,A61,A74,4,A92,A101,3,A122,37,A143,A152,2,A173,1,A191,A202,1,0,0,2824.0,INDIA
A11,24,A32,A43,393.0,A62,A73,4,A92,A101,2,A123,32,A143,A152,1,A172,1,A191,A201,2,1,0,6394.0,INDIA
A14,24,A32,A41,1520.0,A65,A75,3,A93,A101,4,A123,41,A143,A152,1,A174,2,A192,A201,1,0,1,17988.0,INDIA
A11,6,A34,A42,917.0,A61,A73,1,A91,A101,4,A121,44,A143,A151,1,A174,1,A192,A201,2,1,0,10487.0,INDIA
A14,24,A32,A40,433.0,A61,A73,2,A93,A103,2,A121,31,A143,A152,1,A173,1,A192,A201,1,0,0,8040.0,INDIA
A11,12,A31,A43,636.0,A61,A73,4,A91,A101,1,A124,29,A143,A153,1,A173,1,A191,A201,2,1,0,16884.0,INDIA
A12,36,A32,A42,2554.0,A62,A72,4,A93,A102,1,A124,29,A143,A151,1,A174,1,A192,A201,2,1,0,39065.0,INDIA
A14,13,A32,A43,381.0,A62,A71,2,A92,A101,4,A121,64,A143,A152,1,A173,1,A191,A201,1,0,1,8040.0,INDIA
A14,36,A33,A41,2740.0,A65,A74,3,A93,A101,2,A123,31,A142,A152,1,A174,2,A192,A201,1,0,0,63140.0,INDIA
A14,6,A34,A43,565.0,A65,A73,1,A93,A101,2,A121,34,A143,A152,2,A172,2,A191,A201,1,0,1,6820.0,INDIA
A12,18,A34,A43,345.0,A61,A73,4,A94,A101,2,A123,33,A143,A152,1,A173,1,A191,A201,2,1,1,4725.0,INDIA
A14,24,A34,A41,1265.0,A65,A74,3,A93,A101,4,A122,43,A143,A152,2,A173,1,A192,A201,1,0,0,21291.0,INDIA
A12,6,A33,A42,270.0,A61,A71,4,A93,A101,1,A122,35,A142,A152,2,A174,1,A192,A201,1,0,0,6154.0,INDIA
A12,36,A32,A46,936.0,A65,A73,2,A94,A101,2,A123,27,A143,A152,1,A173,1,A191,A201,1,0,0,17528.0,INDIA
A11,12,A32,A40,1066.0,A64,A73,1,A93,A101,3,A122,31,A143,A152,1,A173,2,A191,A201,1,0,0,25501.0,INDIA
A14,21,A33,A49,825.0,A63,A72,4,A93,A101,2,A121,41,A141,A152,1,A172,2,A191,A201,2,1,0,21673.0,INDIA
A14,6,A34,A40,94.0,A62,A73,4,A92,A101,4,A123,52,A143,A152,2,A172,1,A191,A201,1,0,1,2289.0,INDIA
A14,12,A34,A40,325.0,A61,A75,4,A93,A101,4,A121,61,A143,A152,2,A172,1,A191,A201,1,0,1,9251.0,INDIA
A14,30,A32,A43,466.0,A65,A75,4,A93,A101,4,A123,58,A143,A152,1,A173,1,A192,A201,1,0,1,11313.0,INDIA
A13,30,A34,A43,1134.0,A65,A75,4,A93,A101,4,A122,49,A142,A152,2,A172,1,A191,A201,1,0,1,29482.0,INDIA
A11,15,A34,A42,251.0,A61,A73,2,A91,A101,3,A122,25,A143,A152,2,A173,1,A191,A201,1,0,0,6438.0,INDIA
A14,28,A34,A43,769.0,A61,A75,4,A93,A101,2,A123,29,A143,A152,2,A173,1,A191,A201,1,0,1,18343.0,INDIA
A11,21,A32,A43,1078.0,A64,A72,4,A92,A101,2,A123,29,A141,A152,1,A173,1,A191,A201,1,0,0,27070.0,INDIA
A14,24,A32,A43,366.0,A61,A72,4,A92,A101,3,A123,38,A142,A152,1,A173,1,A192,A201,1,0,0,10047.0,INDIA
A13,15,A32,A43,663.0,A61,A72,2,A92,A101,3,A121,25,A143,A152,1,A172,1,A191,A201,2,1,0,12838.0,INDIA
A12,12,A32,A43,823.0,A61,A74,2,A92,A101,1,A121,27,A143,A152,1,A173,1,A191,A201,1,0,0,18298.0,INDIA
A11,12,A32,A40,789.0,A61,A72,4,A93,A101,1,A121,33,A143,A152,1,A172,2,A191,A201,2,1,0,15830.0,INDIA
A12,11,A32,A42,422.0,A64,A72,4,A92,A101,1,A121,20,A143,A152,1,A173,1,A191,A201,1,0,0,10963.0,INDIA
A14,21,A33,A41,815.0,A61,A73,3,A93,A101,2,A121,28,A142,A152,2,A172,1,A191,A201,1,0,0,15152.0,INDIA
A12,18,A33,A45,1564.0,A61,A73,2,A93,A101,4,A121,44,A143,A152,1,A172,2,A192,A201,1,0,0,39768.0,INDIA
A12,12,A32,A43,400.0,A61,A72,2,A93,A101,1,A123,22,A142,A152,1,A173,1,A191,A201,2,1,0,10027.0,INDIA
A12,24,A34,A40,1179.0,A62,A72,4,A91,A101,2,A123,37,A143,A152,1,A173,1,A192,A201,1,0,0,32929.0,INDIA
A11,12,A32,A42,643.0,A61,A71,3,A92,A101,4,A124,55,A143,A153,1,A174,1,A191,A201,1,0,1,9890.0,INDIA
A11,48,A32,A49,1168.0,A61,A72,3,A92,A101,4,A122,24,A143,A151,1,A173,1,A191,A201,2,1,0,27436.0,INDIA
A14,24,A34,A49,1417.0,A61,A73,3,A93,A101,2,A121,74,A143,A152,1,A174,1,A192,A201,1,0,1,34464.0,INDIA
A12,36,A30,A43,906.0,A61,A73,4,A92,A101,1,A123,42,A143,A152,1,A173,1,A192,A201,2,1,0,24896.0,INDIA
A14,12,A34,A42,419.0,A64,A74,3,A92,A101,2,A122,35,A143,A152,1,A173,1,A191,A202,1,0,0,11297.0,INDIA
A12,30,A32,A40,612.0,A61,A73,4,A92,A103,2,A124,24,A141,A152,1,A173,1,A191,A201,2,1,0,12910.0,INDIA
A12,18,A32,A43,346.0,A61,A75,4,A94,A103,2,A121,32,A143,A152,1,A172,1,A191,A201,1,0,0,7333.0,INDIA
A14,30,A34,A43,1505.0,A61,A74,4,A92,A101,2,A123,25,A143,A152,2,A173,1,A191,A201,1,0,1,20986.0,INDIA
A13,12,A32,A42,408.0,A61,A72,4,A92,A101,1,A122,33,A141,A152,1,A174,1,A192,A201,1,0,0,11489.0,INDIA
A14,15,A34,A43,333.0,A63,A73,2,A94,A101,2,A122,47,A143,A152,2,A172,1,A191,A201,1,0,1,5158.0,INDIA
A11,9,A32,A43,385.0,A61,A74,3,A93,A101,4,A121,59,A143,A152,1,A173,1,A191,A201,1,0,1,9146.0,INDIA
A11,12,A30,A45,329.0,A61,A74,4,A93,A101,3,A121,28,A143,A152,2,A173,1,A191,A201,2,1,1,8227.0,INDIA
A11,24,A32,A40,393.0,A65,A73,4,A92,A101,4,A121,25,A143,A151,1,A173,1,A191,A201,2,1,1,7375.0,INDIA
A13,10,A32,A42,313.0,A61,A72,4,A92,A101,2,A122,23,A143,A152,1,A173,1,A191,A201,1,0,0,4606.0,INDIA
A14,48,A33,A43,3939.0,A63,A74,4,A93,A101,1,A123,37,A143,A152,1,A174,1,A192,A201,1,0,0,56429.0,INDIA
A11,11,A34,A40,995.0,A61,A73,1,A93,A101,2,A121,40,A143,A152,2,A172,2,A191,A201,1,1,1,25944.0,INDIA
A12,9,A32,A42,277.0,A61,A73,4,A92,A101,1,A122,30,A143,A152,1,A173,1,A191,A201,2,1,1,5537.0,INDIA
A11,18,A33,A46,2273.0,A65,A73,1,A92,A101,2,A123,23,A143,A151,2,A173,1,A192,A201,1,0,1,28609.0,INDIA
A11,12,A32,A43,510.0,A63,A75,3,A94,A101,1,A121,35,A143,A152,1,A173,1,A191,A201,1,0,0,12046.0,INDIA
A12,60,A33,A43,2338.0,A65,A73,2,A93,A101,2,A124,27,A143,A153,1,A174,1,A191,A201,1,0,1,36012.0,INDIA
A14,36,A34,A41,2658.0,A65,A75,2,A93,A101,4,A124,42,A143,A153,2,A173,1,A191,A201,1,0,0,70236.0,INDIA
A12,9,A34,A46,420.0,A61,A75,2,A92,A101,3,A123,34,A143,A152,2,A174,1,A192,A201,2,1,1,6908.0,INDIA
A11,21,A34,A40,386.0,A61,A75,4,A94,A101,3,A123,30,A143,A152,2,A173,1,A192,A201,1,0,1,5607.0,INDIA
A11,24,A32,A40,802.0,A61,A72,4,A92,A101,1,A122,27,A143,A152,1,A173,1,A191,A201,2,1,0,10020.0,INDIA
A14,15,A32,A43,591.0,A65,A75,4,A93,A101,2,A123,35,A143,A152,1,A173,1,A191,A201,1,0,0,11822.0,INDIA
A14,6,A34,A43,381.0,A62,A73,1,A92,A101,1,A122,27,A143,A152,2,A173,1,A191,A201,1,0,1,7213.0,INDIA
A11,36,A32,A46,484.0,A65,A75,4,A93,A101,4,A124,40,A143,A152,1,A174,1,A192,A201,2,1,1,11724.0,INDIA
A14,12,A34,A49,715.0,A61,A71,4,A93,A101,2,A123,42,A142,A152,2,A174,1,A192,A201,2,1,0,13712.0,INDIA
A11,48,A31,A49,2344.0,A61,A74,2,A92,A103,4,A123,37,A143,A151,1,A173,1,A191,A201,2,1,1,39968.0,INDIA
A12,18,A32,A40,324.0,A65,A73,4,A92,A101,2,A122,33,A143,A152,1,A173,1,A191,A201,2,1,0,5056.0,INDIA
A12,48,A31,A49,1903.0,A61,A75,4,A92,A101,3,A124,59,A143,A151,1,A173,1,A191,A201,2,1,0,30249.0,INDIA
A14,18,A34,A43,708.0,A61,A73,2,A92,A101,2,A123,26,A143,A152,2,A173,1,A191,A201,1,0,1,19350.0,INDIA
A14,15,A34,A40,1423.0,A65,A75,1,A92,A101,4,A123,59,A143,A152,1,A173,1,A192,A201,1,0,0,19787.0,INDIA
A14,30,A34,A43,1327.0,A61,A74,4,A92,A101,4,A123,26,A143,A151,1,A174,1,A192,A201,1,0,0,37676.0,INDIA
A11,6,A34,A43,617.0,A61,A74,1,A92,A101,4,A123,31,A143,A152,1,A173,1,A191,A201,1,0,0,10337.0,INDIA
A14,36,A32,A49,1826.0,A65,A75,3,A93,A101,2,A122,37,A143,A152,2,A173,1,A191,A201,1,0,1,22927.0,INDIA
A11,11,A34,A40,1033.0,A61,A73,2,A93,A101,2,A121,36,A143,A151,2,A173,2,A191,A201,1,0,1,15884.0,INDIA
A11,24,A32,A42,816.0,A61,A75,4,A93,A101,2,A122,39,A143,A151,1,A174,1,A192,A201,2,1,1,9815.0,INDIA
A12,48,A30,A49,1220.0,A62,A74,4,A93,A101,4,A124,34,A143,A153,1,A172,2,A191,A201,2,1,0,30384.0,INDIA
A14,6,A34,A40,1862.0,A61,A74,1,A93,A101,3,A124,45,A143,A152,2,A174,2,A192,A201,1,0,0,37279.0,INDIA
A14,9,A32,A43,811.0,A62,A75,3,A93,A102,4,A123,35,A143,A152,1,A173,1,A192,A201,1,0,1,13731.0,INDIA
A12,36,A34,A43,721.0,A61,A75,4,A93,A101,4,A121,36,A143,A152,1,A173,1,A191,A201,1,1,1,16332.0,INDIA
A14,24,A32,A43,499.0,A61,A74,3,A93,A101,1,A123,32,A141,A152,1,A173,2,A191,A201,1,0,0,11028.0,INDIA
A12,18,A33,A49,611.0,A65,A75,4,A93,A101,2,A122,42,A143,A152,2,A173,1,A191,A201,1,0,1,16828.0,INDIA
A11,45,A32,A43,563.0,A61,A73,4,A93,A101,4,A124,23,A143,A153,1,A173,1,A192,A201,2,1,0,15718.0,INDIA
A12,54,A30,A49,4984.0,A61,A72,3,A93,A101,4,A124,58,A143,A151,1,A173,1,A192,A201,2,1,0,114532.0,INDIA
A12,6,A33,A42,254.0,A61,A71,4,A93,A101,1,A122,35,A142,A152,2,A174,1,A192,A201,1,0,1,6450.0,INDIA
A14,21,A32,A42,675.0,A61,A75,4,A93,A101,2,A121,50,A143,A152,2,A173,1,A191,A201,1,0,1,16839.0,INDIA
A12,18,A30,A42,869.0,A61,A73,1,A92,A101,4,A123,33,A141,A152,2,A173,1,A192,A201,1,0,1,17073.0,INDIA
A12,36,A31,A44,1167.0,A65,A72,3,A92,A101,2,A124,29,A141,A152,1,A171,1,A191,A201,1,0,0,27306.0,INDIA
A14,48,A34,A46,1718.0,A61,A73,1,A93,A101,3,A124,31,A141,A153,1,A173,1,A192,A201,1,0,1,21264.0,INDIA
A12,18,A32,A45,1006.0,A61,A71,2,A92,A101,4,A123,67,A143,A152,1,A173,1,A192,A201,1,0,1,24487.0,INDIA
A11,36,A32,A42,859.0,A61,A75,4,A93,A101,2,A123,42,A143,A152,1,A173,2,A191,A201,2,1,1,23990.0,INDIA
A14,24,A32,A43,566.0,A61,A74,4,A93,A101,2,A123,28,A143,A152,1,A173,1,A192,A201,1,0,1,7072.0,INDIA
A12,18,A32,A43,275.0,A61,A73,4,A92,A103,4,A121,26,A143,A152,1,A172,2,A191,A201,1,0,0,7072.0,INDIA
A14,6,A32,A42,1344.0,A61,A72,1,A92,A101,4,A122,32,A143,A152,1,A173,1,A191,A201,2,1,1,36853.0,INDIA
A11,18,A30,A49,830.0,A61,A74,3,A93,A101,1,A122,31,A141,A152,1,A173,1,A192,A201,1,0,0,12434.0,INDIA
A11,18,A32,A43,612.0,A61,A72,4,A92,A101,1,A123,27,A142,A152,1,A173,1,A191,A201,1,0,0,12385.0,INDIA
A11,24,A34,A49,409.0,A62,A74,4,A93,A101,1,A121,26,A143,A152,2,A173,1,A192,A201,1,0,0,11178.0,INDIA
A14,12,A34,A42,372.0,A61,A72,2,A92,A101,4,A122,22,A143,A151,2,A172,1,A191,A201,1,1,1,10379.0,INDIA
A12,48,A31,A40,3447.0,A65,A71,4,A93,A102,4,A124,36,A143,A153,1,A174,1,A192,A201,1,0,0,45675.0,INDIA
A14,24,A32,A41,2473.0,A61,A74,3,A93,A101,3,A123,38,A143,A152,1,A174,1,A192,A201,1,0,0,42393.0,INDIA
A12,15,A34,A43,416.0,A65,A75,4,A93,A103,4,A121,50,A143,A152,2,A173,1,A192,A201,1,0,1,9688.0,INDIA
A12,6,A31,A40,287.0,A62,A72,1,A92,A101,1,A122,32,A142,A152,1,A172,1,A191,A201,2,1,0,4276.0,INDIA
A14,30,A34,A43,1647.0,A65,A74,2,A93,A101,3,A122,36,A143,A152,2,A173,1,A191,A201,1,0,0,27531.0,INDIA
A12,48,A31,A49,1926.0,A61,A75,4,A92,A101,3,A124,59,A143,A151,1,A173,1,A191,A201,2,1,1,21976.0,INDIA
A11,21,A32,A42,1155.0,A61,A74,1,A92,A101,4,A123,26,A143,A151,1,A172,1,A191,A201,1,0,0,15826.0,INDIA
A11,12,A32,A42,797.0,A61,A71,3,A92,A101,4,A124,55,A143,A153,1,A174,1,A191,A201,1,0,0,16655.0,INDIA
A14,18,A34,A43,516.0,A61,A73,4,A93,A101,2,A123,24,A143,A152,2,A173,1,A191,A201,1,0,0,11607.0,INDIA
A12,24,A32,A41,3656.0,A61,A75,4,A92,A101,2,A124,44,A143,A153,1,A174,1,A192,A201,2,1,0,81971.0,INDIA
A11,12,A32,A42,690.0,A61,A73,2,A91,A101,1,A123,42,A143,A152,1,A173,1,A191,A201,1,0,1,17042.0,INDIA
A13,10,A32,A40,366.0,A62,A75,1,A92,A101,4,A124,48,A143,A153,1,A172,2,A191,A201,2,1,0,6701.0,INDIA
A12,39,A33,A46,3560.0,A62,A74,2,A93,A101,3,A124,32,A143,A151,1,A173,1,A192,A201,1,1,1,56296.0,INDIA
A12,48,A34,A42,1640.0,A61,A73,2,A92,A101,3,A123,30,A143,A152,1,A174,1,A192,A201,2,1,0,18490.0,INDIA
A14,12,A32,A43,598.0,A62,A74,3,A93,A101,1,A124,35,A143,A152,1,A173,1,A191,A201,1,0,0,8753.0,INDIA
A11,24,A31,A49,769.0,A61,A73,4,A93,A101,2,A122,31,A143,A151,1,A173,1,A192,A201,2,1,1,12687.0,INDIA
A11,12,A34,A41,440.0,A61,A75,4,A93,A101,4,A124,66,A143,A153,2,A174,1,A191,A201,1,0,0,6220.0,INDIA
A14,10,A34,A40,305.0,A61,A75,3,A93,A101,4,A121,32,A143,A152,2,A172,2,A191,A202,1,0,1,3463.0,INDIA
A11,24,A32,A40,1245.0,A61,A74,2,A93,A102,3,A122,31,A143,A152,1,A173,1,A192,A201,2,1,1,17145.0,INDIA
A14,9,A32,A42,611.0,A62,A72,2,A92,A101,4,A122,22,A143,A151,1,A173,1,A191,A201,1,0,1,13884.0,INDIA
A14,18,A32,A43,451.0,A61,A73,4,A93,A101,2,A124,32,A143,A153,1,A174,1,A192,A201,1,0,1,9958.0,INDIA
A14,4,A34,A40,857.0,A61,A74,1,A92,A101,1,A121,37,A143,A152,1,A173,2,A191,A201,1,0,1,23540.0,INDIA
A13,12,A32,A40,335.0,A61,A72,4,A93,A101,1,A121,26,A143,A152,1,A173,1,A191,A201,1,0,1,8391.0,INDIA
A12,36,A32,A40,2995.0,A65,A73,1,A93,A101,4,A124,37,A143,A153,1,A173,1,A192,A201,2,1,0,62873.0,INDIA
A11,20,A34,A40,696.0,A61,A73,4,A94,A103,2,A122,33,A141,A151,2,A173,1,A191,A202,2,1,0,9341.0,INDIA
A14,10,A32,A40,388.0,A65,A73,4,A93,A103,4,A122,27,A143,A152,1,A172,1,A191,A201,2,1,0,8120.0,INDIA
A14,18,A34,A41,929.0,A61,A74,3,A93,A101,1,A123,27,A143,A152,2,A173,1,A191,A201,1,0,1,11226.0,INDIA
A11,18,A32,A42,592.0,A61,A73,2,A93,A101,2,A123,22,A143,A152,1,A173,1,A191,A201,2,1,0,11001.0,INDIA
A12,24,A32,A42,1156.0,A61,A74,3,A91,A101,3,A123,43,A143,A152,1,A173,1,A192,A201,2,1,0,20656.0,INDIA
A14,36,A32,A46,476.0,A61,A73,4,A93,A101,4,A124,37,A142,A153,1,A173,1,A192,A201,2,1,1,8820.0,INDIA
A12,36,A34,A43,673.0,A61,A75,4,A93,A101,4,A121,36,A143,A152,1,A173,1,A191,A201,1,0,1,10717.0,INDIA
A12,39,A33,A46,3228.0,A62,A74,2,A93,A101,3,A124,32,A143,A151,1,A173,1,A192,A201,1,0,0,74472.0,INDIA
A14,10,A34,A42,653.0,A65,A73,2,A94,A101,1,A123,26,A143,A152,2,A173,1,A191,A202,1,1,1,16848.0,INDIA
A14,12,A32,A40,750.0,A65,A71,4,A93,A101,4,A124,38,A143,A152,1,A174,1,A192,A201,1,0,0,18394.0,INDIA
A11,27,A34,A49,721.0,A61,A75,4,A93,A101,4,A123,43,A142,A152,4,A174,2,A192,A201,1,0,0,15897.0,INDIA
A14,33,A33,A49,670.0,A61,A73,2,A92,A101,2,A123,26,A143,A152,2,A173,1,A192,A201,1,0,1,13718.0,INDIA
A14,15,A33,A42,306.0,A64,A74,3,A92,A101,2,A122,30,A143,A152,2,A173,1,A191,A201,1,0,1,3533.0,INDIA
A12,24,A33,A49,1510.0,A65,A73,4,A93,A101,2,A122,37,A141,A152,2,A174,1,A192,A201,1,0,0,35823.0,INDIA
A14,6,A32,A43,404.0,A62,A75,2,A93,A101,4,A124,42,A141,A153,1,A173,2,A192,A201,1,0,0,8319.0,INDIA
A11,18,A32,A42,682.0,A61,A73,2,A93,A101,2,A123,22,A143,A152,1,A173,1,A191,A201,2,1,1,10752.0,INDIA
A12,48,A32,A43,1021.0,A65,A74,4,A93,A101,1,A123,41,A143,A152,2,A173,2,A192,A201,1,0,0,17122.0,INDIA
A13,10,A32,A44,375.0,A61,A73,2,A93,A101,2,A123,37,A143,A152,1,A173,1,A192,A201,1,0,0,10300.0,INDIA
A11,24,A32,A42,2315.0,A65,A72,1,A92,A101,2,A122,30,A143,A152,1,A173,1,A192,A202,1,0,0,50904.0,INDIA
A12,24,A32,A43,743.0,A62,A72,2,A93,A101,1,A123,29,A143,A152,1,A173,1,A191,A201,1,0,0,14396.0,INDIA
A12,12,A32,A43,319.0,A63,A73,3,A91,A101,1,A123,26,A143,A152,1,A173,1,A192,A201,1,1,1,6995.0,INDIA
A14,15,A34,A43,377.0,A61,A73,4,A93,A101,2,A122,31,A143,A152,2,A173,1,A191,A201,1,0,1,6892.0,INDIA
A11,12,A32,A43,461.0,A61,A73,4,A92,A101,1,A123,23,A141,A152,1,A173,1,A191,A201,1,0,0,8886.0,INDIA
A11,36,A34,A42,694.0,A61,A73,3,A94,A101,2,A122,46,A143,A152,2,A173,1,A192,A201,1,0,1,11180.0,INDIA
A14,12,A32,A43,206.0,A61,A73,4,A93,A101,2,A121,30,A141,A152,2,A173,1,A191,A201,1,0,0,3861.0,INDIA
A14,9,A32,A42,579.0,A61,A72,2,A92,A102,2,A123,19,A143,A151,2,A173,1,A191,A201,2,1,0,13355.0,INDIA
A14,15,A32,A42,706.0,A61,A72,2,A93,A101,3,A122,27,A141,A152,2,A172,1,A191,A201,1,0,1,8262.0,INDIA
A14,15,A32,A44,340.0,A63,A74,4,A93,A101,3,A122,36,A143,A152,2,A173,1,A192,A201,1,0,0,8497.0,INDIA
A14,36,A34,A43,808.0,A65,A75,4,A93,A101,2,A123,51,A143,A152,1,A173,1,A192,A201,1,0,1,12912.0,INDIA
A12,8,A32,A43,231.0,A61,A74,4,A92,A103,2,A121,44,A143,A152,1,A172,1,A191,A201,1,0,0,5316.0,INDIA
A14,4,A34,A43,424.0,A61,A74,2,A93,A101,1,A121,42,A143,A152,3,A172,2,A191,A201,1,0,1,9460.0,INDIA
A14,18,A32,A45,534.0,A61,A72,4,A92,A101,4,A121,23,A143,A152,1,A173,1,A191,A201,2,1,0,12008.0,INDIA
A14,48,A32,A43,2644.0,A65,A74,4,A93,A101,3,A123,37,A142,A152,1,A173,1,A192,A201,1,0,0,57383.0,INDIA
A11,6,A32,A42,109.0,A61,A75,2,A92,A101,1,A122,49,A141,A152,1,A173,1,A192,A201,1,0,0,3039.0,INDIA
A11,12,A32,A42,370.0,A61,A73,4,A93,A103,1,A122,21,A143,A152,1,A172,1,A191,A201,1,0,0,7380.0,INDIA
A14,12,A32,A43,788.0,A64,A74,2,A91,A101,4,A121,61,A143,A152,1,A172,1,A191,A201,1,0,0,18824.0,INDIA
A12,42,A34,A49,1449.0,A61,A74,2,A92,A101,1,A121,41,A141,A152,2,A172,1,A191,A201,1,0,0,33930.0,INDIA
A14,36,A32,A42,3319.0,A61,A71,4,A92,A101,2,A123,26,A143,A152,2,A174,1,A192,A201,2,1,0,50310.0,INDIA
A12,27,A30,A49,2243.0,A61,A75,2,A92,A101,4,A124,42,A143,A153,2,A174,1,A192,A201,2,1,0,35857.0,INDIA
A12,30,A32,A43,807.0,A65,A75,2,A92,A101,4,A123,25,A143,A152,1,A173,1,A191,A201,1,0,0,14899.0,INDIA
A12,30,A32,A40,590.0,A61,A73,4,A92,A103,2,A124,24,A141,A152,1,A173,1,A191,A201,2,1,0,9374.0,INDIA
A11,24,A32,A42,965.0,A61,A72,4,A93,A101,1,A124,22,A141,A153,1,A173,1,A191,A201,1,0,1,16844.0,INDIA
A11,6,A32,A40,319.0,A62,A75,3,A93,A101,2,A122,43,A143,A152,1,A173,1,A192,A201,1,0,0,5704.0,INDIA
A12,8,A32,A43,427.0,A61,A73,4,A93,A103,2,A121,33,A143,A152,1,A173,1,A191,A202,1,0,0,9235.0,INDIA
A11,24,A32,A40,730.0,A61,A75,4,A93,A102,1,A121,45,A143,A152,1,A173,1,A191,A201,2,1,0,10855.0,INDIA
A12,11,A32,A42,463.0,A64,A72,4,A92,A101,1,A121,20,A143,A152,1,A173,1,A191,A201,1,0,1,11647.0,INDIA
A12,24,A34,A49,531.0,A61,A75,4,A91,A101,4,A121,31,A143,A152,2,A173,1,A192,A201,2,1,0,9930.0,INDIA
A11,36,A32,A40,977.0,A61,A74,2,A93,A101,4,A124,39,A141,A153,1,A174,2,A192,A201,1,0,0,22891.0,INDIA
A12,48,A30,A40,2311.0,A63,A72,1,A92,A101,1,A123,30,A143,A152,2,A173,1,A191,A201,1,0,0,28734.0,INDIA
A14,24,A32,A42,835.0,A63,A75,4,A93,A101,3,A124,32,A143,A151,1,A173,1,A192,A201,1,0,1,16092.0,INDIA
A14,9,A32,A42,559.0,A61,A72,2,A92,A102,2,A123,19,A143,A151,2,A173,1,A191,A201,2,1,0,6427.0,INDIA
A14,6,A32,A43,558.0,A61,A74,2,A94,A101,2,A121,29,A143,A151,1,A173,1,A191,A201,1,0,1,12776.0,INDIA
A11,6,A34,A40,336.0,A61,A72,2,A93,A101,4,A121,40,A143,A152,1,A172,2,A191,A202,1,0,1,5729.0,INDIA
A12,7,A32,A43,659.0,A61,A73,3,A93,A103,2,A121,34,A143,A152,1,A173,1,A191,A201,1,0,0,18259.0,INDIA
A14,36,A32,A40,226.0,A63,A75,4,A93,A101,4,A122,36,A143,A152,1,A173,1,A191,A201,1,0,0,3775.0,INDIA
A12,12,A32,A41,553.0,A65,A73,4,A93,A101,2,A123,30,A143,A152,1,A173,1,A191,A201,1,0,1,11570.0,INDIA
A11,24,A32,A42,1187.0,A61,A73,4,A93,A101,4,A122,28,A143,A152,1,A173,1,A191,A201,1,0,0,18434.0,INDIA
A14,12,A32,A40,438.0,A63,A73,2,A92,A101,2,A122,26,A143,A152,1,A173,1,A191,A201,2,1,0,9598.0,INDIA
A11,24,A32,A42,722.0,A65,A73,2,A94,A101,4,A123,20,A143,A152,1,A173,1,A191,A201,2,1,0,13877.0,INDIA
A11,18,A32,A42,718.0,A61,A71,4,A93,A101,1,A123,25,A143,A152,1,A171,1,A191,A201,2,1,0,12582.0,INDIA
A11,45,A30,A49,3267.0,A61,A75,2,A93,A101,4,A123,29,A143,A151,2,A173,1,A191,A201,2,1,0,47649.0,INDIA
A11,21,A32,A42,863.0,A61,A74,1,A92,A101,4,A123,26,A143,A151,1,A172,1,A191,A201,1,0,0,11187.0,INDIA
A13,6,A34,A40,343.0,A62,A75,2,A91,A101,4,A123,28,A143,A152,2,A173,2,A192,A201,1,0,0,4497.0,INDIA
A12,12,A32,A40,220.0,A61,A75,4,A93,A101,4,A123,41,A141,A152,1,A172,2,A191,A201,2,1,0,6288.0,INDIA
A11,12,A32,A40,194.0,A61,A74,4,A93,A101,2,A121,26,A143,A152,1,A173,1,A191,A201,2,1,0,3542.0,INDIA
A14,12,A34,A42,1514.0,A65,A75,2,A93,A101,4,A122,49,A143,A151,1,A173,1,A192,A201,1,0,1,16705.0,INDIA
A11,18,A30,A49,843.0,A61,A74,3,A93,A101,1,A122,31,A141,A152,1,A173,1,A192,A201,1,0,0,23411.0,INDIA
A14,6,A32,A40,190.0,A61,A71,1,A92,A101,4,A121,54,A143,A152,1,A171,1,A192,A201,1,0,0,2157.0,INDIA
A11,36,A33,A46,1640.0,A61,A73,4,A93,A101,3,A122,29,A142,A152,1,A173,1,A192,A201,2,1,0,30122.0,INDIA
A14,12,A34,A43,246.0,A65,A75,4,A93,A101,4,A123,35,A143,A152,2,A173,1,A191,A201,1,0,1,5812.0,INDIA
A14,36,A32,A43,589.0,A65,A73,4,A92,A101,4,A123,25,A143,A152,1,A173,1,A191,A201,1,0,1,15960.0,INDIA
A13,12,A32,A42,640.0,A61,A73,1,A92,A101,2,A123,46,A143,A152,1,A172,1,A191,A201,1,0,0,15070.0,INDIA
A11,24,A32,A40,367.0,A65,A73,4,A92,A101,2,A122,35,A143,A152,1,A173,1,A191,A201,2,1,1,7032.0,INDIA
A14,22,A32,A43,760.0,A63,A75,3,A93,A101,4,A123,40,A143,A152,1,A173,1,A191,A201,1,0,0,21394.0,INDIA
A12,48,A34,A42,1308.0,A61,A73,2,A92,A101,3,A123,30,A143,A152,1,A174,1,A192,A201,2,1,0,15293.0,INDIA
A12,11,A34,A40,317.0,A64,A73,4,A92,A101,4,A123,40,A143,A152,2,A173,1,A191,A201,1,0,0,8993.0,INDIA
A12,36,A33,A49,1413.0,A61,A73,2,A91,A101,2,A121,30,A142,A152,2,A174,1,A192,A201,2,1,0,36666.0,INDIA
A11,18,A32,A42,279.0,A61,A71,4,A92,A101,2,A123,33,A143,A152,1,A173,1,A191,A201,2,1,0,7630.0,INDIA
A14,12,A34,A43,154.0,A61,A75,4,A93,A101,4,A121,56,A143,A152,1,A173,1,A191,A201,1,0,1,2385.0,INDIA
A11,9,A34,A43,285.0,A61,A73,4,A93,A101,4,A121,25,A143,A152,2,A172,1,A191,A201,1,0,0,3850.0,INDIA
A14,15,A34,A42,1071.0,A61,A73,4,A93,A101,2,A124,28,A143,A153,1,A173,1,A192,A201,1,0,0,24284.0,INDIA
A12,36,A32,A46,659.0,A61,A74,3,A93,A101,1,A123,32,A143,A152,2,A173,2,A191,A201,1,0,0,13232.0,INDIA
A13,10,A32,A44,354.0,A61,A73,2,A93,A101,2,A123,37,A143,A152,1,A173,1,A192,A201,1,0,0,7154.0,INDIA
A11,12,A34,A40,681.0,A61,A73,4,A93,A101,2,A122,30,A143,A152,2,A173,1,A191,A201,1,0,0,18573.0,INDIA
A14,36,A34,A41,2713.0,A65,A73,4,A93,A101,2,A123,30,A143,A152,1,A174,1,A192,A201,1,0,0,59451.0,INDIA
A12,24,A33,A42,660.0,A61,A71,3,A92,A101,2,A122,34,A143,A152,1,A174,1,A192,A201,2,1,1,10873.0,INDIA
A11,24,A32,A40,588.0,A61,A75,4,A93,A102,1,A121,45,A143,A152,1,A173,1,A191,A201,2,1,0,10608.0,INDIA
A14,30,A34,A43,1676.0,A61,A74,4,A92,A101,2,A123,25,A143,A152,2,A173,1,A191,A201,1,0,0,22374.0,INDIA
A14,10,A32,A40,373.0,A61,A73,2,A92,A101,4,A123,64,A143,A152,1,A173,1,A192,A201,1,0,1,5366.0,INDIA
A14,60,A33,A43,4230.0,A61,A74,2,A93,A101,4,A123,21,A143,A152,2,A173,1,A192,A201,1,0,1,57202.0,INDIA
A14,36,A34,A43,3025.0,A61,A73,2,A92,A101,2,A123,31,A142,A152,2,A173,1,A191,A201,1,0,0,76415.0,INDIA
A12,18,A34,A42,1594.0,A61,A75,2,A93,A101,1,A124,41,A143,A152,1,A173,1,A192,A201,1,1,1,37309.0,INDIA
A11,18,A30,A42,1002.0,A61,A72,1,A92,A101,4,A122,26,A143,A151,1,A173,1,A191,A201,2,1,0,20375.0,INDIA
A14,24,A32,A41,723.0,A61,A72,4,A92,A101,1,A124,29,A143,A152,1,A174,1,A192,A201,1,0,1,12717.0,INDIA
A11,36,A32,A41,2438.0,A65,A75,3,A93,A101,4,A124,47,A143,A153,1,A173,1,A191,A201,2,1,1,55502.0,INDIA
A14,18,A34,A43,373.0,A65,A73,4,A93,A101,3,A122,29,A143,A152,2,A173,1,A192,A201,1,0,0,9440.0,INDIA
A12,18,A32,A46,301.0,A65,A73,4,A93,A101,4,A124,61,A143,A153,1,A173,1,A191,A201,1,0,0,7979.0,INDIA
A11,12,A32,A43,473.0,A61,A73,4,A92,A101,1,A123,23,A141,A152,1,A173,1,A191,A201,1,1,1,9757.0,INDIA
A11,6,A34,A43,334.0,A65,A75,4,A93,A101,4,A121,67,A143,A152,2,A173,1,A192,A201,1,0,1,8494.0,INDIA
A14,18,A32,A43,335.0,A65,A72,4,A92,A101,2,A121,21,A143,A151,1,A173,1,A192,A201,1,0,1,6700.0,INDIA
A11,24,A31,A40,299.0,A61,A71,1,A92,A102,4,A124,29,A143,A151,2,A171,1,A191,A201,2,1,0,5786.0,INDIA
A12,24,A32,A43,1063.0,A63,A71,1,A92,A101,4,A124,23,A143,A151,1,A171,1,A191,A201,1,0,0,27884.0,INDIA
A12,18,A30,A42,956.0,A61,A73,1,A92,A101,4,A123,33,A141,A152,2,A173,1,A192,A201,1,0,1,17017.0,INDIA
A11,24,A32,A40,334.0,A61,A72,4,A92,A101,4,A122,24,A143,A151,1,A173,1,A191,A201,2,1,1,6001.0,INDIA
A14,24,A32,A49,1152.0,A64,A73,2,A93,A101,3,A122,54,A143,A152,3,A174,1,A192,A201,2,1,0,18854.0,INDIA
A12,15,A31,A40,1771.0,A62,A71,1,A93,A101,2,A122,34,A143,A152,1,A174,2,A192,A201,2,1,0,35649.0,INDIA
A11,36,A32,A42,1067.0,A61,A75,4,A93,A101,2,A123,42,A143,A152,1,A173,2,A191,A201,2,1,0,21969.0,INDIA
A14,24,A32,A43,779.0,A63,A75,3,A91,A101,2,A123,26,A143,A152,1,A174,1,A192,A201,1,0,0,17624.0,INDIA
A11,8,A34,A40,218.0,A61,A75,4,A93,A101,4,A121,47,A143,A152,2,A172,1,A191,A201,1,0,1,4050.0,INDIA
A14,30,A32,A43,601.0,A65,A75,4,A93,A101,4,A123,58,A143,A152,1,A173,1,A192,A201,1,0,1,8915.0,INDIA
A14,12,A34,A43,125.0,A63,A75,4,A93,A101,4,A122,42,A143,A152,2,A173,2,A192,A201,1,0,1,3282.0,INDIA
A11,42,A32,A43,1804.0,A65,A74,4,A92,A101,3,A123,30,A143,A152,1,A174,1,A192,A201,2,1,0,30830.0,INDIA
A14,18,A32,A42,585.0,A61,A73,4,A93,A101,4,A124,47,A141,A153,2,A173,1,A191,A201,1,0,0,15938.0,INDIA
A14,36,A34,A43,2325.0,A61,A73,2,A92,A101,2,A123,31,A142,A152,2,A173,1,A191,A201,1,0,0,34060.0,INDIA
A12,12,A32,A43,383.0,A61,A72,2,A93,A101,1,A123,22,A142,A152,1,A173,1,A191,A201,2,1,0,7988.0,INDIA
A12,36,A33,A49,2912.0,A62,A74,1,A93,A101,3,A122,31,A143,A152,2,A172,2,A192,A201,1,0,0,59534.0,INDIA
A14,36,A32,A49,1650.0,A62,A74,2,A93,A101,2,A123,31,A143,A152,2,A173,1,A192,A201,1,0,0,42214.0,INDIA
A12,24,A33,A42,555.0,A61,A71,3,A92,A101,2,A122,34,A143,A152,1,A174,1,A192,A201,2,1,1,7461.0,INDIA
A11,36,A32,A41,2472.0,A65,A75,3,A93,A101,4,A124,47,A143,A153,1,A173,1,A191,A201,2,1,1,66781.0,INDIA
A11,48,A32,A40,1132.0,A61,A74,4,A93,A101,4,A124,46,A143,A153,1,A173,2,A191,A201,2,1,1,23040.0,INDIA
A11,36,A34,A42,1372.0,A61,A73,3,A93,A103,2,A122,28,A143,A152,2,A173,1,A191,A201,1,0,0,29245.0,INDIA
A12,30,A32,A42,1093.0,A61,A72,2,A94,A101,1,A122,22,A143,A152,1,A173,1,A191,A201,1,0,1,21837.0,INDIA
A11,12,A32,A46,248.0,A61,A72,4,A92,A101,4,A122,53,A143,A152,1,A173,1,A191,A201,2,1,0,2885.0,INDIA
A11,27,A30,A49,1556.0,A61,A71,2,A93,A101,4,A122,50,A142,A152,2,A173,1,A192,A201,2,1,0,30729.0,INDIA
A14,27,A33,A49,1421.0,A61,A74,3,A93,A101,4,A123,26,A143,A152,2,A173,1,A191,A201,1,0,0,22222.0,INDIA
A14,21,A34,A40,3360.0,A65,A75,4,A93,A101,4,A124,30,A143,A153,1,A174,1,A192,A201,2,1,1,57225.0,INDIA
A14,9,A32,A43,362.0,A61,A74,4,A93,A101,2,A123,22,A143,A152,1,A173,1,A191,A201,2,1,1,8118.0,INDIA
A14,30,A34,A43,1171.0,A61,A74,4,A92,A101,4,A123,26,A143,A151,1,A174,1,A192,A201,1,0,1,23138.0,INDIA
A12,48,A32,A43,2619.0,A64,A74,1,A93,A102,2,A124,27,A141,A152,2,A173,1,A192,A201,2,1,0,33106.0,INDIA
A12,30,A30,A49,1354.0,A61,A73,2,A92,A101,1,A123,28,A143,A152,2,A173,1,A191,A201,1,0,0,16635.0,INDIA
A12,15,A32,A40,675.0,A62,A73,2,A92,A101,4,A123,28,A143,A151,2,A173,1,A192,A201,2,1,0,9631.0,INDIA
A14,12,A32,A40,577.0,A61,A75,4,A93,A101,4,A123,39,A143,A152,1,A174,1,A192,A201,1,0,1,8285.0,INDIA
A12,18,A34,A49,476.0,A65,A73,4,A94,A101,4,A121,28,A141,A152,2,A173,1,A191,A201,1,0,0,10332.0,INDIA
A14,36,A32,A43,602.0,A63,A75,4,A93,A101,4,A123,39,A143,A152,1,A173,1,A191,A201,1,0,0,8506.0,INDIA
A14,12,A32,A43,585.0,A62,A74,3,A93,A101,1,A124,35,A143,A152,1,A173,1,A191,A201,1,0,0,15513.0,INDIA
A14,48,A34,A40,2686.0,A63,A73,2,A93,A101,2,A124,44,A141,A153,1,A173,1,A191,A201,2,1,0,39462.0,INDIA
A12,26,A32,A41,2430.0,A61,A72,2,A93,A101,3,A123,30,A143,A152,2,A173,1,A191,A201,1,0,1,30628.0,INDIA
A11,27,A32,A43,1088.0,A61,A73,3,A93,A101,2,A123,27,A143,A152,1,A174,1,A191,A201,1,0,0,28737.0,INDIA
A11,24,A32,A40,430.0,A65,A73,4,A92,A101,2,A122,35,A143,A152,1,A173,1,A191,A201,2,1,1,6965.0,INDIA
A13,15,A32,A49,674.0,A61,A74,2,A93,A101,4,A122,26,A143,A151,1,A173,1,A192,A201,1,0,0,12461.0,INDIA
A14,10,A34,A42,651.0,A61,A72,1,A92,A101,3,A121,23,A143,A151,2,A173,1,A191,A201,1,0,1,18149.0,INDIA
A12,24,A33,A43,389.0,A62,A74,3,A92,A101,2,A122,23,A143,A151,2,A173,1,A192,A201,1,0,1,10745.0,INDIA
A11,12,A32,A46,250.0,A61,A72,4,A92,A101,4,A122,53,A143,A152,1,A173,1,A191,A201,2,1,0,5896.0,INDIA
A14,15,A32,A41,1073.0,A62,A72,1,A92,A101,4,A123,23,A143,A152,1,A173,1,A192,A201,1,0,1,13105.0,INDIA
A11,14,A32,A40,1058.0,A61,A71,1,A93,A101,4,A124,22,A143,A153,1,A173,1,A191,A201,1,0,0,22686.0,INDIA
A12,24,A32,A43,777.0,A62,A72,3,A94,A101,2,A123,22,A143,A151,1,A173,1,A192,A201,2,1,0,22073.0,INDIA
A12,24,A32,A41,983.0,A63,A72,3,A92,A101,4,A123,28,A143,A151,1,A173,1,A191,A201,2,1,1,27195.0,INDIA
A12,15,A32,A45,392.0,A62,A73,4,A93,A103,2,A121,22,A143,A152,1,A173,1,A191,A201,1,0,0,5043.0,INDIA
A11,48,A32,A49,1356.0,A61,A72,3,A92,A101,4,A122,24,A143,A151,1,A173,1,A191,A201,2,1,0,24366.0,INDIA
A12,6,A32,A43,326.0,A61,A75,4,A93,A101,4,A123,28,A143,A152,1,A173,2,A191,A201,1,0,0,5396.0,INDIA
A12,36,A31,A44,1275.0,A65,A72,3,A92,A101,2,A124,29,A141,A152,1,A171,1,A191,A201,1,0,1,16936.0,INDIA
A12,12,A32,A40,206.0,A62,A72,4,A92,A101,2,A122,23,A141,A152,1,A172,1,A191,A201,2,1,0,4785.0,INDIA
A14,15,A32,A43,1027.0,A61,A75,4,A92,A101,2,A123,54,A141,A151,1,A174,1,A192,A201,1,0,1,16247.0,INDIA
A14,36,A33,A43,1159.0,A61,A73,4,A93,A101,2,A123,26,A143,A152,2,A174,1,A192,A201,2,1,1,19784.0,INDIA
A14,24,A32,A40,2097.0,A61,A73,1,A93,A101,4,A122,43,A143,A152,1,A172,2,A191,A201,1,0,1,26402.0,INDIA
A11,15,A32,A43,279.0,A61,A72,4,A94,A101,2,A121,27,A143,A152,1,A173,1,A191,A202,1,0,0,5514.0,INDIA
A14,48,A31,A49,945.0,A61,A73,1,A92,A101,1,A121,27,A142,A152,1,A173,1,A191,A201,1,0,0,13026.0,INDIA
A14,10,A34,A42,614.0,A61,A72,1,A92,A101,3,A121,23,A143,A151,2,A173,1,A191,A201,1,0,0,11423.0,INDIA
A12,36,A32,A41,1761.0,A61,A73,2,A93,A101,2,A123,35,A143,A151,1,A174,1,A192,A201,1,0,0,23814.0,INDIA
A14,24,A34,A41,1073.0,A61,A75,4,A92,A101,2,A123,41,A143,A151,2,A174,1,A192,A201,1,0,0,29816.0,INDIA
A12,24,A32,A43,1100.0,A63,A71,1,A92,A101,4,A124,23,A143,A151,1,A171,1,A191,A201,1,0,0,14907.0,INDIA
A14,30,A34,A43,1127.0,A61,A74,4,A92,A101,4,A123,26,A143,A151,1,A174,1,A192,A201,1,0,0,22749.0,INDIA
A11,12,A30,A45,350.0,A61,A74,4,A93,A101,3,A121,28,A143,A152,2,A173,1,A191,A201,2,1,0,5063.0,INDIA
A14,12,A32,A40,389.0,A63,A73,2,A92,A101,2,A122,26,A143,A152,1,A173,1,A191,A201,2,1,1,4802.0,INDIA
A14,12,A34,A40,284.0,A61,A71,1,A92,A101,2,A122,38,A143,A152,1,A171,1,A191,A201,1,0,1,4135.0,INDIA
A11,36,A31,A42,804.0,A61,A75,4,A93,A101,4,A123,31,A141,A152,1,A173,1,A191,A201,2,1,0,9619.0,INDIA
A11,6,A34,A43,101.0,A63,A75,4,A93,A101,4,A123,52,A143,A152,2,A173,1,A191,A201,1,0,0,1359.0,INDIA
A13,18,A32,A42,909.0,A61,A72,1,A92,A101,1,A122,45,A142,A152,1,A172,1,A191,A201,1,0,0,17894.0,INDIA
A11,24,A32,A43,619.0,A61,A73,2,A93,A101,4,A121,21,A143,A151,1,A172,2,A191,A201,2,1,1,13910.0,INDIA
A14,36,A32,A49,2145.0,A65,A75,3,A93,A101,2,A122,37,A143,A152,2,A173,1,A191,A201,1,0,0,26892.0,INDIA
A14,30,A32,A43,610.0,A63,A75,4,A93,A101,2,A123,30,A141,A152,1,A174,1,A191,A201,1,0,1,11445.0,INDIA
A12,30,A30,A49,1054.0,A62,A73,4,A92,A101,4,A123,26,A143,A151,2,A172,1,A191,A201,2,1,1,22376.0,INDIA
A12,30,A33,A49,723.0,A62,A75,4,A93,A101,2,A122,41,A142,A152,2,A173,1,A191,A201,1,0,1,10933.0,INDIA
A11,9,A32,A43,333.0,A61,A72,3,A92,A101,4,A122,22,A143,A151,1,A173,1,A191,A201,2,1,1,5844.0,INDIA
A11,36,A32,A41,1419.0,A61,A75,2,A93,A101,4,A124,42,A143,A153,1,A173,2,A191,A201,1,0,0,17403.0,INDIA
A11,28,A32,A40,974.0,A61,A73,3,A93,A101,2,A123,45,A143,A152,1,A172,1,A191,A201,2,1,1,14488.0,INDIA
A14,21,A34,A42,650.0,A61,A72,4,A92,A101,4,A122,23,A143,A152,1,A173,1,A192,A201,1,0,0,12490.0,INDIA
A14,9,A34,A46,235.0,A63,A75,4,A93,A101,2,A123,52,A143,A152,2,A173,1,A192,A201,1,0,0,6681.0,INDIA
A14,30,A32,A43,540.0,A65,A75,4,A93,A101,4,A123,58,A143,A152,1,A173,1,A192,A201,1,0,0,15409.0,INDIA
A12,9,A32,A43,241.0,A63,A73,4,A92,A101,3,A121,66,A143,A152,1,A172,1,A191,A201,1,0,0,6806.0,INDIA
A11,36,A32,A42,1111.0,A61,A73,1,A93,A103,2,A122,37,A143,A152,1,A173,2,A191,A201,1,0,1,20494.0,INDIA
A11,24,A32,A43,525.0,A61,A73,2,A93,A101,4,A121,21,A143,A151,1,A172,2,A191,A201,2,1,0,6520.0,INDIA
A11,18,A32,A40,277.0,A61,A72,1,A92,A101,2,A123,23,A143,A152,1,A172,1,A191,A201,2,1,0,4624.0,INDIA
A11,24,A31,A42,1961.0,A61,A72,2,A91,A101,1,A122,55,A141,A152,1,A173,1,A192,A201,2,1,0,29775.0,INDIA
A14,15,A33,A41,998.0,A61,A72,1,A92,A101,2,A122,46,A143,A152,2,A172,1,A191,A201,1,0,0,11226.0,INDIA
A14,21,A30,A40,1466.0,A65,A73,1,A92,A101,4,A122,29,A141,A152,2,A173,1,A192,A201,2,1,1,18583.0,INDIA
A14,24,A34,A40,517.0,A61,A73,4,A92,A101,4,A123,37,A143,A152,1,A173,1,A192,A201,1,0,0,9811.0,INDIA
A12,30,A32,A40,689.0,A61,A73,4,A92,A103,2,A124,24,A141,A152,1,A173,1,A191,A201,2,1,1,11698.0,INDIA
A14,9,A32,A49,357.0,A61,A74,3,A92,A101,2,A123,27,A143,A152,2,A173,1,A191,A201,1,0,1,5060.0,INDIA
A12,24,A32,A40,836.0,A61,A73,3,A92,A101,4,A122,20,A143,A151,1,A172,1,A192,A201,2,1,1,19732.0,INDIA
A12,30,A34,A40,628.0,A65,A75,4,A93,A101,4,A121,36,A143,A152,2,A173,1,A191,A201,1,0,0,10855.0,INDIA
A12,60,A33,A43,1918.0,A65,A73,1,A93,A101,1,A121,27,A143,A152,1,A172,1,A191,A201,1,0,0,49854.0,INDIA
A12,9,A32,A43,363.0,A61,A75,4,A92,A101,4,A121,25,A143,A152,1,A173,1,A191,A201,1,0,0,5533.0,INDIA
A11,48,A32,A40,963.0,A61,A74,4,A93,A101,4,A124,46,A143,A153,1,A173,2,A191,A201,2,1,0,19718.0,INDIA
A14,18,A34,A42,551.0,A61,A73,4,A92,A101,2,A124,28,A143,A152,2,A173,1,A191,A201,1,0,1,7847.0,INDIA
A12,15,A33,A45,435.0,A64,A73,3,A94,A101,3,A122,61,A142,A152,2,A173,1,A191,A201,2,1,0,8577.0,INDIA
A12,30,A34,A40,1294.0,A61,A71,4,A94,A101,2,A123,28,A143,A152,2,A174,1,A191,A201,2,1,0,17706.0,INDIA
A11,8,A34,A40,179.0,A61,A75,4,A93,A101,4,A121,47,A143,A152,2,A172,1,A191,A201,1,0,0,2478.0,INDIA
A14,12,A34,A42,379.0,A61,A72,2,A92,A101,4,A122,22,A143,A151,2,A172,1,A191,A201,1,0,1,8253.0,INDIA
A14,6,A32,A43,419.0,A61,A74,3,A93,A101,2,A122,51,A143,A152,1,A173,2,A191,A201,1,0,0,6554.0,INDIA
A11,6,A34,A40,208.0,A64,A74,3,A92,A101,4,A121,39,A143,A152,2,A172,1,A192,A201,1,0,1,2919.0,INDIA
A14,12,A32,A43,219.0,A65,A73,4,A92,A101,2,A123,21,A143,A152,1,A173,1,A191,A201,1,0,0,2621.0,NIGERIA
A12,30,A34,A40,904.0,A61,A71,4,A94,A101,2,A123,28,A143,A152,2,A174,1,A191,A201,2,1,1,10296.0,NIGERIA
A12,60,A33,A43,1477.0,A65,A73,1,A93,A101,1,A121,27,A143,A152,1,A172,1,A191,A201,1,0,1,33489.0,NIGERIA
A14,6,A34,A43,308.0,A61,A74,1,A92,A101,2,A123,24,A143,A151,2,A173,1,A192,A201,1,0,0,3694.0,NIGERIA
A11,12,A32,A42,285.0,A65,A75,2,A91,A101,4,A122,49,A143,A152,1,A172,1,A192,A201,1,0,0,2591.0,NIGERIA
A13,18,A32,A40,403.0,A61,A75,3,A92,A101,2,A123,23,A143,A152,1,A174,1,A191,A201,1,0,1,7022.0,NIGERIA
A14,24,A34,A43,549.0,A65,A75,4,A93,A101,4,A122,53,A143,A152,2,A173,1,A191,A201,1,0,0,7854.0,NIGERIA
A11,12,A32,A43,154.0,A62,A72,4,A94,A101,3,A124,33,A143,A152,1,A172,1,A192,A201,2,1,1,2725.0,NIGERIA
A14,48,A32,A43,2572.0,A65,A74,4,A93,A101,3,A123,37,A142,A152,1,A173,1,A192,A201,1,0,1,60102.0,NIGERIA
A12,16,A34,A40,270.0,A61,A71,2,A93,A101,3,A123,68,A143,A153,3,A171,1,A192,A201,1,0,1,2823.0,NIGERIA
A14,9,A32,A40,786.0,A62,A73,1,A93,A103,2,A121,26,A143,A151,1,A173,2,A191,A202,1,0,0,13862.0,NIGERIA
A14,15,A32,A40,818.0,A65,A73,3,A93,A101,2,A124,29,A143,A152,1,A173,1,A191,A201,1,0,0,13515.0,NIGERIA
A11,9,A32,A40,288.0,A61,A72,3,A93,A101,2,A124,27,A143,A153,1,A174,1,A192,A201,2,1,1,4068.0,NIGERIA
A11,24,A32,A40,317.0,A65,A73,4,A92,A101,2,A122,35,A143,A152,1,A173,1,A191,A201,2,1,1,3165.0,NIGERIA
A14,24,A32,A40,332.0,A62,A72,4,A94,A101,3,A121,33,A143,A152,1,A173,1,A192,A201,1,0,1,5184.0,NIGERIA
A12,30,A34,A40,997.0,A61,A71,4,A94,A101,2,A123,28,A143,A152,2,A174,1,A191,A201,2,1,1,10117.0,NIGERIA
A14,12,A34,A43,198.0,A65,A75,4,A93,A101,4,A123,35,A143,A152,2,A173,1,A191,A201,1,0,1,1952.0,NIGERIA
A14,36,A33,A41,1851.0,A65,A74,3,A93,A101,2,A123,31,A142,A152,1,A174,2,A192,A201,1,0,0,25462.0,NIGERIA
A11,9,A32,A42,412.0,A61,A73,3,A93,A101,2,A121,25,A143,A152,1,A173,1,A191,A201,1,0,0,8482.0,NIGERIA
A14,6,A34,A40,81.0,A62,A73,4,A92,A101,4,A123,52,A143,A152,2,A172,1,A191,A201,1,0,0,1703.0,NIGERIA
A14,18,A32,A43,941.0,A61,A72,3,A93,A101,2,A123,32,A143,A152,1,A173,1,A192,A201,1,0,0,12018.0,NIGERIA
A11,12,A30,A45,220.0,A61,A74,4,A93,A101,3,A121,28,A143,A152,2,A173,1,A191,A201,2,1,0,5050.0,NIGERIA
A12,15,A33,A45,361.0,A64,A73,3,A94,A101,3,A122,61,A142,A152,2,A173,1,A191,A201,2,1,0,4823.0,NIGERIA
A11,18,A32,A42,778.0,A61,A72,1,A92,A101,4,A123,22,A143,A151,1,A173,1,A191,A201,1,0,0,15991.0,NIGERIA
A14,24,A34,A40,441.0,A61,A73,4,A92,A101,4,A123,37,A143,A152,1,A173,1,A192,A201,1,0,0,8650.0,NIGERIA
A14,24,A31,A49,316.0,A61,A74,4,A93,A101,4,A123,50,A141,A152,1,A173,1,A192,A201,1,0,1,5722.0,NIGERIA
A12,48,A32,A40,1394.0,A62,A74,3,A93,A101,2,A122,24,A143,A152,1,A173,1,A191,A201,2,1,1,21579.0,NIGERIA
A11,12,A32,A42,1905.0,A61,A75,4,A93,A101,4,A124,53,A143,A153,1,A174,1,A192,A201,2,1,0,32617.0,NIGERIA
A11,12,A32,A46,193.0,A61,A72,4,A92,A101,4,A122,53,A143,A152,1,A173,1,A191,A201,2,1,1,2180.0,NIGERIA
A14,15,A32,A42,561.0,A61,A72,2,A93,A101,3,A122,27,A141,A152,2,A172,1,A191,A201,1,0,1,5853.0,NIGERIA
A12,12,A32,A40,1858.0,A65,A71,1,A92,A101,2,A121,24,A143,A151,1,A171,1,A191,A201,1,1,1,24637.0,NIGERIA
A11,24,A32,A40,217.0,A65,A75,4,A92,A101,2,A123,29,A141,A152,1,A173,1,A191,A201,2,1,0,4606.0,NIGERIA
A11,12,A32,A46,152.0,A61,A72,4,A92,A101,4,A122,53,A143,A152,1,A173,1,A191,A201,2,1,1,3355.0,NIGERIA
A14,30,A34,A43,640.0,A65,A75,3,A93,A101,2,A123,40,A143,A152,2,A173,2,A192,A201,1,0,1,9216.0,NIGERIA
A12,48,A31,A49,1588.0,A61,A75,4,A92,A101,3,A124,59,A143,A151,1,A173,1,A191,A201,2,1,0,32989.0,NIGERIA
A14,24,A34,A40,500.0,A62,A74,4,A94,A101,3,A122,27,A143,A152,2,A173,1,A192,A201,1,0,1,8294.0,NIGERIA
A12,36,A33,A40,605.0,A62,A75,4,A93,A101,3,A124,30,A143,A153,1,A173,1,A191,A201,1,1,1,6755.0,NIGERIA
A12,18,A32,A40,1412.0,A62,A73,2,A93,A101,2,A123,30,A143,A152,2,A173,1,A192,A201,1,0,0,18671.0,NIGERIA
A12,60,A32,A40,3022.0,A61,A74,4,A93,A101,2,A124,27,A143,A152,1,A174,1,A192,A201,2,1,1,46728.0,NIGERIA
A11,12,A32,A42,171.0,A61,A73,2,A93,A103,3,A122,38,A143,A152,1,A172,2,A191,A201,1,0,1,2001.0,NIGERIA
A14,24,A32,A41,1896.0,A61,A74,3,A93,A101,3,A123,38,A143,A152,1,A174,1,A192,A201,1,0,1,34262.0,NIGERIA
A12,42,A34,A49,1491.0,A61,A74,2,A92,A101,1,A121,41,A141,A152,2,A172,1,A191,A201,1,0,1,34333.0,NIGERIA
A11,24,A32,A42,379.0,A61,A72,4,A93,A102,1,A122,24,A143,A152,1,A172,1,A191,A202,1,0,0,6370.0,NIGERIA
A14,48,A34,A40,2269.0,A63,A73,2,A93,A101,2,A124,44,A141,A153,1,A173,1,A191,A201,2,1,1,38948.0,NIGERIA
A14,18,A32,A42,314.0,A61,A72,4,A94,A102,1,A122,43,A143,A152,1,A172,2,A191,A201,2,1,0,3695.0,NIGERIA
A12,6,A32,A45,107.0,A61,A72,3,A94,A101,1,A122,22,A143,A152,1,A172,1,A191,A201,1,0,1,2288.0,NIGERIA
A14,18,A33,A43,556.0,A61,A71,2,A94,A101,3,A121,34,A143,A152,2,A173,1,A191,A201,1,0,0,6982.0,NIGERIA
A12,12,A32,A43,309.0,A61,A72,1,A94,A101,1,A121,23,A143,A151,1,A173,1,A191,A201,2,1,0,5840.0,NIGERIA
A12,42,A34,A49,1137.0,A61,A74,2,A92,A101,1,A121,41,A141,A152,2,A172,1,A191,A201,1,0,1,11883.0,NIGERIA
A14,12,A34,A43,288.0,A65,A75,4,A92,A101,2,A121,38,A143,A152,2,A173,1,A192,A201,1,0,1,6228.0,NIGERIA
A12,48,A33,A49,1344.0,A65,A73,4,A93,A101,4,A124,38,A143,A153,1,A173,2,A192,A201,1,0,1,20402.0,NIGERIA
A11,10,A32,A43,522.0,A61,A75,3,A93,A101,4,A121,52,A143,A152,1,A172,1,A191,A201,1,0,1,5591.0,NIGERIA
A11,10,A34,A40,213.0,A61,A74,4,A93,A102,3,A122,49,A143,A152,2,A173,1,A192,A201,1,0,0,2880.0,NIGERIA
A12,60,A33,A43,1997.0,A65,A73,2,A93,A101,2,A124,27,A143,A153,1,A174,1,A191,A201,1,0,1,43319.0,NIGERIA
A12,36,A33,A49,989.0,A61,A73,2,A91,A101,2,A121,30,A142,A152,2,A174,1,A192,A201,2,1,1,21359.0,NIGERIA
A14,30,A32,A43,410.0,A65,A75,4,A93,A101,4,A123,58,A143,A152,1,A173,1,A192,A201,1,0,0,8510.0,NIGERIA
A14,11,A34,A43,256.0,A62,A71,4,A92,A101,4,A121,57,A143,A152,3,A172,1,A191,A201,1,0,0,5052.0,NIGERIA
A11,24,A32,A42,370.0,A61,A72,4,A93,A102,1,A122,24,A143,A152,1,A172,1,A191,A202,1,0,0,4698.0,NIGERIA
A12,24,A34,A49,380.0,A61,A75,4,A91,A101,4,A121,31,A143,A152,2,A173,1,A192,A201,2,1,0,5438.0,NIGERIA
A12,27,A30,A49,2019.0,A61,A75,2,A92,A101,4,A124,42,A143,A153,2,A174,1,A192,A201,2,1,0,44554.0,NIGERIA
A14,48,A33,A43,3104.0,A63,A74,4,A93,A101,1,A123,37,A143,A152,1,A174,1,A192,A201,1,0,0,66876.0,NIGERIA
A14,10,A32,A40,404.0,A63,A73,3,A93,A101,2,A124,40,A143,A151,1,A172,2,A191,A202,1,0,1,5952.0,NIGERIA
A12,36,A32,A42,1725.0,A62,A72,4,A93,A102,1,A124,29,A143,A151,1,A174,1,A192,A201,2,1,1,31638.0,NIGERIA
A11,33,A34,A42,1031.0,A63,A73,1,A92,A101,4,A123,23,A143,A152,2,A173,1,A191,A201,2,1,1,14621.0,NIGERIA
A11,12,A32,A43,443.0,A61,A73,4,A93,A101,3,A122,24,A143,A152,1,A172,1,A191,A201,1,0,1,4102.0,NIGERIA
A12,24,A32,A43,436.0,A61,A75,4,A92,A101,4,A123,20,A143,A152,1,A173,1,A192,A201,1,0,0,9687.0,NIGERIA
A11,6,A34,A40,884.0,A65,A72,1,A93,A101,3,A121,44,A143,A152,2,A172,2,A191,A201,1,0,0,9083.0,NIGERIA
A14,6,A34,A40,49.0,A64,A73,2,A92,A101,2,A121,41,A141,A152,2,A172,1,A191,A201,1,0,0,841.0,NIGERIA
A14,24,A32,A43,266.0,A62,A74,4,A94,A101,3,A122,26,A143,A152,1,A173,1,A192,A201,1,0,0,4318.0,NIGERIA
A14,12,A32,A43,423.0,A62,A74,3,A93,A101,1,A124,35,A143,A152,1,A173,1,A191,A201,1,0,0,4479.0,NIGERIA
A14,18,A32,A45,441.0,A61,A72,4,A92,A101,4,A121,23,A143,A152,1,A173,1,A191,A201,2,1,1,4318.0,NIGERIA
A14,9,A32,A42,470.0,A62,A72,2,A92,A101,4,A122,22,A143,A151,1,A173,1,A191,A201,1,0,0,4560.0,NIGERIA
A14,18,A34,A43,358.0,A61,A73,4,A93,A101,2,A123,24,A143,A152,2,A173,1,A191,A201,1,0,0,5388.0,NIGERIA
A12,36,A32,A41,1351.0,A61,A73,2,A93,A101,2,A123,35,A143,A151,1,A174,1,A192,A201,1,0,0,19990.0,NIGERIA
A14,15,A31,A43,357.0,A62,A75,4,A93,A101,4,A123,34,A141,A152,1,A172,2,A191,A201,1,0,0,6157.0,NIGERIA
A11,15,A32,A49,173.0,A61,A73,4,A92,A101,4,A122,22,A143,A152,1,A172,1,A191,A201,1,0,0,2011.0,NIGERIA
A12,20,A33,A41,1571.0,A65,A74,3,A93,A101,4,A122,36,A141,A151,2,A174,2,A192,A201,1,0,0,24887.0,NIGERIA
A11,24,A32,A43,741.0,A61,A73,2,A92,A101,4,A123,28,A143,A152,1,A173,1,A191,A201,1,0,0,14268.0,NIGERIA
A11,18,A32,A43,325.0,A61,A73,4,A94,A101,3,A121,26,A141,A152,1,A173,1,A191,A201,2,1,0,4448.0,NIGERIA
A11,24,A32,A42,350.0,A61,A72,4,A93,A102,1,A122,24,A143,A152,1,A172,1,A191,A202,1,1,1,4988.0,NIGERIA
A14,5,A32,A49,785.0,A61,A74,1,A93,A101,4,A121,74,A143,A152,1,A172,1,A191,A201,1,0,1,16142.0,NIGERIA
A14,18,A31,A40,1603.0,A61,A75,2,A93,A101,4,A124,39,A141,A152,2,A174,2,A192,A201,2,1,0,18740.0,NIGERIA
A14,12,A32,A43,297.0,A61,A73,3,A93,A101,2,A123,25,A143,A152,1,A173,1,A191,A201,1,0,0,5484.0,NIGERIA
A11,6,A34,A40,210.0,A61,A75,1,A92,A101,4,A124,39,A143,A152,2,A173,1,A192,A201,1,0,0,2178.0,NIGERIA
A14,24,A32,A41,1531.0,A65,A75,3,A93,A101,4,A123,41,A143,A152,1,A174,2,A192,A201,1,0,0,19580.0,NIGERIA
A12,18,A34,A42,1478.0,A61,A71,4,A93,A101,4,A122,40,A142,A152,2,A174,1,A192,A201,1,0,0,31024.0,NIGERIA
A14,15,A34,A43,342.0,A61,A75,4,A93,A101,4,A123,46,A143,A152,2,A173,1,A192,A201,1,0,0,6408.0,NIGERIA
A14,9,A32,A42,298.0,A61,A73,4,A92,A101,2,A121,26,A143,A151,1,A173,1,A191,A201,1,0,0,3477.0,NIGERIA
A14,6,A34,A42,285.0,A65,A73,1,A94,A101,2,A122,27,A143,A152,2,A173,1,A191,A201,1,0,0,4167.0,NIGERIA
A11,12,A32,A43,143.0,A62,A72,4,A94,A101,3,A124,33,A143,A152,1,A172,1,A192,A201,2,1,1,3285.0,NIGERIA
A11,18,A34,A40,1117.0,A61,A75,2,A93,A101,4,A124,36,A143,A153,3,A174,1,A192,A201,1,0,0,24766.0,NIGERIA
A12,18,A32,A41,2677.0,A61,A71,3,A92,A101,4,A124,38,A143,A153,1,A174,1,A192,A201,2,1,1,53406.0,NIGERIA
A12,36,A33,A49,1913.0,A62,A74,1,A93,A101,3,A122,31,A143,A152,2,A172,2,A192,A201,1,0,0,40989.0,NIGERIA
A12,18,A32,A49,834.0,A61,A75,1,A93,A102,1,A121,33,A141,A152,1,A174,1,A192,A201,1,0,1,8103.0,NIGERIA
A11,24,A34,A41,1588.0,A61,A75,2,A92,A101,4,A124,44,A143,A153,2,A174,2,A192,A201,1,0,1,27896.0,NIGERIA
A11,18,A31,A40,361.0,A61,A74,4,A93,A101,4,A124,32,A143,A153,2,A172,2,A191,A201,2,1,0,3840.0,NIGERIA
A14,15,A34,A46,378.0,A62,A73,4,A92,A101,3,A123,31,A143,A152,1,A173,1,A191,A201,1,0,0,4034.0,NIGERIA
A11,24,A32,A410,439.0,A61,A75,4,A92,A103,4,A121,58,A143,A152,1,A172,1,A192,A201,1,0,1,6506.0,NIGERIA
A14,12,A34,A49,344.0,A61,A73,4,A92,A103,2,A121,29,A143,A152,2,A174,1,A192,A201,1,0,0,4833.0,NIGERIA
A13,6,A34,A40,249.0,A62,A75,2,A91,A101,4,A123,28,A143,A152,2,A173,2,A192,A201,1,0,0,2591.0,NIGERIA
A14,30,A32,A43,489.0,A63,A75,4,A93,A101,2,A123,30,A141,A152,1,A174,1,A191,A201,1,0,1,5217.0,NIGERIA
A14,48,A33,A43,1485.0,A65,A75,3,A93,A101,3,A123,32,A141,A152,2,A173,2,A191,A201,1,0,0,28636.0,NIGERIA
A14,18,A34,A43,290.0,A65,A73,4,A93,A101,3,A122,29,A143,A152,2,A173,1,A192,A201,1,0,0,6296.0,NIGERIA
A13,30,A33,A49,421.0,A61,A75,4,A93,A101,4,A121,66,A143,A152,1,A174,1,A192,A201,2,1,1,6896.0,NIGERIA
A14,9,A32,A42,529.0,A62,A72,2,A92,A101,4,A122,22,A143,A151,1,A173,1,A191,A201,1,0,0,6566.0,NIGERIA
A12,8,A32,A49,191.0,A61,A72,3,A94,A101,2,A121,26,A143,A152,1,A173,1,A192,A201,1,0,1,3169.0,NIGERIA
A11,24,A31,A43,384.0,A61,A74,4,A93,A103,4,A123,24,A141,A151,1,A172,1,A191,A201,2,1,1,8132.0,NIGERIA
A12,24,A32,A41,693.0,A65,A75,4,A93,A101,4,A124,36,A141,A153,1,A173,1,A192,A201,1,0,0,15667.0,NIGERIA
A12,12,A32,A40,201.0,A61,A75,4,A93,A101,4,A123,41,A141,A152,1,A172,2,A191,A201,2,1,0,1985.0,NIGERIA
A12,48,A31,A40,2513.0,A65,A71,4,A93,A102,4,A124,36,A143,A153,1,A174,1,A192,A201,1,0,0,37061.0,NIGERIA
A11,24,A32,A42,1568.0,A65,A72,1,A92,A101,2,A122,30,A143,A152,1,A173,1,A192,A202,1,0,1,16600.0,NIGERIA
A13,24,A34,A43,644.0,A65,A73,3,A93,A101,2,A123,31,A143,A152,2,A173,1,A192,A201,1,0,1,9759.0,NIGERIA
A14,15,A34,A42,694.0,A61,A74,2,A92,A102,3,A123,24,A141,A152,2,A173,1,A191,A201,1,0,0,11436.0,NIGERIA
A12,18,A32,A41,2624.0,A61,A71,3,A92,A101,4,A124,38,A143,A153,1,A174,1,A192,A201,2,1,0,54069.0,NIGERIA
A14,24,A32,A40,919.0,A61,A75,4,A92,A102,4,A124,62,A143,A153,1,A173,1,A192,A201,1,0,0,10396.0,NIGERIA
A14,12,A34,A49,454.0,A61,A71,4,A93,A101,2,A123,42,A142,A152,2,A174,1,A192,A201,2,1,0,7412.0,NIGERIA
A14,12,A32,A46,162.0,A61,A75,4,A93,A101,4,A123,41,A141,A152,1,A172,2,A191,A201,2,1,0,2568.0,NIGERIA
A12,9,A32,A40,343.0,A65,A72,4,A93,A101,2,A121,35,A143,A152,1,A171,1,A191,A201,1,0,0,7051.0,NIGERIA
A12,6,A31,A46,96.0,A64,A72,4,A92,A101,2,A122,24,A141,A151,1,A173,2,A191,A201,2,1,1,2220.0,NIGERIA
A13,6,A34,A40,302.0,A62,A75,2,A91,A101,4,A123,28,A143,A152,2,A173,2,A192,A201,1,0,0,3917.0,NIGERIA
A11,12,A33,A40,328.0,A61,A73,4,A93,A101,2,A121,43,A143,A152,2,A172,2,A191,A201,1,0,0,4275.0,NIGERIA
A14,36,A32,A46,2006.0,A65,A73,2,A93,A101,4,A124,35,A143,A153,1,A172,2,A192,A201,1,0,0,26826.0,NIGERIA
A14,24,A34,A40,444.0,A64,A75,4,A93,A101,4,A121,60,A143,A152,1,A173,1,A192,A201,1,0,0,6230.0,NIGERIA
A14,36,A34,A40,774.0,A61,A74,4,A93,A101,4,A123,37,A143,A152,2,A173,1,A192,A201,1,0,0,10812.0,NIGERIA
A12,27,A32,A49,619.0,A61,A72,4,A92,A101,1,A122,32,A143,A152,1,A173,2,A192,A201,1,0,0,7949.0,NIGERIA
A11,18,A32,A43,293.0,A61,A73,4,A94,A101,3,A121,26,A141,A152,1,A173,1,A191,A201,2,1,0,3922.0,NIGERIA
A12,18,A34,A49,874.0,A61,A71,3,A94,A101,3,A123,40,A143,A152,3,A171,2,A192,A201,1,0,0,17645.0,NIGERIA
A11,18,A32,A42,471.0,A61,A73,1,A92,A101,4,A121,20,A141,A151,1,A173,1,A191,A201,2,1,0,6765.0,NIGERIA
A11,6,A34,A40,292.0,A61,A72,2,A93,A101,4,A121,40,A143,A152,1,A172,2,A191,A202,1,0,0,3215.0,NIGERIA
A13,10,A34,A43,294.0,A65,A74,4,A93,A101,2,A122,27,A143,A152,2,A173,1,A192,A201,1,0,0,3222.0,NIGERIA
A11,24,A34,A41,560.0,A61,A75,4,A93,A101,4,A122,63,A143,A152,2,A173,1,A192,A201,1,0,0,6361.0,NIGERIA
A11,18,A32,A42,515.0,A61,A71,4,A93,A101,1,A123,25,A143,A152,1,A171,1,A191,A201,2,1,0,10678.0,NIGERIA
A12,60,A33,A43,1595.0,A65,A73,1,A93,A101,1,A121,27,A143,A152,1,A172,1,A191,A201,1,0,1,18519.0,NIGERIA
A14,12,A32,A42,173.0,A61,A73,4,A92,A101,1,A121,26,A143,A152,1,A173,1,A192,A201,1,0,1,3337.0,NIGERIA
A12,36,A32,A46,2360.0,A62,A73,1,A93,A101,4,A124,47,A143,A153,1,A173,2,A192,A201,2,1,1,37849.0,NIGERIA
A13,24,A32,A42,691.0,A61,A75,3,A91,A101,4,A124,51,A143,A153,1,A173,1,A191,A201,1,0,1,7225.0,NIGERIA
A14,27,A32,A40,535.0,A61,A73,3,A92,A101,3,A121,21,A143,A151,1,A173,1,A191,A201,2,1,1,9595.0,NIGERIA
A11,21,A32,A42,697.0,A61,A74,1,A92,A101,4,A123,26,A143,A151,1,A172,1,A191,A201,1,0,0,11251.0,NIGERIA
A14,15,A34,A41,751.0,A64,A75,3,A93,A101,4,A124,23,A143,A151,2,A173,1,A192,A201,1,0,1,13791.0,NIGERIA
A14,12,A34,A40,229.0,A63,A73,4,A93,A101,4,A121,44,A143,A152,1,A173,1,A192,A201,1,0,1,3508.0,NIGERIA
A11,9,A34,A45,302.0,A62,A75,3,A93,A103,4,A121,48,A143,A152,2,A173,2,A191,A202,1,0,0,6742.0,NIGERIA
A14,10,A32,A43,390.0,A61,A73,1,A93,A101,4,A122,38,A143,A152,1,A173,1,A192,A202,1,0,0,8790.0,NIGERIA
A14,36,A32,A40,211.0,A63,A75,4,A93,A101,4,A122,36,A143,A152,1,A173,1,A191,A201,1,0,1,4172.0,NIGERIA
A14,36,A32,A42,847.0,A61,A73,4,A92,A101,2,A123,28,A143,A152,1,A174,1,A192,A201,2,1,1,14885.0,NIGERIA
A11,30,A32,A45,2638.0,A61,A72,1,A91,A101,1,A124,34,A143,A152,1,A172,1,A192,A201,2,1,0,36455.0,NIGERIA
A14,12,A32,A42,296.0,A61,A73,4,A93,A101,2,A121,50,A143,A152,1,A173,1,A191,A201,1,0,0,6070.0,NIGERIA
A13,21,A32,A40,579.0,A62,A73,1,A92,A101,1,A123,28,A141,A152,1,A174,1,A192,A201,1,0,0,7023.0,NIGERIA
A14,24,A32,A41,1317.0,A65,A75,3,A93,A101,4,A123,41,A143,A152,1,A174,2,A192,A201,1,0,1,15582.0,NIGERIA
A12,12,A32,A42,611.0,A65,A75,1,A92,A101,2,A122,25,A141,A152,1,A173,1,A192,A201,2,1,0,7964.0,NIGERIA
A14,12,A32,A46,330.0,A61,A75,4,A93,A101,4,A122,47,A141,A152,3,A173,2,A192,A201,1,0,1,4111.0,NIGERIA
A11,9,A32,A40,145.0,A61,A73,4,A93,A101,3,A123,28,A143,A152,1,A172,1,A191,A201,2,1,0,2126.0,NIGERIA
A11,18,A32,A40,1047.0,A62,A73,3,A93,A101,4,A123,35,A143,A152,1,A172,2,A192,A201,1,0,0,11111.0,NIGERIA
A14,9,A34,A46,187.0,A63,A75,4,A93,A101,2,A123,52,A143,A152,2,A173,1,A192,A201,1,0,1,3079.0,NIGERIA
A11,12,A32,A41,689.0,A61,A75,3,A93,A101,4,A124,35,A143,A153,1,A173,1,A192,A201,2,1,1,14451.0,NIGERIA
A14,12,A32,A46,147.0,A61,A75,4,A93,A101,4,A123,41,A141,A152,1,A172,2,A191,A201,2,1,0,1804.0,NIGERIA
A11,18,A31,A43,411.0,A61,A72,3,A93,A102,4,A124,36,A141,A153,1,A174,1,A192,A201,1,0,0,5764.0,NIGERIA
A12,36,A33,A40,644.0,A62,A75,4,A93,A101,3,A124,30,A143,A153,1,A173,1,A191,A201,1,0,0,14928.0,NIGERIA
A12,12,A32,A42,194.0,A62,A72,4,A92,A101,4,A123,27,A141,A151,4,A173,1,A191,A201,2,1,0,3337.0,NIGERIA
A14,12,A34,A49,556.0,A61,A71,4,A93,A101,2,A123,42,A142,A152,2,A174,1,A192,A201,2,1,0,8900.0,NIGERIA
A14,24,A33,A41,892.0,A61,A74,3,A93,A101,3,A123,35,A143,A152,2,A172,1,A192,A201,1,0,0,13338.0,NIGERIA
A12,30,A32,A42,694.0,A62,A73,2,A92,A102,4,A123,21,A143,A151,1,A173,1,A191,A201,2,1,0,11022.0,NIGERIA
A14,24,A32,A43,749.0,A63,A75,3,A91,A101,2,A123,26,A143,A152,1,A174,1,A192,A201,1,0,0,16721.0,NIGERIA
A12,18,A34,A42,249.0,A61,A72,4,A92,A101,1,A122,27,A143,A152,2,A173,1,A191,A201,1,0,0,2910.0,NIGERIA
A14,15,A34,A41,757.0,A64,A75,3,A93,A101,4,A124,23,A143,A151,2,A173,1,A192,A201,1,0,1,13222.0,NIGERIA
A12,27,A33,A41,1457.0,A61,A75,1,A93,A101,2,A123,30,A143,A152,2,A174,1,A192,A201,1,0,1,28328.0,NIGERIA
A12,6,A32,A45,98.0,A61,A72,3,A94,A101,1,A122,22,A143,A152,1,A172,1,A191,A201,1,0,0,1871.0,NIGERIA
A12,9,A32,A46,253.0,A61,A74,4,A92,A101,4,A122,67,A143,A152,2,A174,1,A192,A201,1,0,1,2871.0,NIGERIA
A11,20,A34,A42,988.0,A61,A75,1,A92,A101,4,A122,24,A143,A152,2,A173,1,A191,A201,1,0,0,19289.0,NIGERIA
A14,24,A32,A43,345.0,A61,A73,4,A94,A101,2,A122,28,A143,A152,1,A173,1,A191,A201,1,0,1,7888.0,NIGERIA
A12,8,A32,A43,143.0,A61,A74,4,A92,A103,2,A121,44,A143,A152,1,A172,1,A191,A201,1,0,1,2300.0,NIGERIA
A12,24,A32,A40,257.0,A61,A72,4,A93,A101,2,A121,23,A142,A152,1,A172,1,A191,A201,2,1,1,3777.0,NIGERIA
A14,15,A32,A43,229.0,A63,A75,4,A93,A101,3,A122,47,A142,A152,1,A173,1,A192,A201,1,0,1,5315.0,NIGERIA
A14,6,A32,A45,129.0,A63,A74,2,A94,A101,4,A121,23,A143,A151,1,A172,1,A191,A201,1,0,1,2554.0,NIGERIA
A11,36,A32,A410,3485.0,A61,A71,2,A91,A102,3,A123,43,A143,A152,1,A174,1,A191,A201,1,0,0,70765.0,NIGERIA
A11,9,A32,A43,317.0,A61,A72,3,A92,A101,4,A122,22,A143,A151,1,A173,1,A191,A201,2,1,1,3561.0,NIGERIA
A13,30,A34,A43,742.0,A65,A75,4,A93,A101,4,A122,49,A142,A152,2,A172,1,A191,A201,1,0,1,8884.0,NIGERIA
A14,27,A34,A42,1129.0,A64,A72,4,A93,A101,2,A121,32,A142,A152,2,A172,2,A192,A201,1,0,1,24514.0,NIGERIA
A12,30,A34,A40,489.0,A65,A75,4,A93,A101,4,A121,36,A143,A152,2,A173,1,A191,A201,1,0,1,6734.0,NIGERIA
A14,12,A34,A49,255.0,A65,A75,4,A93,A101,4,A124,57,A143,A151,1,A172,1,A191,A201,1,0,0,3791.0,NIGERIA
A14,36,A32,A42,817.0,A61,A73,4,A92,A101,2,A123,28,A143,A152,1,A174,1,A192,A201,2,1,0,9045.0,NIGERIA
A14,24,A34,A49,922.0,A62,A73,3,A93,A101,3,A122,27,A143,A152,2,A172,1,A192,A201,1,0,0,13572.0,NIGERIA
A13,12,A32,A43,291.0,A61,A73,3,A94,A101,4,A121,23,A143,A151,1,A173,1,A191,A201,1,0,1,4214.0,NIGERIA
A12,36,A33,A49,876.0,A61,A73,2,A91,A101,2,A121,30,A142,A152,2,A174,1,A192,A201,2,1,0,8146.0,NIGERIA
A14,36,A32,A46,2236.0,A65,A73,2,A93,A101,4,A124,35,A143,A153,1,A172,2,A192,A201,1,0,1,37317.0,NIGERIA
A14,24,A34,A43,600.0,A65,A75,4,A93,A101,4,A122,53,A143,A152,2,A173,1,A191,A201,1,0,1,13499.0,NIGERIA
A12,24,A32,A40,308.0,A61,A72,4,A93,A101,2,A121,23,A142,A152,1,A172,1,A191,A201,2,1,1,4491.0,NIGERIA
A12,48,A33,A46,1390.0,A61,A75,4,A93,A101,4,A124,50,A143,A153,1,A173,1,A191,A201,2,1,1,23881.0,NIGERIA
A14,24,A32,A42,738.0,A63,A75,4,A93,A101,3,A124,32,A143,A151,1,A173,1,A192,A201,1,1,1,13449.0,NIGERIA
A14,6,A32,A40,132.0,A61,A71,1,A92,A101,4,A121,54,A143,A152,1,A171,1,A192,A201,1,0,1,1654.0,NIGERIA
A11,18,A32,A42,717.0,A61,A72,1,A92,A101,4,A123,22,A143,A151,1,A173,1,A191,A201,1,0,1,6512.0,NIGERIA
A12,12,A34,A41,418.0,A62,A72,3,A93,A101,4,A122,44,A143,A152,1,A173,1,A191,A201,1,0,1,8681.0,NIGERIA
A14,18,A34,A40,252.0,A61,A72,4,A92,A101,1,A122,30,A143,A152,2,A173,1,A191,A201,1,0,0,4952.0,NIGERIA
A12,6,A32,A43,121.0,A61,A74,3,A94,A103,3,A121,28,A141,A152,1,A172,1,A191,A201,1,0,0,2198.0,NIGERIA
A14,15,A32,A44,270.0,A63,A74,4,A93,A101,3,A122,36,A143,A152,2,A173,1,A192,A201,1,0,0,6008.0,NIGERIA
A12,6,A33,A42,201.0,A61,A71,4,A93,A101,1,A122,35,A142,A152,2,A174,1,A192,A201,1,0,0,4015.0,NIGERIA
A12,24,A33,A40,419.0,A65,A73,4,A92,A101,4,A123,42,A143,A151,2,A173,1,A192,A201,1,0,0,5639.0,NIGERIA
A11,12,A32,A40,236.0,A61,A73,4,A94,A101,3,A121,27,A143,A152,1,A172,1,A191,A201,1,0,0,2971.0,NIGERIA
A11,18,A32,A42,958.0,A61,A73,2,A93,A102,3,A123,42,A143,A152,1,A173,1,A191,A201,2,1,1,16505.0,NIGERIA
A14,36,A30,A45,600.0,A61,A73,4,A93,A101,2,A123,27,A143,A152,2,A173,1,A191,A201,1,0,1,5448.0,NIGERIA
A14,36,A32,A43,434.0,A63,A75,4,A93,A101,4,A123,39,A143,A152,1,A173,1,A191,A201,1,0,0,5363.0,NIGERIA
A11,27,A34,A49,563.0,A61,A75,4,A93,A101,4,A123,43,A142,A152,4,A174,2,A192,A201,1,0,0,5742.0,NIGERIA
A14,30,A34,A43,1363.0,A61,A74,4,A92,A101,2,A123,25,A143,A152,2,A173,1,A191,A201,1,0,0,26501.0,NIGERIA
A14,12,A32,A40,664.0,A65,A71,4,A93,A101,4,A124,38,A143,A152,1,A174,1,A192,A201,1,0,0,15014.0,NIGERIA
A12,21,A32,A49,300.0,A61,A75,2,A92,A101,4,A122,39,A143,A152,1,A173,2,A191,A201,2,1,1,3686.0,NIGERIA
A11,12,A32,A46,173.0,A61,A72,4,A92,A101,4,A122,53,A143,A152,1,A173,1,A191,A201,2,1,0,3338.0,NIGERIA
A13,12,A33,A40,542.0,A61,A73,2,A92,A101,2,A123,36,A142,A152,2,A173,1,A192,A201,1,0,0,7115.0,NIGERIA
A12,6,A32,A43,227.0,A61,A75,4,A93,A101,4,A123,28,A143,A152,1,A173,2,A191,A201,1,0,0,2650.0,NIGERIA
A12,39,A34,A43,1177.0,A61,A74,2,A93,A103,2,A121,25,A143,A152,2,A173,1,A191,A201,2,1,0,16356.0,NIGERIA
A12,11,A33,A43,1140.0,A61,A74,2,A93,A101,4,A122,51,A143,A152,1,A173,1,A191,A201,1,0,0,10682.0,NIGERIA
A13,9,A32,A43,176.0,A61,A73,3,A92,A101,2,A121,28,A143,A152,1,A172,1,A191,A201,2,1,1,3564.0,NIGERIA
A14,12,A32,A42,238.0,A63,A73,4,A92,A101,4,A123,29,A143,A151,1,A172,1,A191,A201,2,1,0,4278.0,NIGERIA
A12,36,A32,A40,2957.0,A61,A75,4,A93,A101,2,A124,57,A143,A153,1,A174,1,A192,A201,2,1,1,50479.0,NIGERIA
A12,12,A32,A43,243.0,A61,A75,3,A94,A103,3,A121,40,A141,A152,2,A172,1,A191,A201,1,0,0,5118.0,NIGERIA
A14,12,A32,A43,135.0,A61,A73,4,A93,A101,2,A121,30,A141,A152,2,A173,1,A191,A201,1,0,0,1881.0,NIGERIA
A11,36,A32,A42,790.0,A61,A75,4,A93,A101,2,A123,42,A143,A152,1,A173,2,A191,A201,2,1,1,16129.0,NIGERIA
A11,24,A31,A42,1411.0,A61,A72,2,A91,A101,1,A122,55,A141,A152,1,A173,1,A192,A201,2,1,1,27792.0,NIGERIA
A11,18,A31,A40,340.0,A61,A74,4,A93,A101,4,A124,32,A143,A153,2,A172,2,A191,A201,2,1,0,5680.0,NIGERIA
A14,60,A32,A40,1524.0,A65,A73,4,A93,A101,4,A124,34,A143,A153,1,A173,2,A192,A201,1,0,1,24587.0,NIGERIA
A11,24,A32,A40,172.0,A65,A75,4,A92,A101,2,A123,29,A141,A152,1,A173,1,A191,A201,2,1,1,2932.0,NIGERIA
A12,18,A34,A40,213.0,A61,A75,4,A93,A101,4,A123,36,A141,A152,1,A173,2,A192,A201,2,1,0,3941.0,NIGERIA
A14,24,A34,A40,613.0,A62,A74,4,A94,A101,3,A122,27,A143,A152,2,A173,1,A192,A201,1,0,1,5985.0,NIGERIA
A11,18,A34,A40,1089.0,A61,A75,2,A93,A101,4,A124,36,A143,A153,3,A174,1,A192,A201,1,0,0,13445.0,NIGERIA
A12,36,A32,A43,641.0,A62,A73,4,A92,A102,4,A124,50,A143,A153,1,A173,1,A191,A201,2,1,0,13696.0,NIGERIA
A12,24,A32,A40,744.0,A62,A74,2,A93,A101,3,A123,38,A141,A152,2,A173,1,A192,A201,1,0,0,14313.0,NIGERIA
A14,24,A32,A40,370.0,A64,A74,4,A92,A101,3,A123,34,A143,A152,1,A173,2,A192,A201,1,1,1,8282.0,NIGERIA
A14,18,A33,A43,490.0,A61,A71,2,A94,A101,3,A121,34,A143,A152,2,A173,1,A191,A201,1,0,1,11124.0,NIGERIA
A14,18,A34,A40,349.0,A61,A73,3,A93,A101,2,A122,32,A141,A152,2,A173,1,A191,A201,2,1,0,3488.0,NIGERIA
A12,24,A33,A49,1402.0,A62,A74,4,A93,A101,4,A123,36,A143,A151,1,A174,1,A192,A201,1,0,1,14869.0,NIGERIA
A13,24,A32,A42,383.0,A61,A73,2,A93,A101,2,A121,26,A143,A152,1,A173,1,A191,A201,1,0,0,6316.0,NIGERIA
A11,15,A32,A43,232.0,A61,A72,4,A94,A101,2,A121,27,A143,A152,1,A173,1,A191,A202,1,0,1,3987.0,NIGERIA
A14,12,A34,A42,388.0,A64,A74,3,A92,A101,2,A122,35,A143,A152,1,A173,1,A191,A202,1,0,1,5324.0,NIGERIA
A11,12,A32,A46,145.0,A61,A73,4,A93,A101,4,A123,40,A143,A151,1,A172,2,A191,A201,2,1,0,2797.0,NIGERIA
A12,21,A34,A42,692.0,A64,A74,3,A93,A101,2,A123,32,A143,A152,2,A173,1,A192,A201,1,1,1,12208.0,NIGERIA
A14,48,A33,A43,2505.0,A63,A74,4,A93,A101,1,A123,37,A143,A152,1,A174,1,A192,A201,1,0,0,29091.0,NIGERIA
A11,42,A32,A43,1740.0,A65,A74,4,A92,A101,3,A123,30,A143,A152,1,A174,1,A192,A201,2,1,1,20215.0,NIGERIA
A12,24,A34,A49,368.0,A61,A75,4,A91,A101,4,A121,31,A143,A152,2,A173,1,A192,A201,2,1,1,7470.0,NIGERIA
A12,24,A32,A40,231.0,A61,A72,4,A93,A101,1,A122,26,A143,A152,1,A173,1,A191,A201,1,0,1,5212.0,NIGERIA
A13,12,A34,A40,282.0,A63,A71,2,A93,A101,4,A124,66,A141,A153,3,A171,1,A191,A201,1,0,0,5486.0,NIGERIA
A14,36,A33,A41,1907.0,A65,A74,3,A93,A101,2,A123,31,A142,A152,1,A174,2,A192,A201,1,0,1,25251.0,NIGERIA
A11,30,A34,A41,1344.0,A62,A74,1,A94,A101,4,A123,24,A143,A151,2,A173,1,A191,A201,1,0,1,12244.0,NIGERIA
A14,48,A34,A41,615.0,A65,A75,4,A93,A101,3,A123,38,A143,A152,2,A173,2,A192,A201,1,0,0,10647.0,NIGERIA
A14,24,A32,A43,1128.0,A65,A72,1,A92,A101,1,A123,44,A143,A152,2,A173,1,A192,A201,2,1,0,19357.0,NIGERIA
A12,12,A32,A40,1463.0,A61,A74,2,A93,A101,2,A123,32,A143,A152,1,A173,1,A191,A201,1,0,0,28167.0,NIGERIA
A11,18,A33,A46,1822.0,A65,A73,1,A92,A101,2,A123,23,A143,A151,2,A173,1,A192,A201,1,0,0,29852.0,NIGERIA
A14,24,A34,A410,1568.0,A61,A71,4,A93,A102,2,A124,27,A141,A152,2,A174,1,A192,A201,1,0,0,36231.0,NIGERIA
A14,10,A32,A43,484.0,A61,A73,1,A93,A101,4,A122,38,A143,A152,1,A173,1,A192,A202,1,0,1,5514.0,NIGERIA
A14,6,A32,A46,377.0,A61,A72,1,A92,A101,2,A124,56,A143,A152,1,A173,1,A191,A201,1,1,1,6965.0,NIGERIA
A12,7,A32,A43,505.0,A61,A73,3,A93,A103,2,A121,34,A143,A152,1,A173,1,A191,A201,1,0,1,5674.0,NIGERIA
A11,12,A32,A42,1504.0,A61,A75,4,A93,A101,4,A124,53,A143,A153,1,A174,1,A192,A201,2,1,1,13746.0,NIGERIA
A11,18,A32,A43,466.0,A61,A72,4,A92,A101,1,A123,27,A142,A152,1,A173,1,A191,A201,1,0,1,10558.0,NIGERIA
A13,18,A32,A42,678.0,A61,A73,2,A93,A101,1,A121,34,A143,A152,1,A172,2,A191,A201,2,1,0,8487.0,NIGERIA
A11,48,A32,A41,2346.0,A61,A74,4,A93,A101,4,A124,39,A142,A153,3,A173,2,A192,A201,2,1,1,23872.0,NIGERIA
A14,15,A32,A41,1148.0,A61,A73,3,A93,A101,2,A123,30,A143,A152,1,A173,1,A192,A201,1,0,0,24573.0,NIGERIA
A14,12,A34,A49,250.0,A61,A73,3,A92,A101,2,A121,27,A143,A152,2,A173,1,A191,A201,1,0,0,2912.0,NIGERIA
A11,12,A32,A42,279.0,A61,A73,2,A92,A101,4,A123,20,A143,A151,1,A173,1,A191,A201,2,1,1,5155.0,NIGERIA
A11,36,A32,A410,3120.0,A61,A71,2,A91,A102,3,A123,43,A143,A152,1,A174,1,A191,A201,1,0,0,55632.0,NIGERIA
A12,30,A32,A43,749.0,A65,A75,2,A92,A101,4,A123,25,A143,A152,1,A173,1,A191,A201,1,0,1,10450.0,NIGERIA
A11,12,A32,A42,177.0,A61,A73,2,A93,A103,3,A122,38,A143,A152,1,A172,2,A191,A201,1,0,1,1792.0,NIGERIA
A14,30,A32,A41,1161.0,A65,A74,2,A92,A101,4,A122,24,A142,A151,1,A172,1,A191,A201,1,0,0,27060.0,NIGERIA
A14,36,A34,A41,2348.0,A65,A75,2,A93,A101,4,A124,42,A143,A153,2,A173,1,A191,A201,1,0,0,21174.0,NIGERIA
A12,9,A32,A43,88.0,A61,A73,4,A93,A101,3,A121,24,A143,A152,1,A173,1,A191,A201,1,0,0,1702.0,NIGERIA
A14,12,A30,A42,519.0,A61,A75,2,A93,A101,4,A122,34,A143,A152,2,A173,1,A191,A201,1,0,0,7751.0,NIGERIA
A11,18,A32,A43,600.0,A61,A73,2,A92,A101,2,A121,24,A143,A152,1,A173,1,A191,A201,2,1,1,11061.0,NIGERIA
A14,15,A32,A40,620.0,A64,A74,2,A92,A101,3,A123,20,A143,A151,1,A173,1,A191,A201,1,0,1,10454.0,NIGERIA
A11,48,A34,A41,1370.0,A61,A75,4,A93,A101,4,A124,46,A143,A153,2,A173,1,A192,A201,2,1,0,27713.0,NIGERIA
A14,36,A32,A41,1746.0,A61,A73,1,A92,A101,2,A122,30,A141,A152,1,A173,1,A191,A201,1,0,0,15858.0,NIGERIA
A14,21,A32,A49,387.0,A64,A75,4,A92,A101,4,A121,36,A141,A152,1,A172,1,A191,A201,1,0,1,5512.0,NIGERIA
A14,36,A32,A40,208.0,A63,A75,4,A93,A101,4,A122,36,A143,A152,1,A173,1,A191,A201,1,0,1,2014.0,NIGERIA
A12,30,A32,A40,463.0,A61,A73,4,A92,A103,2,A124,24,A141,A152,1,A173,1,A191,A201,2,1,1,6173.0,NIGERIA
A12,9,A32,A42,395.0,A65,A74,2,A93,A101,1,A123,24,A143,A152,1,A173,1,A192,A201,1,0,0,8757.0,NIGERIA
A11,24,A32,A42,443.0,A62,A71,1,A91,A101,1,A122,33,A143,A152,1,A173,1,A191,A201,2,1,0,9836.0,NIGERIA
A14,18,A34,A41,813.0,A65,A71,2,A93,A101,4,A124,38,A143,A152,1,A174,1,A192,A201,1,0,1,12979.0,NIGERIA
A12,24,A34,A46,1247.0,A61,A72,2,A92,A101,4,A124,24,A143,A153,2,A173,1,A192,A201,1,0,0,19553.0,NIGERIA
A14,12,A32,A40,140.0,A61,A73,4,A91,A101,2,A121,49,A143,A152,1,A172,1,A191,A201,1,0,0,3246.0,NIGERIA
A11,9,A34,A45,323.0,A62,A75,3,A93,A103,4,A121,48,A143,A152,2,A173,2,A191,A202,1,1,1,4640.0,NIGERIA
A12,21,A32,A49,293.0,A61,A75,2,A92,A101,4,A122,39,A143,A152,1,A173,2,A191,A201,2,1,0,4197.0,NIGERIA
A12,15,A32,A40,640.0,A62,A73,2,A92,A101,4,A123,28,A143,A151,2,A173,1,A192,A201,2,1,1,13160.0,NIGERIA
A14,18,A32,A43,880.0,A61,A72,3,A93,A101,2,A123,32,A143,A152,1,A173,1,A192,A201,1,1,1,14624.0,NIGERIA
A11,30,A30,A42,1070.0,A61,A73,2,A91,A103,2,A121,32,A143,A152,2,A173,1,A191,A201,1,0,1,11315.0,NIGERIA
A12,6,A34,A48,193.0,A65,A74,1,A92,A101,3,A122,39,A143,A152,2,A172,1,A191,A201,1,0,1,2866.0,NIGERIA
A12,18,A34,A40,187.0,A61,A75,4,A93,A101,4,A123,36,A141,A152,1,A173,2,A192,A201,2,1,1,1914.0,NIGERIA
A14,36,A30,A45,547.0,A61,A73,4,A93,A101,2,A123,27,A143,A152,2,A173,1,A191,A201,1,0,0,8884.0,NIGERIA
A11,15,A32,A40,265.0,A61,A73,2,A92,A101,4,A123,28,A143,A151,1,A173,1,A191,A201,1,0,0,2468.0,NIGERIA
A14,24,A32,A40,330.0,A62,A75,4,A94,A101,4,A121,41,A143,A151,1,A172,1,A191,A201,1,0,0,4956.0,NIGERIA
A14,36,A34,A42,1696.0,A61,A72,2,A92,A101,4,A122,23,A143,A151,2,A173,1,A192,A201,2,1,1,18113.0,NIGERIA
A11,12,A34,A40,759.0,A61,A73,3,A92,A102,2,A121,29,A143,A152,2,A173,1,A191,A201,2,1,1,6852.0,NIGERIA
A12,36,A32,A43,571.0,A62,A73,4,A92,A102,4,A124,50,A143,A153,1,A173,1,A191,A201,2,1,1,10952.0,NIGERIA
A11,24,A32,A42,780.0,A61,A72,4,A92,A101,4,A121,23,A143,A151,1,A172,1,A192,A201,2,1,1,9122.0,NIGERIA
A14,24,A34,A42,421.0,A61,A74,2,A93,A101,2,A122,30,A143,A152,2,A172,1,A191,A201,1,0,0,4819.0,NIGERIA
A14,24,A34,A43,679.0,A62,A75,3,A93,A101,4,A121,36,A143,A152,1,A173,2,A192,A201,1,0,0,6834.0,NIGERIA
A11,9,A32,A42,448.0,A61,A73,3,A93,A101,2,A121,25,A143,A152,1,A173,1,A191,A201,1,0,1,8935.0,NIGERIA
A14,24,A32,A43,278.0,A63,A74,4,A92,A101,1,A123,28,A143,A152,1,A173,1,A191,A201,1,0,1,4674.0,NIGERIA
A14,12,A32,A43,489.0,A61,A72,2,A92,A101,2,A123,29,A141,A152,1,A173,1,A191,A201,1,0,1,9743.0,NIGERIA
A12,11,A32,A42,395.0,A64,A72,4,A92,A101,1,A121,20,A143,A152,1,A173,1,A191,A201,1,0,1,4725.0,NIGERIA
A12,36,A33,A40,498.0,A61,A75,4,A93,A101,4,A124,57,A141,A153,2,A173,1,A192,A201,2,1,0,4898.0,NIGERIA
A11,12,A32,A42,467.0,A61,A72,4,A92,A101,1,A123,22,A143,A151,1,A173,1,A191,A201,1,0,0,8588.0,NIGERIA
A14,12,A34,A43,175.0,A65,A75,4,A92,A101,3,A122,33,A141,A152,1,A172,2,A191,A201,2,1,1,3220.0,NIGERIA
A11,36,A32,A41,1154.0,A61,A75,2,A93,A101,4,A124,42,A143,A153,1,A173,2,A191,A201,1,0,1,17378.0,NIGERIA
A11,18,A34,A40,847.0,A61,A75,1,A92,A101,4,A121,33,A141,A151,3,A173,1,A192,A201,2,1,0,8166.0,NIGERIA
A11,36,A32,A42,790.0,A61,A75,4,A93,A101,2,A123,42,A143,A152,1,A173,2,A191,A201,2,1,0,16565.0,NIGERIA
A14,15,A34,A46,297.0,A62,A73,4,A92,A101,3,A123,31,A143,A152,1,A173,1,A191,A201,1,0,1,5536.0,NIGERIA
A14,48,A31,A49,688.0,A61,A73,1,A92,A101,1,A121,27,A142,A152,1,A173,1,A191,A201,1,0,1,12340.0,NIGERIA
A11,36,A34,A42,464.0,A61,A73,3,A94,A101,2,A122,46,A143,A152,2,A173,1,A192,A201,1,0,0,6588.0,NIGERIA
A14,36,A32,A42,2674.0,A61,A71,4,A92,A101,2,A123,26,A143,A152,2,A174,1,A192,A201,2,1,0,48058.0,NIGERIA
A14,42,A34,A42,975.0,A63,A73,4,A93,A101,4,A121,36,A143,A152,2,A173,1,A192,A201,1,0,0,16715.0,NIGERIA
A11,18,A32,A46,164.0,A61,A71,4,A92,A101,1,A121,27,A143,A152,1,A171,1,A191,A201,2,1,0,3376.0,NIGERIA
A14,12,A32,A43,682.0,A64,A74,2,A91,A101,4,A121,61,A143,A152,1,A172,1,A191,A201,1,0,1,9856.0,NIGERIA
A12,18,A34,A43,283.0,A61,A73,4,A94,A101,2,A123,33,A143,A152,1,A173,1,A191,A201,2,1,0,5371.0,NIGERIA
A12,7,A32,A43,505.0,A61,A72,1,A92,A103,1,A121,45,A143,A152,1,A173,1,A191,A201,1,0,0,4657.0,NIGERIA
A14,15,A32,A43,243.0,A63,A75,4,A93,A101,3,A122,47,A142,A152,1,A173,1,A192,A201,1,0,0,4975.0,NIGERIA
A14,6,A32,A46,364.0,A61,A72,1,A92,A101,2,A124,56,A143,A152,1,A173,1,A191,A201,1,0,0,4434.0,NIGERIA
A12,48,A30,A40,2014.0,A63,A72,1,A92,A101,1,A123,30,A143,A152,2,A173,1,A191,A201,1,1,1,40513.0,NIGERIA
A12,18,A34,A42,316.0,A61,A72,4,A92,A101,1,A122,27,A143,A152,2,A173,1,A191,A201,1,0,0,5201.0,NIGERIA
A12,20,A32,A41,1221.0,A65,A71,1,A91,A101,4,A121,60,A143,A152,1,A174,1,A192,A201,1,0,1,27364.0,NIGERIA
A12,6,A33,A49,362.0,A62,A75,1,A91,A101,2,A123,31,A141,A152,2,A173,2,A191,A201,1,0,1,7633.0,NIGERIA
A13,15,A32,A43,453.0,A61,A72,2,A92,A101,3,A121,25,A143,A152,1,A172,1,A191,A201,2,1,0,10599.0,NIGERIA
A14,36,A30,A45,611.0,A61,A73,4,A93,A101,2,A123,27,A143,A152,2,A173,1,A191,A201,1,0,0,9957.0,NIGERIA
A14,18,A32,A41,848.0,A65,A73,2,A93,A101,1,A122,31,A143,A152,1,A173,1,A192,A201,1,0,0,16062.0,NIGERIA
A11,6,A32,A42,336.0,A61,A73,1,A93,A101,2,A121,36,A141,A152,1,A172,1,A192,A201,1,0,0,4391.0,NIGERIA
A11,12,A32,A42,413.0,A61,A72,4,A92,A101,1,A123,22,A143,A151,1,A173,1,A191,A201,1,0,1,7037.0,NIGERIA
A11,15,A34,A42,274.0,A61,A73,4,A92,A101,3,A122,25,A143,A151,2,A173,1,A191,A201,1,0,0,3615.0,NIGERIA
A11,21,A34,A40,351.0,A61,A75,4,A94,A101,3,A123,30,A143,A152,2,A173,1,A192,A201,1,0,0,7176.0,NIGERIA
A12,12,A32,A49,178.0,A62,A74,2,A92,A101,4,A121,23,A143,A151,1,A172,1,A191,A201,1,0,1,3716.0,NIGERIA
A12,21,A32,A42,785.0,A65,A74,2,A93,A101,3,A123,35,A143,A152,1,A173,1,A192,A201,1,0,0,12414.0,NIGERIA
A11,28,A32,A40,844.0,A61,A73,3,A93,A101,2,A123,45,A143,A152,1,A172,1,A191,A201,2,1,0,8164.0,NIGERIA
A11,6,A34,A40,921.0,A65,A72,1,A93,A101,3,A121,44,A143,A152,2,A172,2,A191,A201,1,0,1,10131.0,NIGERIA
A12,15,A32,A43,156.0,A61,A75,4,A93,A101,3,A123,37,A143,A152,1,A173,2,A191,A201,2,1,0,3597.0,NIGERIA
A12,10,A31,A43,227.0,A61,A73,4,A93,A101,4,A121,23,A142,A152,1,A172,1,A191,A201,1,0,0,5176.0,NIGERIA
A14,18,A34,A42,451.0,A61,A73,4,A92,A101,2,A124,28,A143,A152,2,A173,1,A191,A201,1,0,0,9717.0,NIGERIA
A14,48,A34,A43,684.0,A65,A75,4,A93,A101,1,A121,47,A143,A152,1,A173,1,A192,A201,1,0,0,14419.0,NIGERIA
A14,15,A32,A41,780.0,A62,A72,1,A92,A101,4,A123,23,A143,A152,1,A173,1,A192,A201,1,0,0,18129.0,NIGERIA
A12,6,A32,A43,91.0,A65,A75,4,A93,A101,4,A122,38,A143,A152,1,A173,1,A191,A201,1,0,0,1510.0,NIGERIA
A14,6,A32,A44,278.0,A63,A73,1,A91,A101,4,A121,62,A143,A152,1,A173,1,A191,A201,1,0,0,5505.0,NIGERIA
A12,9,A34,A43,264.0,A61,A75,2,A93,A101,4,A121,37,A143,A152,3,A172,1,A191,A201,1,0,1,3143.0,NIGERIA
A11,60,A32,A49,1755.0,A61,A75,4,A93,A102,4,A124,36,A143,A151,1,A173,1,A191,A201,2,1,1,28797.0,NIGERIA
A13,18,A32,A43,399.0,A61,A73,4,A93,A102,2,A121,37,A142,A152,1,A173,1,A191,A201,2,1,1,4091.0,NIGERIA
A14,20,A34,A40,700.0,A65,A72,2,A91,A101,4,A121,44,A143,A152,2,A173,1,A192,A201,1,0,1,7670.0,NIGERIA
A11,21,A32,A43,607.0,A61,A72,4,A92,A101,4,A122,28,A143,A151,1,A174,1,A192,A201,1,0,1,6830.0,NIGERIA
A11,24,A32,A41,577.0,A61,A73,3,A93,A103,4,A124,63,A141,A152,1,A173,2,A192,A201,1,0,0,6682.0,NIGERIA
A14,12,A34,A42,701.0,A61,A75,2,A93,A101,4,A122,42,A142,A152,1,A173,1,A191,A201,1,0,0,16362.0,NIGERIA
A12,36,A32,A43,584.0,A61,A74,4,A93,A101,4,A123,24,A143,A151,1,A173,1,A191,A201,1,0,0,6228.0,NIGERIA
A12,24,A32,A40,261.0,A61,A72,3,A92,A101,4,A123,25,A143,A152,1,A172,1,A192,A201,2,1,0,5159.0,NIGERIA
A11,42,A32,A43,969.0,A61,A72,4,A93,A101,3,A123,34,A143,A152,1,A173,1,A191,A201,2,1,1,14768.0,NIGERIA
A11,12,A34,A41,307.0,A61,A75,4,A93,A101,4,A124,66,A143,A153,2,A174,1,A191,A201,1,0,1,6441.0,NIGERIA
A12,18,A34,A43,244.0,A61,A73,4,A94,A101,2,A123,33,A143,A152,1,A173,1,A191,A201,2,1,1,4064.0,NIGERIA
A14,18,A34,A43,390.0,A64,A75,4,A93,A101,4,A123,46,A143,A152,2,A173,1,A191,A201,1,0,1,6881.0,NIGERIA
A14,12,A32,A43,470.0,A61,A72,2,A92,A101,2,A123,29,A141,A152,1,A173,1,A191,A201,1,1,1,9366.0,NIGERIA
A12,54,A30,A49,3540.0,A61,A72,3,A93,A101,4,A124,58,A143,A151,1,A173,1,A192,A201,2,1,1,60377.0,NIGERIA
A14,60,A32,A40,2005.0,A61,A75,2,A93,A101,4,A122,42,A143,A152,1,A174,1,A192,A201,1,0,0,41549.0,NIGERIA
A11,30,A34,A41,1269.0,A62,A74,1,A94,A101,4,A123,24,A143,A151,2,A173,1,A191,A201,1,0,1,29663.0,NIGERIA
A14,36,A34,A49,1365.0,A65,A75,4,A93,A101,4,A121,36,A143,A152,2,A173,1,A191,A201,1,0,0,26987.0,NIGERIA
A11,10,A34,A40,252.0,A61,A74,4,A93,A102,3,A122,49,A143,A152,2,A173,1,A192,A201,1,0,0,5596.0,NIGERIA
A12,36,A32,A41,1337.0,A61,A73,2,A93,A101,2,A123,35,A143,A151,1,A174,1,A192,A201,1,0,1,18940.0,NIGERIA
A14,33,A34,A41,1453.0,A61,A74,3,A93,A101,2,A123,35,A143,A152,2,A174,1,A192,A201,1,0,0,27484.0,NIGERIA
A11,12,A32,A40,191.0,A61,A74,4,A93,A101,2,A121,26,A143,A152,1,A173,1,A191,A201,2,1,0,3743.0,NIGERIA
A11,12,A32,A40,292.0,A61,A73,4,A94,A101,3,A121,27,A143,A152,1,A172,1,A191,A201,1,0,0,2661.0,NIGERIA
A14,12,A32,A43,748.0,A64,A74,2,A91,A101,4,A121,61,A143,A152,1,A172,1,A191,A201,1,0,1,15296.0,NIGERIA
A14,12,A32,A41,311.0,A64,A74,3,A93,A101,2,A122,55,A143,A152,1,A173,1,A191,A202,1,0,0,3434.0,NIGERIA
A14,24,A32,A42,860.0,A61,A74,2,A92,A101,4,A122,25,A143,A151,1,A173,1,A192,A201,1,0,0,16112.0,NIGERIA
A14,18,A32,A42,399.0,A61,A73,4,A93,A101,4,A124,47,A141,A153,2,A173,1,A191,A201,1,0,1,8006.0,NIGERIA
A14,15,A32,A43,481.0,A65,A75,4,A93,A101,2,A123,35,A143,A152,1,A173,1,A191,A201,1,0,1,9553.0,NIGERIA
A14,15,A32,A40,703.0,A64,A74,2,A92,A101,3,A123,20,A143,A151,1,A173,1,A191,A201,1,0,0,13591.0,NIGERIA
A12,18,A33,A49,493.0,A65,A75,4,A93,A101,2,A122,42,A143,A152,2,A173,1,A191,A201,1,0,1,7040.0,NIGERIA
A12,18,A32,A49,621.0,A62,A73,4,A93,A101,4,A123,34,A143,A152,1,A173,1,A191,A201,1,0,1,13264.0,NIGERIA
A11,12,A32,A42,246.0,A61,A73,2,A92,A101,4,A123,20,A143,A151,1,A173,1,A191,A201,2,1,0,3245.0,NIGERIA
A14,24,A32,A43,370.0,A61,A72,4,A92,A101,3,A123,38,A142,A152,1,A173,1,A192,A201,1,0,0,3874.0,NIGERIA
A14,30,A32,A43,472.0,A63,A75,4,A93,A101,2,A123,30,A141,A152,1,A174,1,A191,A201,1,0,1,10439.0,NIGERIA
A12,30,A31,A42,811.0,A64,A73,4,A93,A101,2,A123,34,A142,A152,1,A173,2,A192,A201,1,0,0,13068.0,NIGERIA
A11,15,A32,A42,397.0,A61,A72,4,A92,A103,1,A122,46,A143,A151,1,A173,1,A191,A201,1,0,0,5517.0,NIGERIA
A11,24,A32,A43,418.0,A61,A72,4,A91,A101,3,A122,32,A143,A152,1,A173,1,A191,A201,2,1,0,3977.0,NIGERIA
A12,18,A34,A43,446.0,A61,A75,3,A92,A103,4,A121,48,A141,A151,2,A172,1,A192,A201,1,0,0,4489.0,NIGERIA
A12,12,A32,A43,334.0,A61,A72,1,A94,A101,1,A121,23,A143,A151,1,A173,1,A191,A201,2,1,0,4776.0,NIGERIA
A12,13,A34,A43,197.0,A61,A72,4,A93,A103,4,A121,23,A143,A152,2,A173,1,A191,A201,1,0,0,2324.0,NIGERIA
A14,12,A32,A42,369.0,A61,A74,3,A92,A101,4,A121,31,A143,A152,1,A172,1,A191,A201,1,0,1,7466.0,NIGERIA
A12,12,A32,A43,1331.0,A65,A71,2,A93,A101,1,A124,52,A143,A152,1,A174,1,A192,A201,2,1,0,22624.0,NIGERIA
A14,10,A34,A42,450.0,A61,A72,1,A92,A101,3,A121,23,A143,A151,2,A173,1,A191,A201,1,0,1,4702.0,NIGERIA
A14,24,A34,A43,436.0,A61,A74,4,A94,A103,2,A123,33,A143,A152,2,A173,1,A192,A201,1,0,0,7372.0,NIGERIA
A11,48,A32,A43,1610.0,A61,A74,1,A94,A103,1,A121,34,A143,A152,2,A173,1,A192,A201,2,1,0,20364.0,NIGERIA
A11,24,A34,A40,229.0,A61,A75,4,A93,A101,4,A123,60,A143,A152,2,A172,1,A191,A201,2,1,1,3258.0,NIGERIA
A12,12,A34,A41,445.0,A62,A72,3,A93,A101,4,A122,44,A143,A152,1,A173,1,A191,A201,1,1,1,8761.0,NIGERIA
A12,8,A32,A49,176.0,A61,A72,3,A94,A101,2,A121,26,A143,A152,1,A173,1,A192,A201,1,0,1,2167.0,NIGERIA
A14,6,A34,A40,1360.0,A61,A74,1,A93,A101,3,A124,45,A143,A152,2,A174,2,A192,A201,1,0,1,16146.0,NIGERIA
A11,12,A32,A43,384.0,A63,A75,3,A94,A101,1,A121,35,A143,A152,1,A173,1,A191,A201,1,0,1,5942.0,NIGERIA
A11,10,A34,A40,221.0,A61,A74,4,A93,A102,3,A122,49,A143,A152,2,A173,1,A192,A201,1,0,1,3409.0,NIGERIA
A14,24,A32,A41,1255.0,A65,A75,3,A93,A101,4,A123,41,A143,A152,1,A174,2,A192,A201,1,0,0,29088.0,NIGERIA
A14,12,A34,A43,370.0,A61,A75,2,A93,A101,4,A121,63,A143,A152,2,A172,1,A192,A201,1,0,0,4533.0,NIGERIA
A14,10,A32,A40,286.0,A61,A73,2,A92,A101,4,A123,64,A143,A152,1,A173,1,A192,A201,1,0,0,3114.0,NIGERIA
A14,24,A34,A40,311.0,A64,A75,4,A92,A101,4,A121,37,A143,A152,2,A173,1,A192,A201,1,0,1,4938.0,NIGERIA
A14,6,A32,A44,335.0,A63,A73,1,A91,A101,4,A121,62,A143,A152,1,A173,1,A191,A201,1,0,0,4025.0,NIGERIA
A11,27,A30,A49,994.0,A61,A71,2,A93,A101,4,A122,50,A142,A152,2,A173,1,A192,A201,2,1,1,19837.0,NIGERIA
A12,30,A34,A40,436.0,A65,A75,4,A93,A101,4,A121,36,A143,A152,2,A173,1,A191,A201,1,0,0,6075.0,NIGERIA
A11,30,A32,A43,475.0,A61,A75,1,A93,A103,3,A122,39,A143,A152,1,A173,2,A191,A201,1,0,1,10057.0,NIGERIA
A11,18,A34,A40,1315.0,A61,A75,2,A93,A101,4,A124,36,A143,A153,3,A174,1,A192,A201,1,0,0,13543.0,NIGERIA
A12,15,A32,A45,366.0,A62,A73,4,A93,A103,2,A121,22,A143,A152,1,A173,1,A191,A201,1,0,1,4774.0,NIGERIA
A14,30,A34,A43,1035.0,A61,A74,4,A92,A101,4,A123,26,A143,A151,1,A174,1,A192,A201,1,0,1,17599.0,NIGERIA
A12,9,A32,A40,68.0,A61,A73,4,A94,A101,4,A121,22,A143,A151,1,A172,1,A191,A201,1,0,0,1476.0,NIGERIA
A12,48,A32,A42,2104.0,A61,A72,1,A92,A101,2,A123,26,A143,A152,1,A173,1,A192,A201,2,1,1,46516.0,NIGERIA
A13,24,A32,A40,224.0,A61,A74,4,A93,A101,3,A124,38,A141,A153,1,A173,2,A191,A201,2,1,0,4519.0,NIGERIA
A11,6,A34,A43,427.0,A61,A74,1,A92,A101,4,A123,31,A143,A152,1,A173,1,A191,A201,1,0,1,7746.0,NIGERIA
A11,6,A32,A44,74.0,A61,A72,4,A92,A101,1,A121,27,A143,A152,1,A173,1,A191,A201,1,0,0,1622.0,NIGERIA
A14,21,A32,A41,540.0,A65,A75,4,A93,A101,4,A121,46,A143,A152,1,A174,1,A192,A201,1,0,0,8947.0,NIGERIA
A14,12,A32,A43,508.0,A65,A73,4,A93,A101,4,A124,37,A143,A153,1,A173,1,A192,A201,1,0,1,4949.0,NIGERIA
A14,24,A34,A40,403.0,A61,A73,4,A92,A101,4,A123,37,A143,A152,1,A173,1,A192,A201,1,0,0,7439.0,NIGERIA
A12,48,A33,A49,1283.0,A65,A73,4,A93,A101,4,A124,38,A143,A153,1,A173,2,A192,A201,1,0,0,22252.0,NIGERIA
A11,6,A32,A44,69.0,A61,A72,4,A92,A101,1,A121,27,A143,A152,1,A173,1,A191,A201,1,0,0,992.0,NIGERIA
A14,15,A34,A41,821.0,A64,A75,3,A93,A101,4,A124,23,A143,A151,2,A173,1,A192,A201,1,0,1,14697.0,NIGERIA
A14,12,A32,A41,1097.0,A65,A72,1,A92,A101,4,A123,20,A143,A151,1,A173,1,A191,A201,1,0,1,10638.0,NIGERIA
A14,18,A34,A40,223.0,A61,A73,4,A92,A101,3,A121,36,A143,A152,2,A173,1,A191,A201,1,0,1,3086.0,NIGERIA
A12,18,A33,A42,963.0,A61,A75,4,A91,A101,3,A124,40,A143,A152,1,A174,1,A192,A201,2,1,0,11936.0,NIGERIA
A14,12,A34,A43,499.0,A65,A75,1,A93,A102,4,A121,49,A143,A152,1,A173,1,A192,A201,1,0,0,10011.0,NIGERIA
A12,12,A32,A40,256.0,A61,A72,3,A92,A101,1,A123,25,A143,A151,1,A173,1,A191,A201,2,1,1,2367.0,NIGERIA
A11,24,A31,A42,564.0,A63,A73,4,A93,A101,4,A121,22,A142,A152,1,A173,1,A192,A201,1,1,1,8985.0,NIGERIA
A12,36,A30,A43,865.0,A61,A73,4,A92,A101,1,A123,42,A143,A152,1,A173,1,A192,A201,2,1,0,13598.0,NIGERIA
A14,24,A33,A49,1811.0,A61,A72,2,A93,A101,2,A123,27,A141,A152,2,A173,1,A192,A201,2,1,0,21659.0,NIGERIA
A11,21,A32,A40,927.0,A65,A74,2,A93,A102,2,A121,24,A143,A152,1,A172,1,A191,A202,1,0,0,19699.0,NIGERIA
A11,39,A34,A42,3261.0,A65,A74,4,A93,A101,4,A122,30,A143,A152,2,A174,1,A192,A201,1,0,1,30280.0,NIGERIA
A14,6,A34,A42,289.0,A65,A73,1,A94,A101,2,A122,27,A143,A152,2,A173,1,A191,A201,1,0,1,4260.0,NIGERIA
A14,15,A32,A43,886.0,A61,A75,4,A92,A101,2,A123,54,A141,A151,1,A174,1,A192,A201,1,1,1,15749.0,NIGERIA
A14,54,A30,A41,1848.0,A65,A73,2,A93,A101,2,A122,39,A143,A152,1,A172,2,A191,A201,1,1,1,19131.0,NIGERIA
A12,42,A31,A41,1778.0,A61,A71,1,A93,A101,2,A124,55,A141,A153,1,A174,1,A192,A201,1,0,1,24201.0,NIGERIA
A11,36,A32,A46,452.0,A65,A75,4,A93,A101,4,A124,40,A143,A152,1,A174,1,A192,A201,2,1,1,8330.0,NIGERIA
A11,18,A32,A42,496.0,A61,A73,1,A92,A101,4,A121,20,A141,A151,1,A173,1,A191,A201,2,1,0,8364.0,NIGERIA
A14,15,A34,A43,440.0,A61,A75,4,A93,A101,4,A123,46,A143,A152,2,A173,1,A192,A201,1,0,1,6604.0,NIGERIA
A11,6,A34,A42,433.0,A61,A71,4,A93,A101,4,A124,36,A143,A153,3,A174,1,A192,A201,1,0,1,10110.0,NIGERIA
A11,48,A31,A49,1544.0,A61,A74,2,A92,A103,4,A123,37,A143,A151,1,A173,1,A191,A201,2,1,0,14800.0,NIGERIA
A11,12,A34,A43,87.0,A61,A74,4,A92,A101,3,A121,58,A143,A152,4,A172,1,A192,A201,1,0,0,1221.0,NIGERIA
A11,24,A34,A40,284.0,A61,A75,4,A93,A101,4,A123,60,A143,A152,2,A172,1,A191,A201,2,1,1,6064.0,NIGERIA
A11,6,A31,A46,225.0,A61,A75,4,A92,A101,4,A124,35,A143,A153,1,A173,1,A191,A201,2,1,1,3146.0,NIGERIA
A14,36,A33,A49,1855.0,A65,A72,4,A93,A101,4,A123,27,A143,A151,2,A173,1,A192,A201,2,1,1,39620.0,NIGERIA
A14,9,A32,A42,292.0,A61,A73,4,A92,A101,2,A121,26,A143,A151,1,A173,1,A191,A201,1,0,0,6333.0,NIGERIA
A11,60,A32,A49,1506.0,A61,A75,4,A93,A102,4,A124,36,A143,A151,1,A173,1,A191,A201,2,1,0,28604.0,NIGERIA
A11,18,A32,A43,844.0,A61,A74,4,A92,A103,1,A121,25,A143,A152,1,A173,1,A191,A201,1,0,0,18608.0,NIGERIA
A14,24,A32,A43,740.0,A62,A75,2,A93,A101,4,A123,31,A143,A152,2,A173,1,A191,A201,2,1,0,12900.0,NIGERIA
A14,6,A30,A43,81.0,A61,A75,4,A94,A101,4,A123,39,A143,A152,1,A172,1,A191,A201,1,0,0,1298.0,NIGERIA
A14,24,A32,A43,388.0,A62,A73,4,A93,A101,4,A123,29,A143,A151,1,A174,1,A192,A201,1,0,0,5912.0,NIGERIA
A14,6,A34,A43,261.0,A62,A73,1,A92,A101,1,A122,27,A143,A152,2,A173,1,A191,A201,1,0,1,5250.0,NIGERIA
A14,24,A32,A42,635.0,A63,A75,3,A93,A101,4,A122,53,A143,A152,1,A173,1,A191,A201,1,0,1,12439.0,NIGERIA
A14,6,A32,A43,422.0,A61,A74,2,A94,A101,2,A121,29,A143,A151,1,A173,1,A191,A201,1,0,0,7404.0,NIGERIA
A12,30,A32,A43,667.0,A65,A75,2,A92,A101,4,A123,25,A143,A152,1,A173,1,A191,A201,1,0,0,14339.0,NIGERIA
A14,6,A32,A42,988.0,A61,A72,1,A92,A101,4,A122,32,A143,A152,1,A173,1,A191,A201,2,1,1,12002.0,NIGERIA
A14,12,A34,A49,251.0,A65,A75,4,A93,A101,4,A124,57,A143,A151,1,A172,1,A191,A201,1,0,1,4987.0,NIGERIA
A11,6,A34,A42,448.0,A61,A71,4,A93,A101,4,A124,36,A143,A153,3,A174,1,A192,A201,1,0,0,5578.0,NIGERIA
A11,45,A32,A43,401.0,A61,A73,4,A93,A101,4,A124,23,A143,A153,1,A173,1,A192,A201,2,1,0,7168.0,NIGERIA
A13,24,A32,A42,460.0,A61,A73,2,A93,A101,2,A121,26,A143,A152,1,A173,1,A191,A201,1,0,0,5388.0,NIGERIA
A11,9,A32,A40,339.0,A61,A72,3,A93,A101,2,A124,27,A143,A153,1,A174,1,A192,A201,2,1,0,7008.0,NIGERIA
A12,36,A32,A43,579.0,A61,A74,4,A93,A101,4,A123,24,A143,A151,1,A173,1,A191,A201,1,0,0,5875.0,NIGERIA
A12,18,A32,A40,1452.0,A62,A73,2,A93,A101,2,A123,30,A143,A152,2,A173,1,A192,A201,1,0,0,23929.0,NIGERIA
A11,12,A31,A43,154.0,A61,A73,4,A92,A101,4,A121,24,A141,A152,1,A172,1,A191,A201,2,1,1,3584.0,NIGERIA
A12,18,A33,A49,534.0,A65,A75,4,A93,A101,2,A122,42,A143,A152,2,A173,1,A191,A201,1,0,0,11713.0,NIGERIA
A11,12,A32,A40,173.0,A61,A74,4,A93,A101,2,A121,26,A143,A152,1,A173,1,A191,A201,2,1,1,1975.0,NIGERIA
A14,10,A32,A40,304.0,A62,A73,3,A93,A101,2,A121,35,A143,A151,1,A172,1,A191,A202,1,0,1,3948.0,NIGERIA
A14,24,A34,A40,384.0,A61,A73,4,A92,A101,4,A123,37,A143,A152,1,A173,1,A192,A201,1,0,0,6193.0,NIGERIA
A12,12,A32,A42,203.0,A62,A72,4,A92,A101,4,A123,27,A141,A151,4,A173,1,A191,A201,2,1,0,2035.0,NIGERIA
A12,24,A34,A41,1832.0,A64,A75,2,A92,A101,4,A124,29,A143,A151,1,A173,1,A191,A201,1,0,0,33322.0,NIGERIA
A12,12,A34,A40,207.0,A61,A74,2,A93,A101,3,A121,47,A143,A152,2,A172,2,A191,A201,1,0,1,2981.0,NIGERIA
A12,36,A32,A43,537.0,A62,A73,4,A92,A102,4,A124,50,A143,A153,1,A173,1,A191,A201,2,1,1,10532.0,NIGERIA
A14,27,A32,A45,1287.0,A65,A75,4,A93,A101,4,A122,48,A143,A152,4,A173,2,A192,A201,1,0,0,29945.0,NIGERIA
A11,15,A32,A40,332.0,A61,A72,2,A93,A101,3,A121,36,A143,A152,1,A173,1,A191,A201,1,0,1,5489.0,NIGERIA
A11,48,A32,A40,966.0,A61,A74,4,A93,A101,4,A124,46,A143,A153,1,A173,2,A191,A201,2,1,0,12851.0,NIGERIA
A11,21,A31,A40,339.0,A65,A73,4,A93,A101,2,A122,40,A143,A152,2,A172,2,A191,A201,2,1,1,5567.0,NIGERIA
A11,10,A34,A40,471.0,A61,A72,1,A93,A101,3,A121,48,A143,A151,2,A172,2,A191,A202,1,0,0,9656.0,NIGERIA
A12,30,A32,A40,404.0,A61,A73,4,A92,A103,2,A124,24,A141,A152,1,A173,1,A191,A201,2,1,0,9054.0,NIGERIA
A13,15,A32,A49,511.0,A61,A74,2,A93,A101,4,A122,26,A143,A151,1,A173,1,A192,A201,1,1,1,8955.0,NIGERIA
A12,18,A32,A49,473.0,A64,A72,3,A94,A101,3,A121,36,A141,A152,1,A173,1,A192,A201,1,0,0,10562.0,NIGERIA
A11,24,A32,A43,475.0,A61,A72,4,A92,A101,4,A121,35,A143,A152,1,A173,1,A192,A201,2,1,1,10319.0,NIGERIA
A11,24,A31,A42,587.0,A63,A73,4,A93,A101,4,A121,22,A142,A152,1,A173,1,A192,A201,1,0,1,5619.0,NIGERIA
A11,30,A30,A42,1071.0,A61,A73,2,A91,A103,2,A121,32,A143,A152,2,A173,1,A191,A201,1,0,0,11213.0,NIGERIA
A12,18,A32,A42,401.0,A65,A72,4,A92,A101,3,A121,27,A143,A151,1,A173,1,A191,A201,2,1,0,6748.0,NIGERIA
A12,6,A34,A48,196.0,A65,A74,1,A92,A101,3,A122,39,A143,A152,2,A172,1,A191,A201,1,0,1,1881.0,NIGERIA
A14,18,A34,A43,132.0,A63,A75,4,A93,A101,3,A122,32,A141,A152,2,A174,1,A192,A201,1,0,0,2384.0,NIGERIA
A13,36,A32,A43,1020.0,A61,A75,4,A93,A101,2,A123,31,A143,A152,1,A173,1,A191,A201,1,0,0,12856.0,NIGERIA
A14,15,A32,A44,196.0,A65,A72,4,A92,A101,1,A121,24,A143,A152,1,A173,1,A191,A201,1,1,1,4137.0,NIGERIA
A12,12,A34,A40,468.0,A62,A72,4,A93,A101,1,A123,27,A143,A152,1,A173,1,A191,A201,1,0,0,10722.0,NIGERIA
A11,12,A32,A43,175.0,A61,A75,4,A93,A101,4,A121,57,A142,A152,1,A172,1,A191,A201,2,1,1,2266.0,NIGERIA
A14,30,A34,A43,1545.0,A65,A74,2,A93,A101,3,A122,36,A143,A152,2,A173,1,A191,A201,1,0,1,21694.0,NIGERIA
A13,6,A33,A43,143.0,A61,A72,2,A92,A101,1,A122,29,A141,A152,1,A173,1,A191,A201,1,0,1,1391.0,NIGERIA
A12,9,A32,A42,434.0,A65,A74,2,A93,A101,1,A123,24,A143,A152,1,A173,1,A192,A201,1,0,0,9021.0,NIGERIA
A14,36,A32,A43,856.0,A65,A75,2,A92,A101,4,A121,45,A143,A152,1,A172,1,A192,A201,1,0,0,10189.0,NIGERIA
A11,18,A32,A42,1030.0,A61,A73,2,A93,A102,3,A123,42,A143,A152,1,A173,1,A191,A201,2,1,1,11468.0,NIGERIA
A12,12,A32,A43,324.0,A65,A73,2,A94,A101,1,A121,25,A143,A152,1,A173,1,A192,A201,2,1,1,6725.0,NIGERIA
A14,12,A34,A40,226.0,A63,A73,4,A93,A101,4,A121,44,A143,A152,1,A173,1,A192,A201,1,0,1,2067.0,NIGERIA
A14,24,A33,A42,914.0,A62,A73,2,A93,A101,3,A122,35,A143,A152,2,A173,1,A191,A201,1,0,1,21157.0,NIGERIA
A14,6,A32,A48,238.0,A65,A71,4,A93,A101,4,A122,36,A143,A152,1,A174,2,A192,A201,1,0,1,3687.0,NIGERIA
A14,6,A32,A45,158.0,A63,A74,2,A94,A101,4,A121,23,A143,A151,1,A172,1,A191,A201,1,1,1,1545.0,NIGERIA
A14,15,A34,A42,643.0,A61,A73,4,A93,A101,2,A124,28,A143,A153,1,A173,1,A192,A201,1,0,0,5880.0,NIGERIA
A14,12,A32,A40,561.0,A65,A75,4,A93,A101,3,A123,50,A143,A152,1,A173,1,A192,A201,1,0,0,9152.0,NIGERIA
A11,12,A31,A48,64.0,A61,A75,4,A94,A101,1,A123,45,A141,A152,1,A172,1,A191,A201,1,0,1,1203.0,NIGERIA
A14,7,A33,A43,185.0,A65,A75,3,A93,A101,4,A124,36,A143,A153,1,A173,1,A191,A201,1,0,0,4290.0,NIGERIA
A12,18,A30,A40,455.0,A62,A72,3,A92,A101,3,A123,28,A143,A152,2,A173,1,A191,A201,2,1,1,4359.0,NIGERIA
A14,15,A32,A41,315.0,A65,A75,4,A93,A101,4,A124,45,A141,A153,1,A173,2,A191,A201,1,0,0,4591.0,NIGERIA
A12,12,A34,A44,350.0,A61,A74,4,A93,A101,3,A122,26,A143,A152,1,A173,1,A191,A201,1,0,1,7782.0,NIGERIA
A11,18,A32,A43,678.0,A61,A74,4,A92,A103,1,A121,25,A143,A152,1,A173,1,A191,A201,1,0,0,12857.0,NIGERIA
A14,21,A30,A40,1097.0,A65,A73,1,A92,A101,4,A122,29,A141,A152,2,A173,1,A192,A201,2,1,1,9947.0,NIGERIA
A11,24,A31,A43,348.0,A61,A74,4,A93,A103,4,A123,24,A141,A151,1,A172,1,A191,A201,2,1,1,6614.0,NIGERIA
A11,12,A32,A43,330.0,A63,A75,3,A94,A101,1,A121,35,A143,A152,1,A173,1,A191,A201,1,0,0,5283.0,NIGERIA
A14,9,A34,A40,232.0,A61,A73,3,A93,A101,1,A121,30,A143,A152,2,A173,1,A191,A201,1,1,1,4877.0,NIGERIA
A12,12,A32,A43,281.0,A61,A72,2,A93,A101,1,A123,22,A142,A152,1,A173,1,A191,A201,2,1,0,4375.0,NIGERIA
A11,12,A31,A48,78.0,A61,A75,4,A94,A101,1,A123,45,A141,A152,1,A172,1,A191,A201,1,0,1,763.0,NIGERIA
A11,12,A32,A43,135.0,A61,A73,4,A94,A101,2,A121,40,A143,A152,1,A172,1,A191,A201,1,0,0,1751.0,NIGERIA
A11,6,A32,A44,74.0,A61,A72,4,A92,A101,1,A121,27,A143,A152,1,A173,1,A191,A201,1,0,1,1253.0,NIGERIA
A12,60,A33,A43,1730.0,A65,A73,2,A93,A101,2,A124,27,A143,A153,1,A174,1,A191,A201,1,0,0,24061.0,NIGERIA
A14,6,A30,A40,272.0,A62,A73,4,A93,A101,1,A124,35,A141,A151,1,A173,1,A191,A202,1,0,1,3376.0,NIGERIA
A11,24,A32,A40,247.0,A65,A74,4,A92,A101,4,A124,32,A143,A151,1,A173,1,A191,A201,2,1,0,2788.0,NIGERIA
A14,6,A34,A43,293.0,A62,A73,1,A92,A101,1,A122,27,A143,A152,2,A173,1,A191,A201,1,0,1,4175.0,NIGERIA
A11,6,A32,A46,105.0,A61,A72,4,A92,A101,4,A122,23,A143,A152,1,A173,1,A191,A201,2,1,0,1556.0,NIGERIA
A12,15,A32,A45,557.0,A62,A73,3,A92,A101,2,A121,25,A143,A152,1,A172,1,A191,A201,1,0,0,7983.0,NIGERIA
A12,24,A32,A41,2749.0,A61,A75,4,A92,A101,2,A124,44,A143,A153,1,A174,1,A192,A201,2,1,1,29723.0,NIGERIA
A12,12,A32,A49,247.0,A62,A74,3,A93,A101,4,A121,39,A143,A152,1,A172,1,A191,A201,1,0,0,5157.0,NIGERIA
A14,24,A34,A49,896.0,A62,A73,3,A93,A101,3,A122,27,A143,A152,2,A172,1,A192,A201,1,0,0,20390.0,NIGERIA
A11,18,A32,A40,911.0,A62,A73,3,A93,A101,4,A123,35,A143,A152,1,A172,2,A192,A201,1,0,0,12528.0,NIGERIA
A13,12,A33,A40,505.0,A61,A73,2,A92,A101,2,A123,36,A142,A152,2,A173,1,A192,A201,1,0,1,7439.0,NIGERIA
A14,18,A32,A42,683.0,A61,A75,4,A93,A101,4,A122,47,A141,A152,3,A173,2,A192,A201,1,0,1,9627.0,NIGERIA
A12,6,A31,A40,182.0,A62,A72,1,A92,A101,1,A122,32,A142,A152,1,A172,1,A191,A201,2,1,1,3683.0,NIGERIA
A11,36,A33,A46,1541.0,A61,A73,4,A93,A101,3,A122,29,A142,A152,1,A173,1,A192,A201,2,1,1,34588.0,NIGERIA
A11,6,A34,A43,73.0,A63,A75,4,A93,A101,4,A123,52,A143,A152,2,A173,1,A191,A201,1,0,0,978.0,NIGERIA
A12,30,A32,A42,647.0,A62,A73,2,A92,A102,4,A123,21,A143,A151,1,A173,1,A191,A201,2,1,0,13558.0,NIGERIA
A13,36,A32,A43,901.0,A61,A75,4,A93,A101,2,A123,31,A143,A152,1,A173,1,A191,A201,1,0,0,11133.0,NIGERIA
A11,36,A34,A46,1788.0,A61,A73,3,A92,A101,2,A124,25,A143,A152,2,A174,1,A192,A201,2,1,0,25093.0,NIGERIA
A14,15,A33,A41,883.0,A61,A72,1,A92,A101,2,A122,46,A143,A152,2,A172,1,A191,A201,1,0,0,11539.0,NIGERIA
A13,6,A34,A40,321.0,A62,A75,2,A91,A101,4,A123,28,A143,A152,2,A173,2,A192,A201,1,0,1,3253.0,NIGERIA
A14,12,A32,A41,507.0,A65,A72,2,A94,A101,4,A123,26,A143,A151,1,A173,1,A192,A201,1,0,1,6833.0,NIGERIA
A11,24,A31,A42,565.0,A63,A73,4,A93,A101,4,A121,22,A142,A152,1,A173,1,A192,A201,1,0,0,9694.0,NIGERIA
A14,12,A34,A40,286.0,A61,A75,4,A93,A101,4,A121,61,A143,A152,2,A172,1,A191,A201,1,0,0,2611.0,NIGERIA
A14,18,A30,A49,1037.0,A61,A73,2,A93,A101,2,A123,36,A142,A152,2,A173,2,A191,A201,2,1,1,13096.0,NIGERIA
A12,18,A32,A49,363.0,A64,A72,3,A94,A101,3,A121,36,A141,A152,1,A173,1,A192,A201,1,0,1,3783.0,NIGERIA
A12,36,A34,A43,472.0,A61,A75,4,A93,A101,4,A121,36,A143,A152,1,A173,1,A191,A201,1,0,1,6112.0,NIGERIA
A12,12,A32,A43,595.0,A61,A74,2,A92,A101,1,A121,27,A143,A152,1,A173,1,A191,A201,1,0,1,5790.0,NIGERIA
A12,6,A31,A46,108.0,A64,A72,4,A92,A101,2,A122,24,A141,A151,1,A173,2,A191,A201,2,1,0,1535.0,NIGERIA
A11,24,A33,A43,243.0,A61,A72,4,A94,A101,4,A121,48,A142,A152,1,A173,1,A191,A201,2,1,0,2358.0,NIGERIA
A13,6,A34,A40,310.0,A61,A73,1,A93,A101,1,A121,74,A143,A152,3,A171,2,A191,A202,1,0,1,3606.0,NIGERIA
A12,12,A32,A43,251.0,A61,A75,3,A94,A103,3,A121,40,A141,A152,2,A172,1,A191,A201,1,0,1,4278.0,NIGERIA
A12,12,A32,A40,1359.0,A61,A74,2,A93,A101,2,A123,32,A143,A152,1,A173,1,A191,A201,1,1,1,18222.0,NIGERIA
A14,24,A33,A42,779.0,A62,A73,2,A93,A101,3,A122,35,A143,A152,2,A173,1,A191,A201,1,0,0,14609.0,NIGERIA
A12,8,A32,A43,311.0,A61,A73,4,A93,A103,2,A121,33,A143,A152,1,A173,1,A191,A202,1,0,1,6126.0,NIGERIA
A12,9,A32,A43,410.0,A61,A72,4,A92,A101,2,A123,22,A143,A152,1,A173,1,A192,A201,2,1,1,6647.0,NIGERIA
A11,12,A32,A40,142.0,A61,A74,4,A93,A101,2,A121,26,A143,A152,1,A173,1,A191,A201,2,1,1,1319.0,NIGERIA
A12,24,A32,A40,513.0,A61,A73,3,A92,A101,4,A122,20,A143,A151,1,A172,1,A192,A201,2,1,1,6456.0,NIGERIA
A13,6,A34,A40,274.0,A62,A75,2,A91,A101,4,A123,28,A143,A152,2,A173,2,A192,A201,1,0,0,4872.0,NIGERIA
A12,9,A32,A43,392.0,A61,A72,4,A92,A101,2,A123,22,A143,A152,1,A173,1,A192,A201,2,1,0,8179.0,NIGERIA
A12,30,A30,A49,1067.0,A62,A73,4,A92,A101,4,A123,26,A143,A151,2,A172,1,A191,A201,2,1,1,21392.0,NIGERIA
A14,24,A32,A43,417.0,A62,A73,4,A93,A101,4,A123,29,A143,A151,1,A174,1,A192,A201,1,0,0,3906.0,NIGERIA
A14,24,A32,A43,278.0,A63,A74,4,A92,A101,1,A123,28,A143,A152,1,A173,1,A191,A201,1,0,0,5920.0,NIGERIA
A14,12,A33,A45,368.0,A64,A75,4,A93,A101,4,A124,55,A143,A153,2,A173,2,A191,A201,2,1,0,6743.0,NIGERIA
A14,60,A33,A43,3254.0,A61,A74,2,A93,A101,4,A123,21,A143,A152,2,A173,1,A192,A201,1,0,0,74228.0,NIGERIA
A14,12,A32,A43,612.0,A61,A73,2,A93,A101,4,A123,52,A143,A152,1,A173,1,A192,A201,1,0,0,12068.0,NIGERIA
A14,24,A32,A40,261.0,A61,A73,2,A93,A103,2,A121,31,A143,A152,1,A173,1,A192,A201,1,0,1,3273.0,NIGERIA
A12,24,A34,A49,413.0,A61,A75,4,A91,A101,4,A121,31,A143,A152,2,A173,1,A192,A201,2,1,0,5670.0,NIGERIA
A11,12,A30,A45,226.0,A61,A74,4,A93,A101,3,A121,28,A143,A152,2,A173,1,A191,A201,2,1,0,4746.0,NIGERIA
A11,6,A32,A44,65.0,A61,A72,4,A92,A101,1,A121,27,A143,A152,1,A173,1,A191,A201,1,0,1,1516.0,NIGERIA
A14,18,A33,A43,579.0,A61,A71,2,A94,A101,3,A121,34,A143,A152,2,A173,1,A191,A201,1,0,1,11858.0,NIGERIA
A12,24,A34,A41,1608.0,A64,A75,2,A92,A101,4,A124,29,A143,A151,1,A173,1,A191,A201,1,0,0,35241.0,NIGERIA
A11,24,A33,A40,1212.0,A61,A73,3,A93,A101,4,A124,53,A143,A153,2,A173,2,A191,A201,2,1,1,17861.0,NIGERIA
A14,10,A34,A40,236.0,A61,A75,3,A93,A101,4,A121,32,A143,A152,2,A172,2,A191,A202,1,0,0,3038.0,NIGERIA
A12,12,A32,A43,251.0,A63,A73,3,A91,A101,1,A123,26,A143,A152,1,A173,1,A192,A201,1,0,0,5116.0,NIGERIA
A14,13,A32,A43,272.0,A62,A71,2,A92,A101,4,A121,64,A143,A152,1,A173,1,A191,A201,1,0,0,2490.0,NIGERIA
A12,11,A33,A43,1053.0,A61,A74,2,A93,A101,4,A122,51,A143,A152,1,A173,1,A191,A201,1,0,0,14704.0,NIGERIA
A11,36,A34,A46,1752.0,A61,A73,3,A92,A101,2,A124,25,A143,A152,2,A174,1,A192,A201,2,1,0,36700.0,NIGERIA
A11,18,A32,A42,781.0,A61,A72,1,A92,A101,4,A123,22,A143,A151,1,A173,1,A191,A201,1,0,1,13690.0,NIGERIA
A11,15,A32,A44,253.0,A65,A73,4,A92,A101,2,A123,24,A143,A151,1,A173,1,A191,A201,2,1,0,5561.0,NIGERIA
A14,12,A32,A43,183.0,A61,A73,4,A94,A101,2,A121,28,A143,A152,1,A173,1,A191,A201,1,0,1,1937.0,NIGERIA
A14,24,A32,A43,315.0,A62,A74,4,A94,A101,3,A122,26,A143,A152,1,A173,1,A192,A201,1,0,0,7065.0,NIGERIA
A11,9,A32,A43,338.0,A61,A72,3,A92,A101,4,A122,22,A143,A151,1,A173,1,A191,A201,2,1,0,5690.0,NIGERIA
A14,36,A34,A41,1104.0,A61,A75,2,A93,A101,2,A122,35,A143,A152,2,A173,2,A192,A201,1,0,0,24426.0,NIGERIA
A14,12,A32,A46,150.0,A61,A75,4,A93,A101,4,A123,41,A141,A152,1,A172,2,A191,A201,2,1,1,1666.0,NIGERIA
A11,12,A32,A48,204.0,A61,A74,4,A94,A101,4,A122,21,A143,A151,1,A173,1,A191,A201,2,1,0,2618.0,NIGERIA
A12,9,A34,A43,280.0,A61,A75,2,A93,A101,4,A121,37,A143,A152,3,A172,1,A191,A201,1,0,0,5890.0,NIGERIA
A11,8,A34,A410,234.0,A61,A75,3,A93,A101,4,A124,51,A141,A153,2,A174,2,A192,A201,1,0,1,3080.0,NIGERIA
A11,24,A32,A42,875.0,A61,A73,2,A93,A101,2,A123,27,A142,A152,1,A173,1,A191,A201,1,0,1,7966.0,NIGERIA
A12,11,A34,A40,281.0,A64,A73,4,A92,A101,4,A123,40,A143,A152,2,A173,1,A191,A201,1,0,0,5006.0,NIGERIA
A14,30,A31,A41,1757.0,A65,A71,4,A92,A101,1,A121,53,A141,A152,1,A174,1,A192,A201,2,1,1,37504.0,NIGERIA
A12,45,A32,A43,696.0,A62,A73,4,A93,A103,4,A122,21,A143,A151,1,A173,1,A191,A201,2,1,1,6438.0,NIGERIA
A11,24,A34,A41,1483.0,A61,A75,2,A92,A101,4,A124,44,A143,A153,2,A174,2,A192,A201,1,0,1,19460.0,NIGERIA
A14,12,A34,A49,286.0,A65,A75,4,A93,A101,4,A124,57,A143,A151,1,A172,1,A191,A201,1,0,0,3789.0,NIGERIA
A11,30,A32,A42,735.0,A64,A75,4,A92,A101,4,A122,57,A143,A151,2,A173,1,A192,A201,1,0,0,12829.0,NIGERIA
A12,24,A33,A42,451.0,A65,A72,4,A93,A101,2,A122,29,A141,A152,1,A172,1,A191,A201,1,0,0,7406.0,NIGERIA
A11,12,A32,A40,266.0,A61,A73,4,A94,A101,3,A121,27,A143,A152,1,A172,1,A191,A201,1,0,0,3467.0,NIGERIA
A11,12,A31,A43,503.0,A61,A73,4,A91,A101,1,A124,29,A143,A153,1,A173,1,A191,A201,2,1,0,8346.0,NIGERIA
A12,12,A32,A43,301.0,A61,A72,1,A94,A101,1,A121,23,A143,A151,1,A173,1,A191,A201,2,1,1,4421.0,NIGERIA
A12,18,A32,A40,1328.0,A61,A74,3,A93,A101,3,A121,28,A143,A151,1,A172,1,A191,A201,1,0,1,25293.0,NIGERIA
A14,24,A33,A40,446.0,A61,A75,4,A93,A101,4,A124,60,A143,A153,2,A173,1,A192,A201,1,0,0,4532.0,NIGERIA
A14,24,A32,A41,1494.0,A65,A75,3,A93,A101,4,A123,41,A143,A152,1,A174,2,A192,A201,1,0,0,34816.0,NIGERIA
A12,10,A32,A42,351.0,A61,A73,4,A91,A101,2,A123,31,A143,A152,1,A172,1,A191,A201,1,0,0,4165.0,NIGERIA
A14,15,A32,A42,675.0,A61,A72,2,A93,A101,3,A122,27,A141,A152,2,A172,1,A191,A201,1,0,0,13671.0,NIGERIA
A13,18,A32,A42,655.0,A61,A72,1,A92,A101,1,A122,45,A142,A152,1,A172,1,A191,A201,1,0,1,11251.0,NIGERIA
A12,12,A32,A49,163.0,A62,A74,2,A92,A101,4,A121,23,A143,A151,1,A172,1,A191,A201,1,0,1,3552.0,NIGERIA
A12,10,A31,A43,231.0,A61,A73,4,A93,A101,4,A121,23,A142,A152,1,A172,1,A191,A201,1,0,0,4059.0,NIGERIA
A12,24,A32,A43,507.0,A61,A72,1,A94,A101,1,A122,22,A143,A152,1,A173,1,A192,A201,2,1,0,4667.0,NIGERIA
A12,9,A34,A46,310.0,A61,A75,2,A92,A101,3,A123,34,A143,A152,2,A174,1,A192,A201,2,1,1,6538.0,NIGERIA
A11,15,A30,A40,217.0,A61,A75,4,A93,A101,3,A123,33,A143,A151,2,A173,2,A191,A201,2,1,0,2712.0,NIGERIA
A14,48,A34,A41,2907.0,A62,A73,2,A92,A101,4,A123,24,A141,A151,2,A172,1,A191,A201,2,1,0,31083.0,NIGERIA
A14,15,A34,A43,347.0,A61,A73,4,A93,A101,4,A124,35,A143,A153,2,A173,1,A192,A201,1,0,0,7918.0,NIGERIA
A12,6,A32,A43,116.0,A61,A72,3,A94,A101,3,A121,26,A143,A152,1,A172,1,A191,A202,1,0,1,1173.0,NIGERIA
A12,9,A32,A49,304.0,A61,A73,2,A94,A101,1,A121,27,A141,A152,1,A173,1,A192,A201,1,0,0,4282.0,NIGERIA
A14,9,A32,A44,302.0,A61,A72,1,A92,A101,4,A121,23,A143,A151,1,A173,1,A192,A201,1,0,0,4183.0,NIGERIA
A14,30,A34,A43,1263.0,A61,A74,3,A93,A102,2,A123,38,A143,A152,1,A173,1,A191,A201,1,0,1,16388.0,NIGERIA
A11,24,A31,A42,896.0,A61,A74,3,A93,A101,4,A123,27,A141,A152,1,A173,1,A191,A201,2,1,1,9890.0,NIGERIA
A12,20,A32,A41,1302.0,A65,A71,1,A91,A101,4,A121,60,A143,A152,1,A174,1,A192,A201,1,0,0,21712.0,NIGERIA
A14,6,A34,A40,1269.0,A61,A74,1,A93,A101,3,A124,45,A143,A152,2,A174,2,A192,A201,1,0,0,23086.0,NIGERIA
A13,12,A32,A43,256.0,A61,A73,3,A94,A101,4,A121,23,A143,A151,1,A173,1,A191,A201,1,0,1,5680.0,NIGERIA
A12,54,A30,A49,3597.0,A61,A72,3,A93,A101,4,A124,58,A143,A151,1,A173,1,A192,A201,2,1,0,83658.0,NIGERIA
A11,24,A32,A41,616.0,A61,A74,2,A93,A101,1,A124,34,A143,A153,1,A174,1,A192,A201,1,0,1,6543.0,NIGERIA
A14,12,A33,A41,328.0,A61,A73,4,A94,A101,4,A121,41,A143,A151,1,A173,1,A191,A201,1,0,0,4408.0,NIGERIA
A14,24,A32,A41,1183.0,A65,A71,2,A92,A101,4,A122,26,A143,A151,1,A174,1,A192,A201,1,0,0,15219.0,NIGERIA
A14,12,A34,A46,662.0,A61,A75,2,A92,A101,4,A124,57,A141,A153,3,A172,1,A191,A201,1,0,1,11421.0,NIGERIA
A11,8,A34,A40,160.0,A61,A75,4,A93,A101,4,A121,47,A143,A152,2,A172,1,A191,A201,1,0,1,2763.0,NIGERIA
A11,12,A30,A45,251.0,A61,A74,4,A93,A101,3,A121,28,A143,A152,2,A173,1,A191,A201,2,1,0,3941.0,NIGERIA
A11,18,A32,A43,510.0,A61,A72,4,A92,A101,1,A123,27,A142,A152,1,A173,1,A191,A201,1,0,0,10410.0,NIGERIA
A13,6,A34,A46,206.0,A61,A73,2,A92,A101,4,A122,50,A143,A152,1,A172,1,A191,A201,1,0,1,2894.0,NIGERIA
A14,12,A34,A42,243.0,A61,A72,2,A92,A101,4,A122,22,A143,A151,2,A172,1,A191,A201,1,0,1,2695.0,NIGERIA
A12,9,A32,A43,330.0,A61,A72,4,A92,A101,2,A123,22,A143,A152,1,A173,1,A192,A201,2,1,1,6610.0,NIGERIA
A14,21,A30,A40,1182.0,A65,A73,1,A92,A101,4,A122,29,A141,A152,2,A173,1,A192,A201,2,1,1,19771.0,NIGERIA
A12,6,A34,A48,205.0,A65,A74,1,A92,A101,3,A122,39,A143,A152,2,A172,1,A191,A201,1,0,1,3362.0,NIGERIA
A11,24,A31,A42,484.0,A63,A73,4,A93,A101,4,A121,22,A142,A152,1,A173,1,A192,A201,1,0,0,6444.0,NIGERIA
A11,24,A33,A43,248.0,A61,A72,4,A94,A101,4,A121,48,A142,A152,1,A173,1,A191,A201,2,1,1,4862.0,NIGERIA
A12,9,A32,A43,262.0,A61,A75,4,A93,A101,4,A123,27,A143,A152,2,A172,1,A191,A201,1,0,1,5408.0,NIGERIA
A14,10,A34,A40,263.0,A61,A75,3,A93,A101,4,A121,32,A143,A152,2,A172,2,A191,A202,1,0,0,2963.0,NIGERIA
A14,12,A34,A40,305.0,A61,A75,4,A93,A101,4,A121,61,A143,A152,2,A172,1,A191,A201,1,0,1,2786.0,NIGERIA
A11,24,A34,A41,623.0,A61,A75,4,A93,A101,4,A122,63,A143,A152,2,A173,1,A192,A201,1,0,0,7739.0,NIGERIA
A14,14,A33,A40,188.0,A61,A73,4,A93,A101,2,A123,27,A143,A152,2,A172,1,A191,A201,1,0,1,4183.0,NIGERIA
A12,18,A32,A49,483.0,A64,A72,3,A94,A101,3,A121,36,A141,A152,1,A173,1,A192,A201,1,0,0,4817.0,NIGERIA
A14,12,A34,A46,443.0,A61,A74,2,A93,A101,3,A121,49,A143,A152,1,A172,2,A191,A201,1,0,0,6711.0,NIGERIA
A14,18,A34,A41,743.0,A61,A74,3,A93,A101,1,A123,27,A143,A152,2,A173,1,A191,A201,1,0,0,16141.0,NIGERIA
A11,21,A32,A43,552.0,A61,A72,4,A92,A101,4,A122,28,A143,A151,1,A174,1,A192,A201,1,0,0,5372.0,NIGERIA
A12,12,A32,A40,162.0,A62,A72,4,A92,A101,2,A122,23,A141,A152,1,A172,1,A191,A201,2,1,0,3413.0,NIGERIA
A12,18,A32,A41,600.0,A61,A73,1,A94,A101,3,A123,21,A143,A151,1,A173,1,A192,A201,1,0,0,11657.0,NIGERIA
A12,36,A31,A44,1002.0,A65,A72,3,A92,A101,2,A124,29,A141,A152,1,A171,1,A191,A201,1,0,1,17010.0,NIGERIA
A14,13,A32,A43,309.0,A62,A71,2,A92,A101,4,A121,64,A143,A152,1,A173,1,A191,A201,1,0,0,3960.0,NIGERIA
A14,21,A34,A40,2669.0,A65,A75,4,A93,A101,4,A124,30,A143,A153,1,A174,1,A192,A201,2,1,0,52800.0,NIGERIA
A14,6,A31,A43,433.0,A63,A75,2,A93,A101,4,A122,45,A141,A152,1,A172,2,A191,A201,1,0,1,8730.0,NIGERIA
A11,24,A32,A42,599.0,A61,A72,4,A93,A101,1,A124,22,A141,A153,1,A173,1,A191,A201,1,0,0,11565.0,NIGERIA
A12,27,A32,A49,987.0,A61,A73,4,A93,A101,2,A123,36,A143,A152,1,A173,2,A192,A201,2,1,0,16483.0,NIGERIA
A12,8,A32,A43,314.0,A61,A73,4,A93,A103,2,A121,33,A143,A152,1,A173,1,A191,A202,1,0,0,4144.0,NIGERIA
A12,18,A33,A42,901.0,A61,A75,4,A91,A101,3,A124,40,A143,A152,1,A174,1,A192,A201,2,1,1,9943.0,NIGERIA
A11,12,A32,A40,184.0,A61,A74,4,A93,A101,2,A121,26,A143,A152,1,A173,1,A191,A201,2,1,0,2086.0,NIGERIA
A11,15,A32,A40,415.0,A61,A72,2,A93,A101,3,A121,36,A143,A152,1,A173,1,A191,A201,1,1,1,9212.0,NIGERIA
A11,36,A32,A41,1625.0,A65,A75,3,A93,A101,4,A124,47,A143,A153,1,A173,1,A191,A201,2,1,1,17570.0,NIGERIA
A11,36,A31,A42,580.0,A61,A75,4,A93,A101,4,A123,31,A141,A152,1,A173,1,A191,A201,2,1,1,7992.0,NIGERIA
A11,10,A34,A42,495.0,A65,A72,2,A92,A102,3,A121,27,A143,A151,2,A173,1,A191,A202,1,0,0,7370.0,NIGERIA
A12,30,A33,A49,510.0,A62,A75,4,A93,A101,2,A122,41,A142,A152,2,A173,1,A191,A201,1,0,0,5509.0,NIGERIA
A14,12,A34,A43,347.0,A61,A75,2,A93,A101,4,A121,63,A143,A152,2,A172,1,A192,A201,1,0,0,3787.0,NIGERIA
A11,24,A32,A41,568.0,A65,A75,4,A93,A101,4,A124,49,A141,A153,1,A173,2,A192,A201,1,1,1,12112.0,NIGERIA
A14,24,A34,A46,395.0,A61,A75,4,A93,A101,4,A124,54,A143,A153,2,A173,2,A191,A201,1,0,1,8523.0,NIGERIA
A11,12,A32,A43,132.0,A61,A73,4,A94,A101,2,A121,40,A143,A152,1,A172,1,A191,A201,1,0,0,2777.0,NIGERIA
A12,24,A32,A43,822.0,A63,A71,1,A92,A101,4,A124,23,A143,A151,1,A171,1,A191,A201,1,0,0,14546.0,NIGERIA
A11,24,A34,A41,1256.0,A61,A71,2,A93,A101,4,A124,75,A143,A153,2,A174,1,A192,A201,1,0,1,17016.0,NIGERIA
A11,24,A34,A49,288.0,A62,A74,4,A93,A101,1,A121,26,A143,A152,2,A173,1,A192,A201,1,0,0,5269.0,NIGERIA
A11,18,A32,A42,227.0,A61,A71,4,A92,A101,2,A123,33,A143,A152,1,A173,1,A191,A201,2,1,0,5030.0,NIGERIA
A14,18,A32,A42,493.0,A61,A73,4,A93,A101,4,A124,47,A141,A153,2,A173,1,A191,A201,1,0,1,10218.0,NIGERIA
A11,12,A34,A43,76.0,A61,A74,4,A92,A101,3,A121,58,A143,A152,4,A172,1,A192,A201,1,0,1,905.0,NIGERIA
A11,24,A32,A42,529.0,A62,A71,1,A91,A101,1,A122,33,A143,A152,1,A173,1,A191,A201,2,1,0,6812.0,NIGERIA
A11,48,A32,A46,1817.0,A61,A74,4,A93,A101,1,A124,50,A143,A153,1,A174,1,A192,A201,1,0,1,21376.0,NIGERIA
A11,12,A32,A40,296.0,A61,A74,2,A91,A101,3,A123,36,A143,A152,1,A173,1,A191,A201,2,1,1,3940.0,NIGERIA
A12,36,A34,A43,453.0,A61,A75,4,A93,A101,4,A121,36,A143,A152,1,A173,1,A191,A201,1,0,0,4413.0,NIGERIA
A11,6,A32,A40,268.0,A62,A75,3,A93,A101,2,A122,43,A143,A152,1,A173,1,A192,A201,1,0,1,3944.0,NIGERIA
A13,18,A32,A40,427.0,A61,A75,3,A92,A101,2,A123,23,A143,A152,1,A174,1,A191,A201,1,0,0,8138.0,NIGERIA
A14,6,A34,A43,267.0,A62,A73,1,A92,A101,1,A122,27,A143,A152,2,A173,1,A191,A201,1,0,1,2443.0,NIGERIA
A14,18,A32,A42,488.0,A61,A73,3,A93,A101,4,A121,43,A143,A152,1,A173,1,A192,A201,1,0,0,9157.0,NIGERIA
A14,6,A31,A40,159.0,A65,A73,1,A93,A103,2,A121,26,A142,A152,1,A172,2,A191,A201,1,0,0,2730.0,NIGERIA
A11,48,A34,A41,1234.0,A61,A75,4,A92,A101,4,A124,58,A142,A153,2,A172,1,A191,A201,2,1,1,18232.0,NIGERIA
A14,60,A34,A40,3075.0,A65,A75,2,A93,A101,4,A124,63,A141,A153,1,A174,1,A192,A201,1,0,1,50194.0,NIGERIA
A11,24,A31,A41,787.0,A61,A73,1,A92,A103,4,A123,22,A141,A151,1,A173,1,A191,A202,1,0,0,10139.0,NIGERIA
A14,24,A32,A43,1222.0,A65,A72,1,A92,A101,1,A123,44,A143,A152,2,A173,1,A192,A201,2,1,0,14627.0,NIGERIA
A11,12,A32,A40,275.0,A61,A72,3,A92,A101,1,A121,37,A143,A152,1,A172,1,A191,A201,2,1,1,5180.0,NIGERIA
A12,12,A32,A42,362.0,A61,A73,4,A93,A101,2,A122,37,A143,A152,1,A172,1,A191,A201,2,1,0,7210.0,NIGERIA
A14,15,A32,A40,811.0,A65,A73,3,A93,A101,2,A124,29,A143,A152,1,A173,1,A191,A201,1,1,1,14150.0,NIGERIA
A12,15,A32,A45,284.0,A61,A75,4,A93,A101,4,A123,38,A143,A152,2,A172,1,A191,A201,1,0,0,4380.0,NIGERIA
A11,12,A32,A42,320.0,A61,A73,2,A93,A101,2,A121,27,A143,A152,1,A173,1,A191,A201,1,0,1,5372.0,NIGERIA
A12,27,A32,A49,591.0,A61,A72,4,A92,A101,1,A122,32,A143,A152,1,A173,2,A192,A201,1,0,1,7087.0,NIGERIA
A14,12,A32,A40,127.0,A61,A73,4,A91,A101,2,A121,49,A143,A152,1,A172,1,A191,A201,1,0,0,2930.0,NIGERIA
A11,12,A34,A40,172.0,A61,A75,4,A93,A101,3,A122,35,A143,A152,2,A173,1,A191,A201,2,1,0,1890.0,NIGERIA
A14,15,A33,A41,876.0,A61,A72,1,A92,A101,2,A122,46,A143,A152,2,A172,1,A191,A201,1,0,0,15514.0,NIGERIA
A11,24,A31,A42,474.0,A63,A73,4,A93,A101,4,A121,22,A142,A152,1,A173,1,A192,A201,1,0,1,10889.0,NIGERIA
A11,6,A32,A42,100.0,A61,A75,2,A92,A101,1,A122,49,A141,A152,1,A173,1,A192,A201,1,0,1,1545.0,NIGERIA
A14,12,A32,A49,365.0,A61,A74,2,A93,A101,4,A123,36,A143,A152,1,A173,1,A192,A201,1,0,1,5523.0,NIGERIA
A14,18,A32,A43,425.0,A61,A72,4,A93,A101,1,A121,33,A143,A152,1,A173,1,A191,A201,1,0,0,8803.0,NIGERIA
A14,12,A34,A43,321.0,A61,A75,2,A93,A101,4,A121,63,A143,A152,2,A172,1,A192,A201,1,0,0,3597.0,NIGERIA
A11,12,A32,A43,364.0,A61,A73,4,A92,A101,1,A123,23,A141,A152,1,A173,1,A191,A201,1,0,0,4343.0,NIGERIA
A13,30,A33,A49,423.0,A61,A75,4,A93,A101,4,A121,66,A143,A152,1,A174,1,A192,A201,2,1,1,8950.0,NIGERIA
A14,12,A34,A46,147.0,A61,A73,4,A93,A101,2,A123,32,A143,A152,2,A173,1,A191,A201,1,0,1,1606.0,NIGERIA
A14,48,A33,A43,2544.0,A63,A74,4,A93,A101,1,A123,37,A143,A152,1,A174,1,A192,A201,1,0,1,47465.0,NIGERIA
A12,24,A32,A42,794.0,A61,A74,3,A91,A101,3,A123,43,A143,A152,1,A173,1,A192,A201,2,1,0,14662.0,NIGERIA
A12,48,A33,A410,1817.0,A62,A71,2,A93,A101,4,A124,31,A143,A153,1,A174,1,A192,A201,1,0,0,41106.0,NIGERIA
A12,6,A32,A43,114.0,A61,A74,3,A94,A103,3,A121,28,A141,A152,1,A172,1,A191,A201,1,0,0,1831.0,NIGERIA
A11,12,A34,A41,332.0,A61,A75,4,A93,A101,4,A124,66,A143,A153,2,A174,1,A191,A201,1,0,1,4018.0,NIGERIA
A14,12,A34,A42,368.0,A61,A75,4,A93,A101,4,A121,43,A143,A152,3,A173,1,A192,A201,1,0,1,6283.0,NIGERIA
A11,48,A32,A40,1752.0,A61,A75,4,A93,A101,4,A124,42,A141,A153,1,A174,1,A191,A201,2,1,0,34357.0,NIGERIA
A14,12,A32,A41,301.0,A64,A74,3,A93,A101,2,A122,55,A143,A152,1,A173,1,A191,A202,1,0,0,5776.0,NIGERIA
A14,36,A34,A40,1836.0,A61,A73,4,A92,A101,2,A121,25,A142,A152,2,A173,1,A192,A201,2,1,1,36141.0,NIGERIA
A12,12,A32,A43,183.0,A63,A73,4,A93,A101,3,A121,66,A143,A152,1,A172,1,A191,A201,2,1,0,3603.0,NIGERIA
A12,12,A32,A40,1207.0,A61,A74,2,A93,A101,2,A123,32,A143,A152,1,A173,1,A191,A201,1,0,1,24371.0,NIGERIA
A12,24,A33,A42,403.0,A61,A71,3,A92,A101,2,A122,34,A143,A152,1,A174,1,A192,A201,2,1,1,6985.0,NIGERIA
A14,24,A32,A40,315.0,A61,A72,4,A94,A101,2,A121,28,A143,A152,1,A173,1,A191,A201,1,0,1,5969.0,NIGERIA
A14,6,A30,A40,281.0,A62,A73,4,A93,A101,1,A124,35,A141,A151,1,A173,1,A191,A202,1,1,1,4007.0,NIGERIA
A14,12,A32,A43,134.0,A61,A73,4,A93,A101,2,A121,30,A141,A152,2,A173,1,A191,A201,1,0,1,1586.0,NIGERIA
A14,27,A32,A45,1217.0,A65,A75,4,A93,A101,4,A122,48,A143,A152,4,A173,2,A192,A201,1,0,0,19869.0,NIGERIA
A13,36,A32,A43,905.0,A61,A73,2,A93,A101,2,A121,23,A143,A152,1,A173,1,A192,A201,1,0,0,11929.0,NIGERIA
A14,36,A32,A43,866.0,A65,A75,2,A92,A101,4,A121,45,A143,A152,1,A172,1,A192,A201,1,0,0,17093.0,NIGERIA
A14,10,A32,A40,343.0,A61,A73,3,A93,A101,2,A121,31,A143,A152,1,A172,2,A191,A202,1,0,1,3611.0,NIGERIA
A12,18,A33,A49,597.0,A65,A75,4,A93,A101,2,A122,42,A143,A152,2,A173,1,A191,A201,1,0,0,8015.0,NIGERIA
A14,6,A34,A40,447.0,A63,A73,1,A94,A101,2,A123,24,A143,A152,1,A173,1,A191,A201,1,0,1,7330.0,NIGERIA
A11,11,A34,A40,920.0,A61,A73,2,A93,A101,2,A121,36,A143,A151,2,A173,2,A191,A201,1,0,1,11363.0,NIGERIA
A11,36,A34,A42,1191.0,A61,A72,4,A92,A102,4,A124,23,A143,A151,2,A172,1,A192,A201,2,1,0,26312.0,NIGERIA
A11,15,A32,A40,962.0,A61,A73,3,A92,A101,2,A122,29,A143,A152,1,A173,1,A192,A201,2,1,0,10840.0,NIGERIA
A14,6,A32,A43,126.0,A61,A73,3,A92,A101,1,A121,29,A143,A152,1,A173,1,A191,A201,1,0,1,1728.0,NIGERIA
A12,9,A32,A46,296.0,A61,A74,4,A92,A101,4,A122,67,A143,A152,2,A174,1,A192,A201,1,0,0,6614.0,NIGERIA
A12,36,A30,A49,367.0,A61,A75,4,A93,A101,4,A124,61,A143,A153,1,A174,1,A192,A201,2,1,1,5797.0,NIGERIA
A11,9,A32,A42,476.0,A61,A73,3,A93,A101,2,A121,25,A143,A152,1,A173,1,A191,A201,1,0,0,5389.0,NIGERIA
A14,12,A32,A43,433.0,A61,A72,2,A92,A101,2,A123,29,A141,A152,1,A173,1,A191,A201,1,0,1,5292.0,NIGERIA
A11,42,A32,A42,1826.0,A61,A74,2,A93,A103,4,A122,45,A143,A153,1,A173,2,A191,A201,1,0,0,35117.0,NIGERIA
A14,24,A32,A43,720.0,A62,A75,2,A93,A101,4,A123,31,A143,A152,2,A173,1,A191,A201,2,1,1,11617.0,NIGERIA
A12,18,A32,A42,731.0,A61,A74,2,A92,A101,4,A121,40,A143,A151,1,A173,1,A191,A201,1,0,0,11042.0,NIGERIA
A14,21,A34,A41,707.0,A61,A75,1,A93,A101,4,A123,36,A143,A152,1,A174,1,A192,A201,1,0,0,15505.0,NIGERIA
A11,18,A30,A49,644.0,A61,A74,3,A93,A101,1,A122,31,A141,A152,1,A173,1,A192,A201,1,0,1,13777.0,NIGERIA
A14,24,A33,A42,947.0,A62,A73,2,A93,A101,3,A122,35,A143,A152,2,A173,1,A191,A201,1,0,0,16389.0,NIGERIA
A14,18,A32,A42,619.0,A61,A73,3,A93,A101,4,A121,43,A143,A152,1,A173,1,A192,A201,1,0,0,12556.0,NIGERIA
A14,12,A34,A43,165.0,A61,A75,4,A93,A101,4,A121,52,A143,A152,3,A173,1,A191,A201,1,1,1,1547.0,NIGERIA
A14,21,A33,A49,531.0,A63,A72,4,A93,A101,2,A121,41,A141,A152,1,A172,2,A191,A201,2,1,0,9146.0,NIGERIA
A11,9,A32,A42,475.0,A61,A73,3,A93,A101,2,A121,25,A143,A152,1,A173,1,A191,A201,1,0,0,7356.0,NIGERIA
A14,12,A34,A43,190.0,A65,A75,4,A92,A101,3,A122,33,A141,A152,1,A172,2,A191,A201,2,1,0,2374.0,NIGERIA
A14,12,A33,A45,328.0,A64,A75,4,A93,A101,4,A124,55,A143,A153,2,A173,2,A191,A201,2,1,0,3946.0,NIGERIA
A12,6,A31,A46,108.0,A64,A72,4,A92,A101,2,A122,24,A141,A151,1,A173,2,A191,A201,2,1,1,2098.0,NIGERIA
A12,24,A32,A43,386.0,A61,A75,4,A92,A101,4,A123,20,A143,A152,1,A173,1,A192,A201,1,0,0,5842.0,NIGERIA
A14,48,A32,A43,2047.0,A65,A74,4,A93,A101,3,A123,37,A142,A152,1,A173,1,A192,A201,1,0,1,18595.0,NIGERIA
A12,36,A32,A46,780.0,A65,A73,2,A94,A101,2,A123,27,A143,A152,1,A173,1,A191,A201,1,0,1,8754.0,NIGERIA
A14,18,A34,A43,424.0,A61,A73,2,A92,A101,1,A123,25,A143,A152,2,A173,1,A191,A201,1,1,1,9310.0,NIGERIA
A13,24,A32,A42,681.0,A61,A75,3,A91,A101,4,A124,51,A143,A153,1,A173,1,A191,A201,1,0,1,13677.0,NIGERIA
A11,24,A32,A42,569.0,A62,A71,1,A91,A101,1,A122,33,A143,A152,1,A173,1,A191,A201,2,1,0,7111.0,NIGERIA
A11,24,A34,A40,233.0,A61,A75,4,A93,A101,4,A123,60,A143,A152,2,A172,1,A191,A201,2,1,1,2270.0,NIGERIA
A14,6,A32,A42,736.0,A63,A73,1,A93,A101,2,A123,32,A143,A152,1,A173,1,A192,A201,1,0,0,12763.0,NIGERIA
A11,13,A34,A49,381.0,A61,A72,3,A93,A101,1,A122,28,A141,A152,2,A172,1,A191,A201,1,0,0,6162.0,NIGERIA
A11,24,A30,A42,1030.0,A61,A75,3,A93,A101,4,A124,23,A141,A151,2,A173,2,A191,A201,2,1,0,14741.0,NIGERIA
A14,24,A32,A42,809.0,A61,A74,2,A92,A101,4,A122,25,A143,A151,1,A173,1,A192,A201,1,0,0,10539.0,NIGERIA
A11,9,A32,A42,424.0,A61,A73,3,A93,A101,2,A121,25,A143,A152,1,A173,1,A191,A201,1,0,0,4571.0,NIGERIA
A14,15,A32,A43,283.0,A63,A75,4,A93,A101,3,A122,47,A142,A152,1,A173,1,A192,A201,1,0,0,5239.0,NIGERIA
A11,6,A32,A42,261.0,A61,A73,1,A93,A101,2,A121,36,A141,A152,1,A172,1,A192,A201,1,0,1,3056.0,NIGERIA
A14,24,A33,A49,499.0,A63,A73,4,A93,A101,2,A123,44,A143,A152,2,A173,2,A192,A201,1,0,0,10337.0,NIGERIA
A11,24,A32,A42,597.0,A61,A73,2,A91,A101,2,A121,24,A143,A151,1,A172,1,A191,A201,1,0,1,6725.0,NIGERIA
A14,24,A32,A42,703.0,A63,A75,3,A93,A101,4,A122,53,A143,A152,1,A173,1,A191,A201,1,0,0,12447.0,NIGERIA
A11,24,A32,A43,402.0,A61,A72,4,A91,A101,3,A122,32,A143,A152,1,A173,1,A191,A201,2,1,0,3964.0,NIGERIA
A14,6,A32,A46,354.0,A61,A72,1,A92,A101,2,A124,56,A143,A152,1,A173,1,A191,A201,1,0,0,7871.0,NIGERIA
A14,9,A34,A40,243.0,A61,A73,3,A93,A101,1,A121,30,A143,A152,2,A173,1,A191,A201,1,0,1,4942.0,NIGERIA
A11,36,A34,A42,1376.0,A61,A72,4,A92,A102,4,A124,23,A143,A151,2,A172,1,A192,A201,2,1,0,27793.0,NIGERIA
A14,15,A32,A40,621.0,A64,A74,2,A92,A101,3,A123,20,A143,A151,1,A173,1,A191,A201,1,0,0,11046.0,NIGERIA
A11,12,A31,A48,67.0,A61,A75,4,A94,A101,1,A123,45,A141,A152,1,A172,1,A191,A201,1,0,0,820.0,NIGERIA
A12,9,A32,A46,227.0,A61,A74,4,A92,A101,4,A122,67,A143,A152,2,A174,1,A192,A201,1,1,1,4813.0,NIGERIA
A11,12,A32,A42,281.0,A61,A73,2,A92,A101,4,A123,20,A143,A151,1,A173,1,A191,A201,2,1,1,4194.0,NIGERIA
A11,8,A34,A40,168.0,A61,A75,4,A93,A101,4,A121,47,A143,A152,2,A172,1,A191,A201,1,0,0,1902.0,NIGERIA
A14,24,A32,A49,312.0,A61,A74,4,A93,A101,1,A121,25,A143,A152,1,A173,1,A192,A201,1,0,0,5005.0,NIGERIA
A14,4,A34,A43,390.0,A61,A74,2,A93,A101,1,A121,42,A143,A152,3,A172,2,A191,A201,1,0,1,4096.0,NIGERIA
A13,6,A32,A42,493.0,A61,A73,2,A93,A101,2,A121,41,A143,A152,1,A173,1,A192,A201,1,0,1,7628.0,NIGERIA
A12,18,A32,A49,446.0,A64,A73,4,A93,A101,2,A122,35,A143,A152,1,A172,1,A192,A201,1,0,1,7913.0,NIGERIA
A14,6,A32,A40,129.0,A61,A71,1,A92,A101,4,A121,54,A143,A152,1,A171,1,A192,A201,1,0,1,2942.0,NIGERIA
A14,12,A32,A41,1177.0,A65,A72,1,A92,A101,4,A123,20,A143,A151,1,A173,1,A191,A201,1,0,1,19224.0,NIGERIA
A14,10,A34,A42,435.0,A61,A72,1,A92,A101,3,A121,23,A143,A151,2,A173,1,A191,A201,1,0,0,4479.0,NIGERIA
A12,48,A32,A43,835.0,A65,A74,4,A93,A101,1,A123,41,A143,A152,2,A173,2,A192,A201,1,1,1,9428.0,NIGERIA
A12,18,A34,A42,1679.0,A61,A71,4,A93,A101,4,A122,40,A142,A152,2,A174,1,A192,A201,1,0,1,15281.0,NIGERIA
A12,36,A33,A49,2185.0,A62,A74,1,A93,A101,3,A122,31,A143,A152,2,A172,2,A192,A201,1,0,1,29384.0,NIGERIA
A13,10,A34,A43,273.0,A65,A74,4,A93,A101,2,A122,27,A143,A152,2,A173,1,A192,A201,1,0,0,4320.0,NIGERIA
A11,15,A34,A42,210.0,A61,A73,2,A91,A101,3,A122,25,A143,A152,2,A173,1,A191,A201,1,0,0,2952.0,NIGERIA
A13,18,A31,A43,346.0,A65,A74,4,A93,A101,4,A123,49,A141,A152,1,A172,1,A191,A201,1,0,1,6791.0,NIGERIA
A13,24,A32,A40,208.0,A61,A74,4,A93,A101,3,A124,38,A141,A153,1,A173,2,A191,A201,2,1,0,2298.0,NIGERIA
A12,9,A32,A43,363.0,A61,A72,4,A92,A101,2,A123,22,A143,A152,1,A173,1,A192,A201,2,1,1,5941.0,NIGERIA
A14,18,A32,A42,494.0,A61,A73,4,A93,A101,4,A124,47,A141,A153,2,A173,1,A191,A201,1,0,1,10206.0,NIGERIA
A14,12,A34,A40,194.0,A61,A71,1,A92,A101,2,A122,38,A143,A152,1,A171,1,A191,A201,1,0,0,2980.0,NIGERIA
A12,7,A32,A43,554.0,A61,A73,3,A93,A103,2,A121,34,A143,A152,1,A173,1,A191,A201,1,0,0,8958.0,NIGERIA
A14,12,A32,A40,460.0,A65,A75,4,A92,A101,4,A124,52,A143,A153,1,A174,1,A192,A201,1,0,0,10469.0,NIGERIA
A13,24,A34,A42,804.0,A65,A75,4,A93,A102,4,A124,20,A143,A151,2,A173,1,A191,A201,1,0,0,12514.0,NIGERIA
A12,36,A32,A41,1786.0,A61,A72,1,A94,A101,4,A123,28,A143,A151,1,A174,1,A192,A201,2,1,1,29130.0,NIGERIA
A14,24,A32,A40,360.0,A64,A74,4,A92,A101,3,A123,34,A143,A152,1,A173,2,A192,A201,1,0,1,8387.0,NIGERIA
A12,18,A32,A49,496.0,A62,A73,4,A93,A101,4,A123,34,A143,A152,1,A173,1,A191,A201,1,0,1,7376.0,NIGERIA
A12,60,A32,A40,1408.0,A62,A72,4,A92,A101,2,A122,24,A143,A152,1,A174,1,A191,A201,2,1,0,20307.0,NIGERIA
A14,12,A32,A40,392.0,A61,A75,4,A93,A101,4,A123,39,A143,A152,1,A174,1,A192,A201,1,0,0,5644.0,NIGERIA
A12,60,A32,A40,3379.0,A61,A74,4,A93,A101,2,A124,27,A143,A152,1,A174,1,A192,A201,2,1,0,48847.0,NIGERIA
A11,18,A32,A42,855.0,A61,A72,1,A92,A101,4,A123,22,A143,A151,1,A173,1,A191,A201,1,0,0,16498.0,NIGERIA
A14,36,A33,A40,2096.0,A61,A75,2,A93,A101,2,A123,45,A143,A152,2,A173,2,A192,A201,1,0,0,20709.0,NIGERIA
A14,48,A32,A49,767.0,A65,A73,4,A91,A101,2,A121,38,A141,A152,1,A173,1,A191,A201,2,1,1,10737.0,NIGERIA
A11,12,A34,A42,429.0,A61,A75,3,A93,A101,3,A122,60,A143,A152,2,A173,1,A191,A201,2,1,0,4875.0,NIGERIA
A14,20,A34,A40,653.0,A65,A72,2,A91,A101,4,A121,44,A143,A152,2,A173,1,A192,A201,1,0,0,6183.0,NIGERIA
A11,24,A31,A42,1333.0,A61,A72,2,A91,A101,1,A122,55,A141,A152,1,A173,1,A192,A201,2,1,1,31190.0,NIGERIA
A14,12,A32,A43,250.0,A61,A73,3,A93,A101,2,A123,25,A143,A152,1,A173,1,A191,A201,1,0,1,5733.0,NIGERIA
A14,15,A32,A40,793.0,A65,A73,3,A93,A101,2,A124,29,A143,A152,1,A173,1,A191,A201,1,0,0,9636.0,NIGERIA
A14,9,A32,A42,405.0,A61,A72,2,A92,A102,2,A123,19,A143,A151,2,A173,1,A191,A201,2,1,1,6742.0,NIGERIA
A12,60,A33,A43,2161.0,A65,A73,2,A93,A101,2,A124,27,A143,A153,1,A174,1,A191,A201,1,0,0,43461.0,NIGERIA
A11,15,A32,A40,378.0,A61,A72,2,A93,A101,3,A121,36,A143,A152,1,A173,1,A191,A201,1,0,1,6898.0,NIGERIA
A14,12,A32,A43,421.0,A62,A73,4,A92,A102,2,A121,28,A143,A152,1,A173,1,A191,A201,1,0,0,5603.0,NIGERIA
A11,12,A31,A43,503.0,A61,A73,4,A91,A101,1,A124,29,A143,A153,1,A173,1,A191,A201,2,1,1,11649.0,NIGERIA
A12,60,A31,A410,2905.0,A62,A75,3,A92,A101,4,A124,60,A141,A153,2,A174,1,A192,A201,2,1,1,40574.0,NIGERIA
A12,12,A34,A42,861.0,A61,A75,1,A93,A101,4,A123,28,A143,A151,3,A173,1,A192,A201,1,0,0,13158.0,NIGERIA
A12,12,A32,A43,148.0,A63,A73,4,A93,A101,3,A121,66,A143,A152,1,A172,1,A191,A201,2,1,0,2158.0,NIGERIA
A14,22,A32,A40,292.0,A65,A74,4,A92,A101,4,A122,25,A143,A151,1,A173,1,A191,A201,1,0,0,5917.0,NIGERIA
A12,12,A32,A43,335.0,A61,A73,1,A92,A101,1,A123,22,A143,A152,1,A173,1,A192,A201,1,0,1,6412.0,NIGERIA
A14,24,A32,A43,614.0,A61,A72,4,A92,A101,4,A122,26,A143,A152,1,A173,1,A192,A201,1,0,0,10510.0,NIGERIA
A11,15,A34,A42,289.0,A61,A73,4,A92,A101,3,A122,25,A143,A151,2,A173,1,A191,A201,1,0,1,3631.0,NIGERIA
A11,42,A32,A42,1912.0,A61,A74,2,A93,A103,4,A122,45,A143,A153,1,A173,2,A191,A201,1,0,1,33075.0,NIGERIA
A12,21,A32,A49,271.0,A61,A75,2,A92,A101,4,A122,39,A143,A152,1,A173,2,A191,A201,2,1,0,6210.0,NIGERIA
A14,12,A34,A43,438.0,A65,A75,1,A93,A102,4,A121,49,A143,A152,1,A173,1,A192,A201,1,0,1,9001.0,NIGERIA
A11,21,A32,A40,705.0,A65,A74,2,A93,A102,2,A121,24,A143,A152,1,A172,1,A191,A202,1,0,0,16006.0,NIGERIA
A11,12,A32,A42,172.0,A61,A73,2,A93,A103,3,A122,38,A143,A152,1,A172,2,A191,A201,1,0,0,1884.0,NIGERIA
A14,24,A32,A40,1397.0,A61,A73,1,A93,A101,4,A122,43,A143,A152,1,A172,2,A191,A201,1,0,0,31949.0,NIGERIA
A11,42,A32,A42,1808.0,A61,A74,2,A93,A103,4,A122,45,A143,A153,1,A173,2,A191,A201,1,0,1,16373.0,NIGERIA
A14,15,A34,A42,576.0,A61,A74,2,A92,A102,3,A123,24,A141,A152,2,A173,1,A191,A201,1,0,1,5868.0,NIGERIA
A14,24,A33,A49,1925.0,A61,A72,2,A93,A101,2,A123,27,A141,A152,2,A173,1,A192,A201,2,1,1,23215.0,NIGERIA
A11,42,A32,A43,808.0,A61,A72,4,A93,A101,3,A123,34,A143,A152,1,A173,1,A191,A201,2,1,0,16510.0,NIGERIA
A13,10,A32,A42,253.0,A61,A72,4,A92,A101,2,A122,23,A143,A152,1,A173,1,A191,A201,1,0,0,5887.0,NIGERIA
A14,21,A32,A49,314.0,A64,A75,4,A92,A101,4,A121,36,A141,A152,1,A172,1,A191,A201,1,0,0,6841.0,NIGERIA
A12,15,A33,A45,301.0,A64,A73,3,A94,A101,3,A122,61,A142,A152,2,A173,1,A191,A201,2,1,1,5393.0,NIGERIA
A11,6,A34,A40,1148.0,A65,A72,1,A93,A101,3,A121,44,A143,A152,2,A172,2,A191,A201,1,0,0,20529.0,NIGERIA
A12,9,A32,A46,242.0,A61,A74,4,A92,A101,4,A122,67,A143,A152,2,A174,1,A192,A201,1,0,0,2988.0,NIGERIA
A11,27,A32,A43,717.0,A61,A73,3,A93,A101,2,A123,27,A143,A152,1,A174,1,A191,A201,1,0,0,13641.0,NIGERIA
A14,36,A34,A49,1541.0,A65,A75,4,A93,A101,4,A121,36,A143,A152,2,A173,1,A191,A201,1,0,0,30436.0,NIGERIA
A12,21,A32,A49,682.0,A62,A75,4,A91,A101,2,A123,61,A141,A151,2,A172,1,A191,A201,2,1,0,11317.0,NIGERIA
A11,42,A32,A42,1617.0,A61,A74,2,A93,A103,4,A122,45,A143,A153,1,A173,2,A191,A201,1,0,0,23735.0,NIGERIA
A11,36,A33,A49,418.0,A61,A74,2,A93,A101,1,A123,24,A143,A152,2,A173,1,A192,A201,2,1,0,5873.0,NIGERIA
A14,18,A32,A42,377.0,A61,A72,4,A94,A102,1,A122,43,A143,A152,1,A172,2,A191,A201,2,1,1,4485.0,NIGERIA
A13,10,A34,A40,162.0,A61,A75,4,A93,A101,4,A124,63,A143,A153,2,A173,1,A192,A201,1,0,0,3105.0,NIGERIA
A12,12,A32,A41,474.0,A65,A73,4,A93,A101,2,A123,30,A143,A152,1,A173,1,A191,A201,1,0,1,8283.0,NIGERIA
A12,12,A30,A42,701.0,A61,A72,4,A92,A101,3,A122,25,A143,A151,2,A173,1,A191,A201,2,1,1,16310.0,NIGERIA
A14,24,A32,A40,238.0,A61,A72,4,A94,A101,2,A121,28,A143,A152,1,A173,1,A191,A201,1,0,0,3195.0,NIGERIA
A11,24,A32,A42,645.0,A61,A75,4,A93,A101,2,A122,39,A143,A151,1,A174,1,A192,A201,2,1,1,9206.0,NIGERIA
A14,24,A32,A43,578.0,A61,A74,4,A93,A101,2,A123,28,A143,A152,1,A173,1,A192,A201,1,0,1,10675.0,NIGERIA
A11,10,A34,A40,555.0,A61,A72,1,A93,A101,3,A121,48,A143,A151,2,A172,2,A191,A202,1,0,0,5526.0,NIGERIA
A12,48,A32,A40,2111.0,A65,A74,1,A92,A101,2,A123,24,A143,A152,1,A173,1,A191,A201,1,0,1,38249.0,NIGERIA
A14,12,A34,A42,314.0,A63,A74,3,A92,A101,4,A123,37,A143,A151,1,A173,1,A192,A201,1,0,1,7128.0,NIGERIA
A12,18,A34,A40,194.0,A61,A75,4,A93,A101,4,A123,36,A141,A152,1,A173,2,A192,A201,2,1,0,4422.0,NIGERIA
A14,36,A32,A41,889.0,A61,A73,2,A93,A101,2,A124,32,A143,A153,1,A174,1,A192,A201,1,0,1,10300.0,NIGERIA
A13,42,A30,A49,1215.0,A61,A72,2,A91,A101,1,A122,33,A143,A152,2,A173,1,A191,A201,1,0,1,14896.0,NIGERIA
A14,4,A32,A42,115.0,A61,A72,1,A92,A101,3,A121,23,A143,A151,1,A172,2,A191,A201,1,0,0,2123.0,NIGERIA
A12,30,A33,A43,365.0,A62,A72,4,A93,A101,3,A124,30,A142,A152,2,A174,1,A191,A201,2,1,0,7084.0,NIGERIA
A12,48,A30,A49,2799.0,A61,A73,2,A93,A101,2,A123,25,A143,A152,1,A173,1,A192,A201,2,1,0,62910.0,NIGERIA
A12,16,A34,A40,234.0,A61,A71,2,A93,A101,3,A123,68,A143,A153,3,A171,1,A192,A201,1,0,0,5154.0,NIGERIA
A14,6,A32,A43,322.0,A62,A75,2,A93,A101,4,A124,42,A141,A153,1,A173,2,A192,A201,1,0,1,6006.0,NIGERIA
A14,18,A34,A43,236.0,A61,A71,4,A92,A101,4,A123,65,A143,A152,2,A171,1,A191,A201,1,0,0,4099.0,NIGERIA
A11,6,A31,A46,275.0,A61,A75,4,A92,A101,4,A124,35,A143,A153,1,A173,1,A191,A201,2,1,1,5920.0,NIGERIA
A12,27,A32,A49,602.0,A61,A72,4,A92,A101,1,A122,32,A143,A152,1,A173,2,A192,A201,1,1,1,13945.0,NIGERIA
A11,36,A32,A410,3494.0,A61,A71,2,A91,A102,3,A123,43,A143,A152,1,A174,1,A191,A201,1,0,1,61322.0,NIGERIA
A11,15,A34,A42,306.0,A61,A75,4,A93,A101,4,A123,44,A143,A152,2,A173,2,A192,A201,1,0,1,5092.0,NIGERIA
A11,30,A32,A42,459.0,A61,A74,4,A92,A101,4,A121,23,A143,A151,1,A173,1,A191,A201,2,1,1,9690.0,NIGERIA
A14,27,A32,A40,596.0,A61,A73,3,A92,A101,3,A121,21,A143,A151,1,A173,1,A191,A201,2,1,1,6837.0,NIGERIA
A11,9,A32,A40,344.0,A61,A72,3,A93,A101,2,A124,27,A143,A153,1,A174,1,A192,A201,2,1,0,6053.0,NIGERIA
A11,24,A32,A410,339.0,A61,A75,4,A92,A103,4,A121,58,A143,A152,1,A172,1,A192,A201,1,0,0,4010.0,NIGERIA
A11,21,A32,A40,846.0,A65,A74,2,A93,A102,2,A121,24,A143,A152,1,A172,1,A191,A202,1,0,1,16315.0,NIGERIA
A12,60,A32,A40,2960.0,A61,A74,4,A93,A101,2,A124,27,A143,A152,1,A174,1,A192,A201,2,1,0,35357.0,NIGERIA
A14,15,A31,A43,392.0,A62,A75,4,A93,A101,4,A123,34,A141,A152,1,A172,2,A191,A201,1,0,0,6501.0,NIGERIA
A11,27,A32,A43,752.0,A61,A73,3,A93,A101,2,A123,27,A143,A152,1,A174,1,A191,A201,1,0,1,17567.0,NIGERIA
A11,24,A32,A41,684.0,A65,A75,2,A92,A101,4,A121,26,A143,A151,1,A173,1,A191,A201,1,0,1,12990.0,NIGERIA
A14,27,A32,A40,537.0,A61,A73,3,A92,A101,3,A121,21,A143,A151,1,A173,1,A191,A201,2,1,0,5736.0,NIGERIA
A14,24,A33,A41,1161.0,A61,A74,3,A93,A101,3,A123,35,A143,A152,2,A172,1,A192,A201,1,0,0,13620.0,NIGERIA
A11,36,A34,A42,576.0,A61,A73,3,A94,A101,2,A122,46,A143,A152,2,A173,1,A192,A201,1,0,0,13415.0,NIGERIA
A14,24,A34,A43,641.0,A64,A75,2,A93,A101,2,A123,34,A143,A152,1,A173,1,A191,A201,1,0,0,14112.0,NIGERIA
A11,12,A34,A40,443.0,A61,A73,3,A93,A101,2,A121,39,A143,A151,2,A172,2,A191,A202,1,0,1,7862.0,NIGERIA
A13,6,A32,A42,438.0,A61,A73,2,A93,A101,2,A121,41,A143,A152,1,A173,1,A192,A201,1,0,0,6214.0,NIGERIA
A11,12,A31,A40,150.0,A61,A72,4,A93,A101,2,A123,46,A141,A152,2,A173,1,A192,A201,2,1,1,2771.0,NIGERIA
A13,36,A32,A43,961.0,A61,A73,4,A93,A101,2,A123,26,A143,A152,1,A173,1,A191,A201,2,1,0,9890.0,NIGERIA
A12,6,A32,A43,250.0,A61,A75,4,A93,A101,4,A123,28,A143,A152,1,A173,2,A191,A201,1,0,1,4541.0,NIGERIA
A12,36,A33,A49,1107.0,A61,A73,2,A91,A101,2,A121,30,A142,A152,2,A174,1,A192,A201,2,1,0,19325.0,NIGERIA
A14,6,A33,A43,214.0,A61,A73,3,A92,A101,2,A121,24,A143,A152,1,A173,1,A191,A201,1,0,1,3707.0,NIGERIA
A12,12,A32,A49,186.0,A62,A74,2,A92,A101,4,A121,23,A143,A151,1,A172,1,A191,A201,1,0,1,3320.0,NIGERIA
A14,48,A33,A43,2919.0,A63,A74,4,A93,A101,1,A123,37,A143,A152,1,A174,1,A192,A201,1,0,0,29614.0,NIGERIA
A12,12,A32,A49,214.0,A62,A74,3,A93,A101,4,A121,39,A143,A152,1,A172,1,A191,A201,1,0,1,3018.0,NIGERIA
A14,12,A34,A42,344.0,A63,A74,3,A92,A101,4,A123,37,A143,A151,1,A173,1,A192,A201,1,0,1,4146.0,NIGERIA
A14,12,A34,A43,124.0,A63,A75,4,A93,A101,4,A122,42,A143,A152,2,A173,2,A192,A201,1,0,1,1496.0,NIGERIA
A13,12,A34,A40,365.0,A63,A71,2,A93,A101,4,A124,66,A141,A153,3,A171,1,A191,A201,1,1,1,5320.0,NIGERIA
A12,12,A34,A43,841.0,A61,A73,1,A92,A101,1,A121,23,A143,A152,1,A172,1,A191,A201,1,0,1,12506.0,NIGERIA
A13,15,A32,A49,622.0,A61,A74,2,A93,A101,4,A122,26,A143,A151,1,A173,1,A192,A201,1,0,0,11001.0,NIGERIA
A13,6,A34,A46,235.0,A61,A73,2,A92,A101,4,A122,50,A143,A152,1,A172,1,A191,A201,1,0,0,3931.0,NIGERIA
A12,36,A32,A43,617.0,A62,A73,4,A92,A102,4,A124,50,A143,A153,1,A173,1,A191,A201,2,1,1,12579.0,NIGERIA
A12,10,A31,A43,257.0,A61,A73,4,A93,A101,4,A121,23,A142,A152,1,A172,1,A191,A201,1,1,1,3583.0,NIGERIA
A14,6,A34,A43,267.0,A62,A73,1,A92,A101,1,A122,27,A143,A152,2,A173,1,A191,A201,1,0,0,4025.0,NIGERIA
A12,36,A32,A42,2005.0,A62,A72,4,A93,A102,1,A124,29,A143,A151,1,A174,1,A192,A201,2,1,0,44331.0,NIGERIA
A12,48,A33,A49,1364.0,A65,A73,4,A93,A101,4,A124,38,A143,A153,1,A173,2,A192,A201,1,0,0,22106.0,NIGERIA
A11,15,A34,A42,237.0,A61,A73,2,A91,A101,3,A122,25,A143,A152,2,A173,1,A191,A201,1,0,0,4331.0,NIGERIA
A12,6,A32,A40,3032.0,A65,A71,1,A93,A101,2,A122,23,A143,A152,1,A171,1,A192,A201,2,1,1,50194.0,NIGERIA
A14,27,A34,A42,1126.0,A64,A72,4,A93,A101,2,A121,32,A142,A152,2,A172,2,A192,A201,1,0,0,20526.0,NIGERIA
A13,30,A34,A43,576.0,A61,A75,4,A93,A101,4,A122,47,A143,A152,1,A173,1,A191,A201,1,0,1,6191.0,NIGERIA
A14,9,A34,A43,659.0,A65,A73,1,A93,A101,2,A121,33,A143,A152,2,A173,2,A191,A201,1,0,0,10130.0,NIGERIA
A11,42,A32,A43,1403.0,A65,A74,4,A92,A101,3,A123,30,A143,A152,1,A174,1,A192,A201,2,1,0,21874.0,NIGERIA
A13,6,A34,A40,324.0,A61,A75,1,A93,A101,4,A121,46,A143,A152,2,A173,2,A191,A202,1,0,0,4546.0,NIGERIA
A13,12,A31,A49,120.0,A61,A72,4,A92,A101,1,A121,26,A143,A152,1,A171,1,A191,A201,2,1,1,1450.0,NIGERIA
A14,24,A32,A43,263.0,A61,A75,4,A93,A101,1,A121,36,A143,A152,1,A174,1,A192,A201,1,0,0,5226.0,NIGERIA
A11,8,A34,A40,787.0,A61,A74,1,A93,A101,4,A121,39,A143,A152,2,A172,1,A191,A202,1,0,1,18192.0,NIGERIA
A11,36,A32,A43,461.0,A61,A73,4,A91,A101,4,A123,31,A143,A151,1,A173,1,A191,A201,2,1,1,6850.0,NIGERIA
A14,24,A34,A46,437.0,A65,A73,3,A92,A101,2,A123,33,A143,A152,2,A173,1,A192,A201,1,0,0,4880.0,NIGERIA
A14,15,A32,A43,471.0,A65,A75,4,A93,A101,2,A123,35,A143,A152,1,A173,1,A191,A201,1,0,0,8817.0,NIGERIA
A14,9,A34,A42,472.0,A61,A71,2,A93,A101,3,A123,31,A143,A152,1,A174,1,A191,A201,1,1,1,10986.0,NIGERIA
A12,9,A32,A43,270.0,A61,A75,4,A93,A101,4,A123,27,A143,A152,2,A172,1,A191,A201,1,0,0,6316.0,NIGERIA
A14,27,A32,A45,1268.0,A65,A75,4,A93,A101,4,A122,48,A143,A152,4,A173,2,A192,A201,1,0,1,23127.0,NIGERIA
A14,12,A32,A40,161.0,A61,A73,4,A91,A101,2,A121,49,A143,A152,1,A172,1,A191,A201,1,0,1,3040.0,NIGERIA
A11,12,A31,A43,431.0,A61,A73,4,A91,A101,1,A124,29,A143,A153,1,A173,1,A191,A201,2,1,0,7652.0,NIGERIA
A12,24,A32,A40,271.0,A61,A72,4,A93,A101,1,A122,26,A143,A152,1,A173,1,A191,A201,1,0,0,4541.0,NIGERIA
A14,11,A34,A40,279.0,A61,A72,4,A92,A101,4,A123,35,A143,A152,2,A174,1,A191,A201,1,0,0,6375.0,NIGERIA
A12,12,A32,A43,150.0,A63,A73,4,A93,A101,3,A121,66,A143,A152,1,A172,1,A191,A201,2,1,1,2861.0,NIGERIA
A13,12,A34,A40,202.0,A63,A74,4,A94,A101,2,A121,28,A143,A152,3,A173,1,A192,A201,2,1,0,2224.0,NIGERIA
A14,36,A34,A42,1781.0,A61,A72,2,A92,A101,4,A122,23,A143,A151,2,A173,1,A192,A201,2,1,0,21805.0,NIGERIA
A14,12,A34,A42,367.0,A64,A74,3,A92,A101,2,A122,35,A143,A152,1,A173,1,A191,A202,1,0,1,8445.0,NIGERIA
A14,12,A34,A43,128.0,A61,A75,4,A93,A101,4,A121,56,A143,A152,1,A173,1,A191,A201,1,0,1,2176.0,NIGERIA
A12,12,A32,A48,148.0,A65,A75,4,A93,A101,4,A122,38,A143,A152,2,A173,1,A191,A201,1,0,0,3449.0,NIGERIA
A12,15,A32,A43,352.0,A65,A72,4,A93,A101,1,A122,23,A143,A152,1,A173,1,A191,A201,1,0,1,5767.0,NIGERIA
A14,18,A32,A43,481.0,A61,A72,4,A93,A101,1,A121,33,A143,A152,1,A173,1,A191,A201,1,0,0,10612.0,NIGERIA
A12,6,A32,A43,184.0,A61,A73,2,A92,A103,3,A121,64,A143,A152,1,A173,1,A191,A201,1,0,0,2130.0,NIGERIA
A12,9,A32,A43,484.0,A61,A73,2,A93,A101,2,A121,37,A143,A152,1,A172,2,A191,A201,1,0,0,5935.0,NIGERIA
A12,6,A33,A42,221.0,A61,A71,4,A93,A101,1,A122,35,A142,A152,2,A174,1,A192,A201,1,0,0,2120.0,NIGERIA
A14,39,A32,A41,506.0,A63,A73,4,A93,A101,4,A123,24,A143,A152,1,A173,1,A191,A201,1,0,1,11152.0,NIGERIA
A11,48,A32,A40,1573.0,A61,A75,4,A93,A101,4,A124,42,A141,A153,1,A174,1,A191,A201,2,1,0,14493.0,NIGERIA
A14,54,A30,A41,1825.0,A65,A73,2,A93,A101,2,A122,39,A143,A152,1,A172,2,A191,A201,1,0,1,21599.0,NIGERIA
A12,9,A32,A42,420.0,A65,A74,2,A93,A101,1,A123,24,A143,A152,1,A173,1,A192,A201,1,0,0,6937.0,NIGERIA
A12,42,A31,A41,1858.0,A61,A71,1,A93,A101,2,A124,55,A141,A153,1,A174,1,A192,A201,1,0,0,41356.0,NIGERIA
A14,12,A32,A41,904.0,A65,A72,1,A92,A101,4,A123,20,A143,A151,1,A173,1,A191,A201,1,0,1,20861.0,NIGERIA
A14,18,A32,A43,277.0,A65,A72,4,A92,A101,2,A121,21,A143,A151,1,A173,1,A192,A201,1,0,0,2901.0,NIGERIA
A12,9,A32,A43,301.0,A61,A75,4,A92,A101,4,A121,25,A143,A152,1,A173,1,A191,A201,1,0,0,6126.0,NIGERIA
A12,45,A34,A41,955.0,A62,A71,3,A93,A101,4,A123,27,A143,A152,1,A173,1,A191,A201,1,0,0,16754.0,NIGERIA
A14,12,A34,A46,483.0,A65,A74,4,A92,A101,2,A123,61,A143,A152,1,A173,1,A191,A201,1,0,1,10926.0,NIGERIA
A11,36,A32,A42,601.0,A61,A75,2,A93,A101,2,A122,41,A141,A152,1,A173,2,A191,A201,2,1,1,9450.0,NIGERIA
A11,24,A32,A42,967.0,A61,A73,2,A93,A101,2,A123,27,A142,A152,1,A173,1,A191,A201,1,0,0,15131.0,NIGERIA
A13,24,A34,A43,746.0,A65,A73,3,A93,A101,2,A123,31,A143,A152,2,A173,1,A192,A201,1,1,1,12986.0,NIGERIA
A12,6,A32,A43,76.0,A65,A75,4,A93,A101,4,A122,38,A143,A152,1,A173,1,A191,A201,1,0,1,1753.0,NIGERIA
A11,6,A32,A43,587.0,A63,A73,2,A93,A101,3,A121,44,A143,A151,1,A173,2,A191,A201,1,0,1,9886.0,NIGERIA
A11,30,A32,A45,2297.0,A61,A72,1,A91,A101,1,A124,34,A143,A152,1,A172,1,A192,A201,2,1,0,41822.0,NIGERIA
A12,36,A33,A40,610.0,A62,A75,4,A93,A101,3,A124,30,A143,A153,1,A173,1,A191,A201,1,0,0,8826.0,NIGERIA
A12,9,A32,A43,482.0,A61,A73,2,A93,A101,2,A121,37,A143,A152,1,A172,2,A191,A201,1,0,1,7831.0,NIGERIA
A12,18,A34,A43,374.0,A61,A75,3,A92,A103,4,A121,48,A141,A151,2,A172,1,A192,A201,1,0,0,4822.0,NIGERIA
A12,30,A32,A40,476.0,A61,A73,4,A92,A103,2,A124,24,A141,A152,1,A173,1,A191,A201,2,1,0,7477.0,NIGERIA
A11,48,A32,A40,1583.0,A61,A75,4,A93,A101,4,A124,42,A141,A153,1,A174,1,A191,A201,2,1,1,23663.0,NIGERIA
A11,6,A34,A43,83.0,A63,A75,4,A93,A101,4,A123,52,A143,A152,2,A173,1,A191,A201,1,0,0,1847.0,NIGERIA
A12,6,A33,A42,221.0,A61,A71,4,A93,A101,1,A122,35,A142,A152,2,A174,1,A192,A201,1,0,0,4092.0,NIGERIA
A11,18,A32,A43,756.0,A61,A73,2,A92,A101,2,A121,24,A143,A152,1,A173,1,A191,A201,2,1,1,15327.0,NIGERIA
A11,12,A32,A40,231.0,A61,A73,4,A92,A101,2,A121,24,A143,A152,1,A172,1,A191,A201,2,1,1,2276.0,NIGERIA
A14,6,A32,A45,149.0,A63,A74,2,A94,A101,4,A121,23,A143,A151,1,A172,1,A191,A201,1,0,0,2715.0,NIGERIA
A14,18,A32,A43,320.0,A61,A73,4,A93,A101,2,A124,32,A143,A153,1,A174,1,A192,A201,1,0,0,7319.0,NIGERIA
A14,15,A34,A43,303.0,A61,A73,4,A93,A101,2,A122,31,A143,A152,2,A173,1,A191,A201,1,0,0,3382.0,NIGERIA
A12,30,A34,A40,990.0,A61,A71,4,A94,A101,2,A123,28,A143,A152,2,A174,1,A191,A201,2,1,1,10993.0,NIGERIA
A12,9,A31,A40,328.0,A62,A74,2,A93,A101,3,A124,29,A143,A152,1,A173,1,A191,A201,2,1,0,7160.0,NIGERIA
A11,12,A32,A42,902.0,A61,A73,2,A93,A102,2,A122,29,A143,A152,1,A172,2,A191,A201,1,0,0,20442.0,NIGERIA
A11,18,A32,A43,542.0,A61,A72,4,A92,A101,1,A123,27,A142,A152,1,A173,1,A191,A201,1,0,0,10725.0,NIGERIA
A14,6,A34,A43,412.0,A65,A73,1,A93,A101,2,A121,34,A143,A152,2,A172,2,A191,A201,1,0,0,8023.0,NIGERIA
A11,12,A34,A43,76.0,A61,A74,4,A92,A101,3,A121,58,A143,A152,4,A172,1,A192,A201,1,0,1,1425.0,NIGERIA
A14,24,A32,A43,827.0,A63,A75,3,A93,A101,2,A123,31,A143,A152,1,A173,2,A192,A201,1,0,0,18964.0,NIGERIA
A12,27,A33,A41,1449.0,A61,A75,1,A93,A101,2,A123,30,A143,A152,2,A174,1,A192,A201,1,0,1,14615.0,NIGERIA
A12,9,A32,A42,215.0,A61,A73,1,A92,A101,2,A123,29,A143,A152,1,A173,1,A191,A202,2,1,1,2676.0,NIGERIA
A14,18,A34,A43,446.0,A61,A73,2,A92,A101,1,A123,25,A143,A152,2,A173,1,A191,A201,1,0,0,8741.0,NIGERIA
A14,24,A34,A43,660.0,A61,A73,4,A93,A101,2,A121,35,A143,A152,2,A172,1,A191,A201,1,0,0,6506.0,NIGERIA
A12,48,A32,A410,1203.0,A65,A71,3,A93,A101,4,A124,40,A141,A153,1,A171,1,A192,A201,1,0,1,15958.0,NIGERIA
A14,10,A32,A40,299.0,A61,A73,2,A92,A101,4,A123,64,A143,A152,1,A173,1,A192,A201,1,0,1,5694.0,NIGERIA
A14,15,A32,A40,892.0,A65,A73,3,A93,A101,2,A124,29,A143,A152,1,A173,1,A191,A201,1,0,0,18676.0,NIGERIA
A14,36,A30,A45,619.0,A61,A73,4,A93,A101,2,A123,27,A143,A152,2,A173,1,A191,A201,1,0,0,14342.0,NIGERIA
A12,45,A32,A43,690.0,A62,A73,4,A93,A103,4,A122,21,A143,A151,1,A173,1,A191,A201,2,1,0,10996.0,NIGERIA
A12,6,A32,A43,144.0,A61,A73,2,A92,A103,3,A121,64,A143,A152,1,A173,1,A191,A201,1,0,0,1518.0,NIGERIA
A14,6,A33,A49,399.0,A62,A73,1,A93,A101,2,A121,34,A143,A152,2,A172,1,A191,A201,1,0,0,9034.0,NIGERIA
A11,12,A32,A40,232.0,A61,A73,4,A92,A101,2,A121,24,A143,A152,1,A172,1,A191,A201,2,1,1,5221.0,NIGERIA
A14,24,A32,A42,599.0,A63,A75,4,A93,A101,3,A124,32,A143,A151,1,A173,1,A192,A201,1,0,0,12995.0,NIGERIA
A14,27,A32,A40,486.0,A61,A73,3,A92,A101,3,A121,21,A143,A151,1,A173,1,A191,A201,2,1,0,7402.0,NIGERIA
A12,15,A34,A43,311.0,A65,A75,4,A93,A103,4,A121,50,A143,A152,2,A173,1,A192,A201,1,0,0,6603.0,NIGERIA
A11,48,A32,A40,851.0,A61,A74,4,A93,A101,4,A124,46,A143,A153,1,A173,2,A191,A201,2,1,1,15209.0,NIGERIA
A14,15,A32,A40,765.0,A64,A74,2,A92,A101,3,A123,20,A143,A151,1,A173,1,A191,A201,1,0,1,12663.0,NIGERIA
A14,33,A34,A41,1459.0,A61,A74,3,A93,A101,2,A123,35,A143,A152,2,A174,1,A192,A201,1,0,0,19633.0,NIGERIA
A14,48,A34,A41,695.0,A65,A75,4,A93,A101,3,A123,38,A143,A152,2,A173,2,A192,A201,1,0,0,8137.0,NIGERIA
A13,21,A34,A46,486.0,A61,A72,2,A91,A101,1,A123,33,A143,A151,1,A173,1,A191,A201,2,1,0,11184.0,NIGERIA
A14,48,A34,A49,1518.0,A65,A75,4,A91,A101,2,A123,46,A141,A152,2,A174,2,A191,A201,1,0,1,31158.0,NIGERIA
A11,18,A32,A43,338.0,A61,A73,4,A94,A101,3,A121,26,A141,A152,1,A173,1,A191,A201,2,1,1,4830.0,NIGERIA
A11,12,A32,A43,155.0,A61,A75,4,A93,A101,4,A121,57,A142,A152,1,A172,1,A191,A201,2,1,0,3464.0,NIGERIA
A11,20,A32,A42,454.0,A65,A74,4,A93,A101,4,A123,39,A143,A152,1,A173,1,A192,A201,1,0,0,6360.0,NIGERIA
A12,11,A32,A42,362.0,A64,A72,4,A92,A101,1,A121,20,A143,A152,1,A173,1,A191,A201,1,0,0,6673.0,NIGERIA
A14,36,A32,A46,415.0,A61,A73,4,A93,A101,4,A124,37,A142,A153,1,A173,1,A192,A201,2,1,1,8192.0,NIGERIA
A14,6,A32,A43,356.0,A61,A74,3,A93,A101,2,A122,51,A143,A152,1,A173,2,A191,A201,1,0,1,3584.0,NIGERIA
A13,12,A33,A40,495.0,A61,A73,2,A92,A101,2,A123,36,A142,A152,2,A173,1,A192,A201,1,0,1,11497.0,NIGERIA
A11,12,A32,A42,384.0,A61,A73,2,A93,A101,2,A121,27,A143,A152,1,A173,1,A191,A201,1,0,0,8441.0,NIGERIA
A14,36,A32,A43,785.0,A61,A75,4,A93,A101,2,A123,28,A143,A152,1,A173,1,A191,A201,1,0,1,10895.0,NIGERIA
A14,15,A33,A42,235.0,A64,A74,3,A92,A101,2,A122,30,A143,A152,2,A173,1,A191,A201,1,0,1,2634.0,NIGERIA
A11,12,A32,A43,160.0,A61,A75,4,A93,A101,4,A121,57,A142,A152,1,A172,1,A191,A201,2,1,0,3242.0,NIGERIA
A11,9,A32,A42,452.0,A61,A73,3,A93,A101,2,A121,25,A143,A152,1,A173,1,A191,A201,1,0,1,8712.0,NIGERIA
A11,24,A32,A43,733.0,A61,A73,2,A92,A101,4,A123,28,A143,A152,1,A173,1,A191,A201,1,0,0,12575.0,NIGERIA
A14,24,A34,A40,516.0,A62,A74,4,A94,A101,3,A122,27,A143,A152,2,A173,1,A192,A201,1,0,1,6028.0,NIGERIA
A11,36,A32,A40,370.0,A61,A72,4,A92,A101,4,A123,34,A143,A152,1,A173,1,A192,A201,2,1,0,5122.0,NIGERIA
A12,24,A32,A43,421.0,A61,A72,1,A94,A101,1,A122,22,A143,A152,1,A173,1,A192,A201,2,1,0,5131.0,NIGERIA
A11,42,A32,A42,1707.0,A61,A74,2,A93,A103,4,A122,45,A143,A153,1,A173,2,A191,A201,1,0,0,32822.0,NIGERIA
A14,15,A33,A42,205.0,A64,A74,3,A92,A101,2,A122,30,A143,A152,2,A173,1,A191,A201,1,0,0,4292.0,NIGERIA
A11,36,A34,A46,1585.0,A61,A73,3,A92,A101,2,A124,25,A143,A152,2,A174,1,A192,A201,2,1,1,17019.0,NIGERIA
A13,9,A32,A43,159.0,A61,A73,3,A92,A101,2,A121,28,A143,A152,1,A172,1,A191,A201,2,1,1,2111.0,NIGERIA
A14,6,A32,A44,278.0,A63,A73,1,A91,A101,4,A121,62,A143,A152,1,A173,1,A191,A201,1,0,0,4207.0,NIGERIA
A14,24,A34,A43,554.0,A61,A75,4,A94,A102,3,A121,46,A143,A152,2,A173,1,A191,A201,1,0,0,6328.0,NIGERIA
A14,12,A34,A43,468.0,A61,A75,2,A93,A101,2,A124,26,A143,A152,2,A173,1,A191,A201,1,0,1,8834.0,NIGERIA
A11,42,A33,A43,947.0,A61,A74,3,A93,A101,2,A122,26,A141,A152,2,A173,2,A192,A201,2,1,1,13648.0,NIGERIA
A14,15,A32,A40,782.0,A64,A74,2,A92,A101,3,A123,20,A143,A151,1,A173,1,A191,A201,1,0,0,16403.0,NIGERIA
A12,24,A34,A42,1034.0,A61,A72,2,A92,A101,4,A123,25,A141,A152,1,A172,1,A191,A201,2,1,0,22966.0,NIGERIA
A13,18,A31,A43,354.0,A65,A74,4,A93,A101,4,A123,49,A141,A152,1,A172,1,A191,A201,1,0,0,5512.0,NIGERIA
A13,12,A32,A43,317.0,A61,A73,3,A94,A101,4,A121,23,A143,A151,1,A173,1,A191,A201,1,0,0,3041.0,NIGERIA
A14,18,A32,A43,390.0,A61,A72,4,A93,A101,1,A121,33,A143,A152,1,A173,1,A191,A201,1,0,0,8987.0,NIGERIA
A14,12,A32,A40,419.0,A65,A75,4,A92,A101,4,A124,52,A143,A153,1,A174,1,A192,A201,1,0,0,5806.0,NIGERIA
A11,24,A34,A43,232.0,A64,A75,4,A92,A101,4,A122,57,A143,A151,2,A174,1,A192,A201,1,0,1,5418.0,NIGERIA
A12,13,A34,A43,190.0,A61,A72,4,A93,A103,4,A121,23,A143,A152,2,A173,1,A191,A201,1,0,1,3752.0,NIGERIA
A12,48,A33,A49,1388.0,A65,A73,4,A93,A101,4,A124,38,A143,A153,1,A173,2,A192,A201,1,0,1,26472.0,NIGERIA
A12,18,A32,A43,243.0,A61,A75,4,A94,A103,2,A121,32,A143,A152,1,A172,1,A191,A201,1,0,1,5393.0,NIGERIA
A13,15,A34,A43,278.0,A65,A73,3,A93,A101,4,A124,39,A143,A153,2,A173,1,A192,A201,2,1,0,4548.0,NIGERIA
A14,12,A32,A49,385.0,A61,A74,2,A93,A101,4,A123,36,A143,A152,1,A173,1,A192,A201,1,0,0,7407.0,NIGERIA
A14,24,A32,A43,748.0,A63,A75,3,A93,A101,2,A123,31,A143,A152,1,A173,2,A192,A201,1,0,0,14257.0,NIGERIA
A11,10,A32,A43,476.0,A61,A75,3,A93,A101,4,A121,52,A143,A152,1,A172,1,A191,A201,1,0,1,6265.0,NIGERIA
A14,24,A34,A42,483.0,A61,A74,2,A93,A101,2,A122,30,A143,A152,2,A172,1,A191,A201,1,0,0,11127.0,NIGERIA
A14,6,A32,A44,282.0,A63,A73,1,A91,A101,4,A121,62,A143,A152,1,A173,1,A191,A201,1,0,1,2766.0,NIGERIA
A14,21,A32,A42,470.0,A61,A75,4,A93,A101,2,A121,50,A143,A152,2,A173,1,A191,A201,1,0,1,5775.0,NIGERIA
A14,6,A32,A48,267.0,A65,A71,4,A93,A101,4,A122,36,A143,A152,1,A174,2,A192,A201,1,0,0,4301.0,NIGERIA
A14,12,A34,A43,245.0,A65,A75,4,A93,A101,4,A123,35,A143,A152,2,A173,1,A191,A201,1,0,0,4578.0,NIGERIA
A12,48,A33,A46,1621.0,A61,A75,4,A93,A101,4,A124,50,A143,A153,1,A173,1,A191,A201,2,1,1,34005.0,KENYA
A12,18,A32,A40,273.0,A65,A73,4,A92,A101,2,A122,33,A143,A152,1,A173,1,A191,A201,2,1,1,6902.0,KENYA
A14,30,A34,A43,1616.0,A61,A74,4,A92,A101,2,A123,25,A143,A152,2,A173,1,A191,A201,1,0,0,41565.0,KENYA
A12,8,A32,A43,320.0,A61,A73,4,A93,A103,2,A121,33,A143,A152,1,A173,1,A191,A202,1,0,0,4420.0,KENYA
A14,30,A34,A43,1522.0,A61,A74,3,A93,A102,2,A123,38,A143,A152,1,A173,1,A191,A201,1,0,1,19235.0,KENYA
A11,18,A32,A42,994.0,A61,A73,2,A93,A102,3,A123,42,A143,A152,1,A173,1,A191,A201,2,1,0,11920.0,KENYA
A14,12,A34,A46,479.0,A65,A74,4,A92,A101,2,A123,61,A143,A152,1,A173,1,A191,A201,1,0,1,7789.0,KENYA
A11,10,A32,A43,574.0,A61,A75,3,A93,A101,4,A121,52,A143,A152,1,A172,1,A191,A201,1,0,1,14864.0,KENYA
A11,18,A32,A42,1020.0,A61,A73,2,A93,A102,3,A123,42,A143,A152,1,A173,1,A191,A201,2,1,0,14643.0,KENYA
A11,18,A32,A40,249.0,A61,A72,1,A92,A101,2,A123,23,A143,A152,1,A172,1,A191,A201,2,1,0,5082.0,KENYA
A11,21,A32,A43,417.0,A61,A73,3,A92,A101,2,A121,25,A143,A152,2,A173,1,A192,A201,2,1,0,8253.0,KENYA
A14,10,A32,A43,520.0,A61,A73,1,A93,A101,4,A122,38,A143,A152,1,A173,1,A192,A202,1,0,0,5929.0,KENYA
A14,24,A32,A42,1307.0,A62,A73,4,A93,A101,1,A123,25,A142,A152,1,A173,1,A191,A201,1,0,0,13438.0,KENYA
A11,24,A32,A42,577.0,A62,A71,1,A91,A101,1,A122,33,A143,A152,1,A173,1,A191,A201,2,1,0,11612.0,KENYA
A14,6,A32,A48,268.0,A65,A71,4,A93,A101,4,A122,36,A143,A152,1,A174,2,A192,A201,1,0,0,3840.0,KENYA
A12,12,A30,A42,747.0,A61,A72,4,A92,A101,3,A122,25,A143,A151,2,A173,1,A191,A201,2,1,1,7585.0,KENYA
A11,6,A31,A46,334.0,A61,A75,4,A92,A101,4,A124,35,A143,A153,1,A173,1,A191,A201,2,1,0,3927.0,KENYA
A14,24,A32,A48,267.0,A61,A72,4,A94,A101,3,A123,27,A143,A152,2,A172,1,A191,A201,1,0,0,4172.0,KENYA
A11,12,A32,A42,1877.0,A61,A75,4,A93,A101,4,A124,53,A143,A153,1,A174,1,A192,A201,2,1,0,37239.0,KENYA
A11,45,A32,A43,446.0,A61,A73,4,A93,A101,4,A124,23,A143,A153,1,A173,1,A192,A201,2,1,1,4611.0,KENYA
A12,14,A32,A49,363.0,A63,A75,1,A94,A101,2,A121,35,A143,A152,1,A173,1,A192,A201,1,0,1,6354.0,KENYA
A13,15,A34,A43,319.0,A65,A73,3,A93,A101,4,A124,39,A143,A153,2,A173,1,A192,A201,2,1,0,3525.0,KENYA
A11,21,A32,A43,756.0,A64,A72,4,A92,A101,2,A123,29,A141,A152,1,A173,1,A191,A201,1,0,1,16484.0,KENYA
A11,36,A32,A41,1444.0,A61,A75,2,A93,A101,4,A124,42,A143,A153,1,A173,2,A191,A201,1,0,0,18027.0,KENYA
A14,36,A34,A43,2559.0,A61,A73,2,A92,A101,2,A123,31,A142,A152,2,A173,1,A191,A201,1,0,1,63680.0,KENYA
A11,12,A31,A43,469.0,A61,A73,4,A91,A101,1,A124,29,A143,A153,1,A173,1,A191,A201,2,1,1,10179.0,KENYA
A11,15,A32,A40,348.0,A61,A73,2,A92,A101,4,A123,28,A143,A151,1,A173,1,A191,A201,1,0,0,8776.0,KENYA
A11,21,A32,A43,492.0,A61,A73,3,A92,A101,2,A121,25,A143,A152,2,A173,1,A192,A201,2,1,1,7741.0,KENYA
A11,30,A32,A42,644.0,A61,A74,4,A92,A101,4,A121,23,A143,A151,1,A173,1,A191,A201,2,1,0,14050.0,KENYA
A14,9,A34,A40,326.0,A61,A73,3,A93,A101,1,A121,30,A143,A152,2,A173,1,A191,A201,1,0,0,7072.0,KENYA
A12,9,A34,A46,265.0,A64,A75,4,A93,A101,3,A124,32,A143,A153,2,A173,2,A191,A201,2,1,1,4819.0,KENYA
A14,6,A34,A40,64.0,A64,A73,2,A92,A101,2,A121,41,A141,A152,2,A172,1,A191,A201,1,0,1,919.0,KENYA
A12,10,A32,A42,346.0,A61,A73,4,A91,A101,2,A123,31,A143,A152,1,A172,1,A191,A201,1,0,0,5359.0,KENYA
A14,12,A34,A46,500.0,A65,A74,4,A92,A101,2,A123,61,A143,A152,1,A173,1,A191,A201,1,0,0,9260.0,KENYA
A11,24,A34,A41,1665.0,A61,A71,2,A93,A101,4,A124,75,A143,A153,2,A174,1,A192,A201,1,0,1,35760.0,KENYA
A14,15,A32,A40,707.0,A64,A74,2,A92,A101,3,A123,20,A143,A151,1,A173,1,A191,A201,1,0,1,15690.0,KENYA
A14,6,A32,A40,934.0,A61,A73,2,A93,A103,3,A122,26,A143,A151,1,A173,1,A191,A201,1,0,0,16779.0,KENYA
A12,48,A33,A410,1680.0,A62,A71,2,A93,A101,4,A124,31,A143,A153,1,A174,1,A192,A201,1,0,0,21816.0,KENYA
A11,24,A31,A49,888.0,A61,A73,4,A93,A101,2,A122,31,A143,A151,1,A173,1,A192,A201,2,1,0,19628.0,KENYA
A11,8,A34,A410,257.0,A61,A75,3,A93,A101,4,A124,51,A141,A153,2,A174,2,A192,A201,1,0,1,3218.0,KENYA
A13,24,A32,A43,1334.0,A61,A74,4,A93,A101,2,A123,25,A141,A152,1,A173,1,A191,A201,1,0,0,26687.0,KENYA
A11,48,A34,A41,1781.0,A61,A75,4,A93,A101,4,A124,46,A143,A153,2,A173,1,A192,A201,2,1,1,45749.0,KENYA
A14,12,A32,A40,598.0,A65,A75,4,A92,A101,4,A124,52,A143,A153,1,A174,1,A192,A201,1,0,0,13046.0,KENYA
A11,24,A34,A41,1786.0,A61,A71,2,A93,A101,4,A124,75,A143,A153,2,A174,1,A192,A201,1,0,0,39513.0,KENYA
A12,18,A34,A42,283.0,A61,A72,4,A92,A101,1,A122,27,A143,A152,2,A173,1,A191,A201,1,0,1,6986.0,KENYA
A11,27,A34,A49,528.0,A61,A75,4,A93,A101,4,A123,43,A142,A152,4,A174,2,A192,A201,1,0,0,12583.0,KENYA
A14,12,A33,A45,442.0,A64,A75,4,A93,A101,4,A124,55,A143,A153,2,A173,2,A191,A201,2,1,0,8543.0,KENYA
A14,21,A34,A42,634.0,A61,A72,4,A92,A101,4,A122,23,A143,A152,1,A173,1,A192,A201,1,0,0,13542.0,KENYA
A14,42,A34,A42,1061.0,A63,A73,4,A93,A101,4,A121,36,A143,A152,2,A173,1,A192,A201,1,0,0,24231.0,KENYA
A13,36,A32,A43,1055.0,A61,A75,4,A93,A101,2,A123,31,A143,A152,1,A173,1,A191,A201,1,0,1,16303.0,KENYA
A12,12,A32,A43,378.0,A65,A73,2,A94,A101,1,A121,25,A143,A152,1,A173,1,A192,A201,2,1,0,8618.0,KENYA
A13,6,A33,A43,174.0,A61,A72,2,A92,A101,1,A122,29,A141,A152,1,A173,1,A191,A201,1,0,0,2784.0,KENYA
A12,24,A32,A41,3539.0,A61,A75,4,A92,A101,2,A124,44,A143,A153,1,A174,1,A192,A201,2,1,1,58196.0,KENYA
A13,10,A32,A42,358.0,A61,A72,4,A92,A101,2,A122,23,A143,A152,1,A173,1,A191,A201,1,0,0,5493.0,KENYA
A11,47,A32,A40,2734.0,A61,A72,1,A92,A101,1,A121,35,A143,A152,1,A172,1,A192,A201,1,0,1,43811.0,KENYA
A12,12,A33,A43,127.0,A61,A73,4,A94,A102,4,A121,20,A143,A151,2,A173,1,A191,A201,1,0,0,1618.0,KENYA
A14,15,A34,A42,687.0,A61,A74,2,A92,A102,3,A123,24,A141,A152,2,A173,1,A191,A201,1,0,0,17566.0,KENYA
A13,6,A32,A40,181.0,A64,A72,2,A94,A101,2,A121,27,A143,A152,1,A171,1,A191,A202,1,0,1,4063.0,KENYA
A14,15,A32,A42,591.0,A65,A74,1,A92,A101,4,A121,33,A141,A151,1,A172,1,A191,A201,1,0,1,12179.0,KENYA
A14,18,A32,A43,1093.0,A61,A72,3,A93,A101,2,A123,32,A143,A152,1,A173,1,A192,A201,1,0,1,26148.0,KENYA
A14,10,A32,A40,431.0,A61,A73,3,A93,A101,2,A121,31,A143,A152,1,A172,2,A191,A202,1,0,0,8835.0,KENYA
A12,36,A34,A40,709.0,A61,A72,4,A91,A101,4,A123,27,A143,A152,2,A173,1,A191,A201,2,1,0,18018.0,KENYA
A11,11,A34,A40,934.0,A61,A73,1,A93,A101,2,A121,40,A143,A152,2,A172,2,A191,A201,1,0,0,23930.0,KENYA
A13,24,A32,A42,911.0,A61,A72,2,A92,A101,4,A123,26,A143,A152,1,A173,1,A191,A201,1,0,0,11721.0,KENYA
A14,6,A32,A42,358.0,A64,A73,4,A91,A101,2,A121,33,A143,A152,1,A173,1,A191,A201,1,0,0,5673.0,KENYA
A14,24,A34,A45,1194.0,A61,A75,3,A93,A101,4,A124,44,A143,A153,2,A173,1,A191,A201,1,0,1,28681.0,KENYA
A11,13,A34,A49,507.0,A61,A72,3,A93,A101,1,A122,28,A141,A152,2,A172,1,A191,A201,1,0,0,5406.0,KENYA
A14,24,A34,A42,1207.0,A61,A75,4,A93,A101,4,A123,33,A143,A152,1,A173,1,A192,A201,1,0,0,29083.0,KENYA
A14,24,A34,A40,442.0,A61,A73,4,A92,A101,4,A123,37,A143,A152,1,A173,1,A192,A201,1,0,0,6914.0,KENYA
A11,48,A30,A42,2008.0,A61,A73,3,A93,A101,4,A124,53,A143,A153,2,A173,2,A191,A201,2,1,0,39028.0,KENYA
A14,15,A34,A43,426.0,A61,A75,4,A93,A101,4,A123,46,A143,A152,2,A173,1,A192,A201,1,0,1,8065.0,KENYA
A14,42,A34,A42,1028.0,A63,A73,4,A93,A101,4,A121,36,A143,A152,2,A173,1,A192,A201,1,0,1,22514.0,KENYA
A12,27,A34,A43,594.0,A63,A73,4,A93,A101,2,A122,23,A143,A152,2,A172,1,A191,A201,2,1,1,6294.0,KENYA
A11,18,A31,A42,394.0,A61,A73,4,A93,A101,3,A123,44,A141,A152,1,A173,1,A191,A201,2,1,0,5989.0,KENYA
A12,24,A33,A43,337.0,A62,A74,3,A92,A101,2,A122,23,A143,A151,2,A173,1,A192,A201,1,0,1,8045.0,KENYA
A14,12,A32,A40,751.0,A65,A72,2,A93,A101,3,A122,45,A143,A152,1,A174,2,A192,A201,1,0,1,9921.0,KENYA
A14,24,A32,A43,375.0,A62,A74,4,A94,A101,3,A122,26,A143,A152,1,A173,1,A192,A201,1,0,1,7892.0,KENYA
A12,27,A30,A49,2165.0,A61,A75,2,A92,A101,4,A124,42,A143,A153,2,A174,1,A192,A201,2,1,0,49825.0,KENYA
A12,18,A34,A49,1016.0,A61,A71,3,A94,A101,3,A123,40,A143,A152,3,A171,2,A192,A201,1,0,0,14915.0,KENYA
A11,36,A32,A410,4517.0,A61,A71,2,A91,A102,3,A123,43,A143,A152,1,A174,1,A191,A201,1,0,0,114786.0,KENYA
A11,15,A32,A40,429.0,A61,A72,2,A93,A101,3,A121,36,A143,A152,1,A173,1,A191,A201,1,0,0,4969.0,KENYA
A11,36,A31,A42,717.0,A61,A75,4,A93,A101,4,A123,31,A141,A152,1,A173,1,A191,A201,2,1,1,10693.0,KENYA
A14,60,A34,A40,2972.0,A65,A75,2,A93,A101,4,A124,63,A141,A153,1,A174,1,A192,A201,1,0,0,61373.0,KENYA
A14,12,A32,A41,362.0,A64,A74,3,A93,A101,2,A122,55,A143,A152,1,A173,1,A191,A202,1,0,0,7061.0,KENYA
A14,12,A32,A46,317.0,A61,A75,4,A93,A101,4,A122,47,A141,A152,3,A173,2,A192,A201,1,0,0,3947.0,KENYA
A11,24,A32,A43,398.0,A61,A71,4,A93,A101,2,A123,30,A142,A152,1,A174,2,A191,A201,2,1,1,9262.0,KENYA
A14,10,A32,A41,830.0,A65,A72,1,A92,A101,4,A121,31,A143,A151,1,A173,1,A191,A201,1,0,1,18807.0,KENYA
A14,24,A34,A43,396.0,A64,A73,4,A92,A101,1,A121,43,A143,A152,2,A172,1,A191,A201,1,0,0,7644.0,KENYA
A12,8,A32,A43,165.0,A61,A74,4,A92,A103,2,A121,44,A143,A152,1,A172,1,A191,A201,1,0,0,3047.0,KENYA
A14,12,A32,A41,591.0,A65,A72,2,A94,A101,4,A123,26,A143,A151,1,A173,1,A192,A201,1,0,0,12010.0,KENYA
A14,18,A32,A43,124.0,A61,A71,3,A92,A102,4,A121,22,A143,A151,1,A173,1,A191,A201,2,1,0,1508.0,KENYA
A12,9,A34,A43,319.0,A61,A75,2,A93,A101,4,A121,37,A143,A152,3,A172,1,A191,A201,1,0,1,5658.0,KENYA
A11,24,A32,A41,710.0,A61,A73,3,A93,A103,4,A124,63,A141,A152,1,A173,2,A192,A201,1,0,0,17529.0,KENYA
A11,48,A32,A43,1964.0,A61,A74,1,A94,A103,1,A121,34,A143,A152,2,A173,1,A192,A201,2,1,0,34689.0,KENYA
A11,9,A34,A40,671.0,A61,A73,2,A93,A101,2,A121,36,A143,A151,2,A173,2,A191,A201,1,0,0,14492.0,KENYA
A14,18,A34,A41,898.0,A65,A71,2,A93,A101,4,A124,38,A143,A152,1,A174,1,A192,A201,1,0,0,15238.0,KENYA
A11,18,A34,A42,494.0,A61,A73,4,A92,A101,4,A121,24,A143,A151,2,A173,1,A191,A201,2,1,0,5156.0,KENYA
A12,30,A30,A49,1048.0,A62,A73,4,A92,A101,4,A123,26,A143,A151,2,A172,1,A191,A201,2,1,1,18049.0,KENYA
A12,9,A32,A43,230.0,A61,A75,4,A93,A101,4,A123,27,A143,A152,2,A172,1,A191,A201,1,0,0,4946.0,KENYA
A12,36,A32,A43,576.0,A61,A74,4,A93,A101,4,A123,24,A143,A151,1,A173,1,A191,A201,1,0,0,8918.0,KENYA
A11,6,A32,A42,390.0,A61,A73,1,A93,A101,2,A121,36,A141,A152,1,A172,1,A192,A201,1,0,1,6476.0,KENYA
A11,6,A32,A43,683.0,A63,A73,2,A93,A101,3,A121,44,A143,A151,1,A173,2,A191,A201,1,0,1,14761.0,KENYA
A11,21,A32,A43,693.0,A61,A72,4,A92,A101,4,A122,28,A143,A151,1,A174,1,A192,A201,1,0,0,8337.0,KENYA
A11,8,A34,A410,303.0,A61,A75,3,A93,A101,4,A124,51,A141,A153,2,A174,2,A192,A201,1,0,0,6841.0,KENYA
A12,9,A32,A46,286.0,A61,A74,4,A92,A101,4,A122,67,A143,A152,2,A174,1,A192,A201,1,0,1,6101.0,KENYA
A14,18,A32,A49,489.0,A61,A74,4,A93,A101,1,A123,34,A142,A152,2,A173,1,A192,A201,1,0,0,11246.0,KENYA
A11,18,A34,A43,407.0,A61,A74,4,A94,A101,1,A122,32,A143,A152,2,A174,1,A192,A201,1,0,1,4659.0,KENYA
A14,18,A32,A40,1940.0,A65,A73,2,A93,A101,4,A123,68,A143,A151,2,A173,1,A191,A201,2,1,1,28824.0,KENYA
A11,18,A32,A43,546.0,A61,A72,4,A92,A101,1,A123,27,A142,A152,1,A173,1,A191,A201,1,0,1,11681.0,KENYA
A14,10,A32,A41,819.0,A65,A72,1,A92,A101,4,A121,31,A143,A151,1,A173,1,A191,A201,1,0,1,12057.0,KENYA
A14,24,A34,A41,878.0,A61,A75,4,A92,A101,2,A123,41,A143,A151,2,A174,1,A192,A201,1,0,0,9079.0,KENYA
A11,24,A32,A42,922.0,A61,A73,2,A93,A101,2,A123,27,A142,A152,1,A173,1,A191,A201,1,1,1,13924.0,KENYA
A14,6,A30,A40,322.0,A62,A73,4,A93,A101,1,A124,35,A141,A151,1,A173,1,A191,A202,1,0,0,6256.0,KENYA
A11,12,A32,A43,430.0,A61,A73,4,A92,A101,1,A123,23,A141,A152,1,A173,1,A191,A201,1,0,0,8263.0,KENYA
A11,10,A34,A40,571.0,A61,A72,1,A93,A101,3,A121,48,A143,A151,2,A172,2,A191,A202,1,0,0,14614.0,KENYA
A12,36,A33,A40,2078.0,A62,A75,2,A93,A101,4,A123,42,A143,A152,4,A174,1,A192,A201,2,1,0,37569.0,KENYA
A14,12,A32,A43,171.0,A61,A73,4,A93,A101,2,A121,30,A141,A152,2,A173,1,A191,A201,1,0,0,3696.0,KENYA
A11,15,A34,A42,250.0,A61,A73,2,A91,A101,3,A122,25,A143,A152,2,A173,1,A191,A201,1,0,0,5870.0,KENYA
A12,9,A32,A43,522.0,A61,A73,2,A93,A101,2,A121,37,A143,A152,1,A172,2,A191,A201,1,0,1,7933.0,KENYA
A12,20,A32,A41,1647.0,A65,A71,1,A91,A101,4,A121,60,A143,A152,1,A174,1,A192,A201,1,0,0,30038.0,KENYA
A11,24,A33,A40,1267.0,A61,A73,3,A93,A101,4,A124,53,A143,A153,2,A173,2,A191,A201,2,1,0,13846.0,KENYA
A11,30,A32,A42,801.0,A64,A75,4,A92,A101,4,A122,57,A143,A151,2,A173,1,A192,A201,1,0,1,17229.0,KENYA
A12,18,A32,A45,840.0,A61,A71,2,A92,A101,4,A123,67,A143,A152,1,A173,1,A192,A201,1,0,1,18332.0,KENYA
A12,42,A31,A41,2602.0,A61,A71,1,A93,A101,2,A124,55,A141,A153,1,A174,1,A192,A201,1,0,1,48855.0,KENYA
A14,9,A34,A46,339.0,A65,A75,4,A92,A101,4,A122,41,A143,A151,2,A172,1,A191,A201,1,0,1,6674.0,KENYA
A14,9,A32,A40,910.0,A62,A73,1,A93,A103,2,A121,26,A143,A151,1,A173,2,A191,A202,1,0,0,19573.0,KENYA
A14,30,A32,A43,510.0,A63,A75,4,A93,A101,2,A123,30,A141,A152,1,A174,1,A191,A201,1,0,0,12695.0,KENYA
A14,36,A32,A40,202.0,A63,A75,4,A93,A101,4,A122,36,A143,A152,1,A173,1,A191,A201,1,0,0,3403.0,KENYA
A12,45,A32,A43,699.0,A62,A73,4,A93,A103,4,A122,21,A143,A151,1,A173,1,A191,A201,2,1,0,17758.0,KENYA
A14,12,A34,A40,330.0,A63,A73,4,A93,A101,4,A121,44,A143,A152,1,A173,1,A192,A201,1,0,0,6106.0,KENYA
A14,24,A32,A43,865.0,A63,A75,3,A91,A101,2,A123,26,A143,A152,1,A174,1,A192,A201,1,0,1,14701.0,KENYA
A14,9,A34,A43,656.0,A65,A73,1,A93,A101,2,A121,33,A143,A152,2,A173,2,A191,A201,1,0,0,11025.0,KENYA
A14,15,A32,A42,511.0,A63,A73,2,A92,A101,4,A123,20,A143,A151,1,A173,1,A191,A201,1,0,1,10381.0,KENYA
A13,12,A34,A40,216.0,A63,A74,4,A94,A101,2,A121,28,A143,A152,3,A173,1,A192,A201,2,1,1,5355.0,KENYA
A14,4,A34,A43,424.0,A61,A74,2,A93,A101,1,A121,42,A143,A152,3,A172,2,A191,A201,1,0,1,10403.0,KENYA
A14,28,A34,A43,600.0,A61,A75,4,A93,A101,2,A123,29,A143,A152,2,A173,1,A191,A201,1,0,0,12647.0,KENYA
A14,12,A34,A40,294.0,A63,A73,4,A93,A101,4,A121,44,A143,A152,1,A173,1,A192,A201,1,0,0,3524.0,KENYA
A12,24,A34,A49,610.0,A65,A74,4,A93,A101,3,A124,34,A143,A152,2,A173,2,A192,A201,1,0,0,13757.0,KENYA
A12,24,A32,A40,766.0,A62,A74,2,A93,A101,3,A123,38,A141,A152,2,A173,1,A192,A201,1,0,0,16732.0,KENYA
A14,12,A32,A42,263.0,A63,A73,4,A92,A101,4,A123,29,A143,A151,1,A172,1,A191,A201,2,1,1,5999.0,KENYA
A11,24,A30,A42,996.0,A61,A75,3,A93,A101,4,A124,23,A141,A151,2,A173,2,A191,A201,2,1,0,18113.0,KENYA
A14,9,A32,A42,466.0,A61,A72,2,A92,A102,2,A123,19,A143,A151,2,A173,1,A191,A201,2,1,0,8890.0,KENYA
A13,10,A32,A40,337.0,A62,A75,1,A92,A101,4,A124,48,A143,A153,1,A172,2,A191,A201,2,1,1,7559.0,KENYA
A14,12,A34,A40,173.0,A62,A74,4,A92,A101,3,A123,51,A143,A152,2,A173,1,A192,A201,1,0,0,3498.0,KENYA
A11,12,A34,A41,334.0,A61,A75,4,A93,A101,4,A124,66,A143,A153,2,A174,1,A191,A201,1,0,1,7555.0,KENYA
A11,24,A31,A49,836.0,A61,A73,4,A93,A101,2,A122,31,A143,A151,1,A173,1,A192,A201,2,1,0,8720.0,KENYA
A12,60,A32,A40,1984.0,A62,A72,4,A92,A101,2,A122,24,A143,A152,1,A174,1,A191,A201,2,1,1,34794.0,KENYA
A12,11,A32,A42,365.0,A64,A72,4,A92,A101,1,A121,20,A143,A152,1,A173,1,A191,A201,1,0,0,7593.0,KENYA
A13,21,A32,A40,647.0,A62,A73,1,A92,A101,1,A123,28,A141,A152,1,A174,1,A192,A201,1,0,0,13489.0,KENYA
A14,9,A32,A49,401.0,A61,A74,3,A92,A101,2,A123,27,A143,A152,2,A173,1,A191,A201,1,0,1,8363.0,KENYA
A11,6,A34,A43,93.0,A63,A75,4,A93,A101,4,A123,52,A143,A152,2,A173,1,A191,A201,1,0,0,2234.0,KENYA
A12,13,A34,A43,227.0,A61,A72,4,A93,A103,4,A121,23,A143,A152,2,A173,1,A191,A201,1,0,0,3629.0,KENYA
A14,12,A32,A43,337.0,A61,A72,4,A92,A101,3,A123,34,A143,A152,1,A173,2,A191,A201,1,0,1,8517.0,KENYA
A14,24,A33,A40,466.0,A61,A75,4,A93,A101,4,A124,60,A143,A153,2,A173,1,A192,A201,1,0,1,10928.0,KENYA
A12,24,A32,A43,651.0,A62,A72,2,A93,A101,1,A123,29,A143,A152,1,A173,1,A191,A201,1,0,0,12817.0,KENYA
A14,18,A34,A43,177.0,A63,A75,4,A93,A101,3,A122,32,A141,A152,2,A174,1,A192,A201,1,0,1,3352.0,KENYA
A12,18,A34,A43,355.0,A61,A73,4,A94,A101,2,A123,33,A143,A152,1,A173,1,A191,A201,2,1,0,7145.0,KENYA
A12,12,A32,A43,300.0,A61,A74,4,A93,A103,3,A121,29,A143,A152,2,A173,1,A191,A202,1,0,0,7199.0,KENYA
A13,24,A32,A42,868.0,A61,A72,2,A92,A101,4,A123,26,A143,A152,1,A173,1,A191,A201,1,0,1,15175.0,KENYA
A13,15,A32,A49,711.0,A61,A74,2,A93,A101,4,A122,26,A143,A151,1,A173,1,A192,A201,1,0,0,10582.0,KENYA
A12,24,A32,A43,536.0,A61,A72,1,A94,A101,1,A122,22,A143,A152,1,A173,1,A192,A201,2,1,0,11004.0,KENYA
A12,10,A31,A43,278.0,A61,A73,4,A93,A101,4,A121,23,A142,A152,1,A172,1,A191,A201,1,0,0,7156.0,KENYA
A14,24,A32,A40,342.0,A64,A74,4,A92,A101,3,A123,34,A143,A152,1,A173,2,A192,A201,1,0,1,5864.0,KENYA
A12,12,A32,A40,187.0,A62,A72,4,A92,A101,2,A122,23,A141,A152,1,A172,1,A191,A201,2,1,1,3342.0,KENYA
A14,24,A32,A43,305.0,A61,A73,4,A94,A101,2,A122,28,A143,A152,1,A173,1,A191,A201,1,0,0,7000.0,KENYA
A14,18,A30,A49,1117.0,A61,A73,2,A93,A101,2,A123,36,A142,A152,2,A173,2,A191,A201,2,1,0,16941.0,KENYA
A12,15,A30,A40,403.0,A61,A72,2,A92,A101,1,A121,26,A143,A151,2,A171,1,A191,A201,2,1,1,6343.0,KENYA
A14,33,A34,A41,1795.0,A61,A74,3,A93,A101,2,A123,35,A143,A152,2,A174,1,A192,A201,1,0,0,29560.0,KENYA
A11,12,A32,A40,975.0,A64,A73,1,A93,A101,3,A122,31,A143,A152,1,A173,2,A191,A201,1,0,1,16213.0,KENYA
A14,6,A34,A43,386.0,A61,A74,1,A92,A101,2,A123,24,A143,A151,2,A173,1,A192,A201,1,0,0,5363.0,KENYA
A11,8,A34,A40,160.0,A61,A75,4,A93,A101,4,A121,47,A143,A152,2,A172,1,A191,A201,1,0,1,2672.0,KENYA
A14,12,A34,A42,351.0,A64,A74,3,A92,A101,2,A122,35,A143,A152,1,A173,1,A191,A202,1,0,0,8424.0,KENYA
A14,15,A32,A40,870.0,A64,A74,2,A92,A101,3,A123,20,A143,A151,1,A173,1,A191,A201,1,0,1,16784.0,KENYA
A14,13,A32,A43,353.0,A62,A71,2,A92,A101,4,A121,64,A143,A152,1,A173,1,A191,A201,1,0,0,6499.0,KENYA
A11,18,A32,A43,713.0,A61,A73,4,A93,A101,4,A124,65,A143,A153,2,A173,1,A191,A201,2,1,0,10024.0,KENYA
A14,24,A32,A41,2136.0,A61,A74,3,A93,A101,3,A123,38,A143,A152,1,A174,1,A192,A201,1,0,0,38536.0,KENYA
A12,24,A32,A41,719.0,A65,A75,4,A93,A101,4,A124,36,A141,A153,1,A173,1,A192,A201,1,0,0,7846.0,KENYA
A11,12,A30,A45,245.0,A61,A74,4,A93,A101,3,A121,28,A143,A152,2,A173,1,A191,A201,2,1,1,4161.0,KENYA
A11,36,A33,A49,458.0,A61,A74,2,A93,A101,1,A123,24,A143,A152,2,A173,1,A192,A201,2,1,0,7066.0,KENYA
A14,36,A34,A43,759.0,A65,A75,4,A93,A101,2,A123,51,A143,A152,1,A173,1,A192,A201,1,0,0,19216.0,KENYA
A14,15,A32,A43,775.0,A61,A75,4,A92,A101,2,A123,54,A141,A151,1,A174,1,A192,A201,1,0,1,17144.0,KENYA
A12,15,A34,A43,783.0,A65,A74,4,A93,A103,2,A121,35,A141,A152,3,A173,1,A192,A201,1,0,1,8076.0,KENYA
A12,24,A32,A43,649.0,A62,A72,2,A93,A101,1,A123,29,A143,A152,1,A173,1,A191,A201,1,0,1,14392.0,KENYA
A14,21,A32,A49,396.0,A64,A75,4,A92,A101,4,A121,36,A141,A152,1,A172,1,A191,A201,1,0,0,9005.0,KENYA
A12,24,A33,A43,364.0,A62,A74,3,A92,A101,2,A122,23,A143,A151,2,A173,1,A192,A201,1,0,0,9209.0,KENYA
A11,21,A32,A43,816.0,A64,A72,4,A92,A101,2,A123,29,A141,A152,1,A173,1,A191,A201,1,0,1,14690.0,KENYA
A12,48,A32,A43,3132.0,A64,A74,1,A93,A102,2,A124,27,A141,A152,2,A173,1,A192,A201,2,1,0,71418.0,KENYA
A11,12,A32,A42,371.0,A61,A73,2,A93,A101,2,A121,27,A143,A152,1,A173,1,A191,A201,1,0,0,4890.0,KENYA
A11,12,A30,A45,292.0,A61,A74,4,A93,A101,3,A121,28,A143,A152,2,A173,1,A191,A201,2,1,0,5610.0,KENYA
A11,18,A32,A43,468.0,A61,A73,4,A92,A101,4,A123,25,A141,A151,2,A173,1,A191,A201,2,1,0,5950.0,KENYA
A12,12,A32,A45,157.0,A61,A73,4,A93,A101,2,A123,30,A143,A152,1,A173,1,A191,A201,2,1,0,2525.0,KENYA
A11,48,A32,A46,1912.0,A61,A74,4,A93,A101,1,A124,50,A143,A153,1,A174,1,A192,A201,1,0,1,27220.0,KENYA
A11,6,A31,A46,283.0,A61,A75,4,A92,A101,4,A124,35,A143,A153,1,A173,1,A191,A201,2,1,1,6672.0,KENYA
A12,20,A33,A41,1569.0,A65,A74,3,A93,A101,4,A122,36,A141,A151,2,A174,2,A192,A201,1,0,0,21191.0,KENYA
A11,24,A32,A43,902.0,A61,A73,2,A92,A101,4,A123,28,A143,A152,1,A173,1,A191,A201,1,0,0,21970.0,KENYA
A14,15,A34,A40,1325.0,A65,A75,1,A92,A101,4,A123,59,A143,A152,1,A173,1,A192,A201,1,0,1,28180.0,KENYA
A12,12,A34,A41,499.0,A61,A71,4,A93,A101,2,A123,34,A143,A152,2,A174,1,A192,A201,1,0,0,7078.0,KENYA
A14,21,A32,A42,565.0,A61,A75,4,A93,A101,2,A121,50,A143,A152,2,A173,1,A191,A201,1,0,0,9082.0,KENYA
A11,48,A32,A40,2055.0,A61,A75,4,A93,A101,4,A124,42,A141,A153,1,A174,1,A191,A201,2,1,0,41757.0,KENYA
A11,12,A33,A40,366.0,A61,A73,4,A93,A101,2,A121,43,A143,A152,2,A172,2,A191,A201,1,0,1,6524.0,KENYA
A11,15,A30,A40,256.0,A61,A75,4,A93,A101,3,A123,33,A143,A151,2,A173,2,A191,A201,2,1,0,4051.0,KENYA
A14,15,A34,A43,422.0,A61,A75,4,A93,A101,4,A123,46,A143,A152,2,A173,1,A192,A201,1,0,1,4276.0,KENYA
A14,9,A32,A42,345.0,A61,A73,4,A92,A101,2,A121,26,A143,A151,1,A173,1,A191,A201,1,0,1,7763.0,KENYA
A14,10,A32,A41,723.0,A65,A72,1,A92,A101,4,A121,31,A143,A151,1,A173,1,A191,A201,1,0,0,14837.0,KENYA
A13,18,A32,A42,811.0,A61,A73,2,A93,A101,1,A121,34,A143,A152,1,A172,2,A191,A201,2,1,0,12802.0,KENYA
A13,18,A32,A42,636.0,A61,A73,2,A93,A101,1,A121,34,A143,A152,1,A172,2,A191,A201,2,1,0,15255.0,KENYA
A14,18,A34,A43,1714.0,A61,A75,3,A93,A101,4,A123,33,A143,A152,2,A173,1,A192,A201,1,0,1,36661.0,KENYA
A14,18,A34,A42,396.0,A61,A73,4,A92,A101,2,A124,28,A143,A152,2,A173,1,A191,A201,1,0,1,6799.0,KENYA
A12,15,A31,A40,1945.0,A62,A71,1,A93,A101,2,A122,34,A143,A152,1,A174,2,A192,A201,2,1,1,32310.0,KENYA
A14,9,A34,A46,243.0,A63,A75,4,A93,A101,2,A123,52,A143,A152,2,A173,1,A192,A201,1,0,0,2782.0,KENYA
A12,12,A32,A40,281.0,A61,A72,3,A92,A101,1,A123,25,A143,A151,1,A173,1,A191,A201,2,1,1,6230.0,KENYA
A14,60,A34,A40,2990.0,A65,A75,2,A93,A101,4,A124,63,A141,A153,1,A174,1,A192,A201,1,0,0,35360.0,KENYA
A14,12,A32,A41,400.0,A64,A74,3,A93,A101,2,A122,55,A143,A152,1,A173,1,A191,A202,1,0,0,4883.0,KENYA
A11,18,A31,A43,438.0,A61,A72,3,A93,A102,4,A124,36,A141,A153,1,A174,1,A192,A201,1,0,1,7057.0,KENYA
A14,15,A32,A46,1047.0,A62,A73,3,A93,A101,2,A122,40,A143,A152,1,A174,1,A192,A201,2,1,0,23711.0,KENYA
A14,15,A31,A43,391.0,A62,A75,4,A93,A101,4,A123,34,A141,A152,1,A172,2,A191,A201,1,0,0,10119.0,KENYA
A11,12,A32,A42,166.0,A61,A75,4,A92,A101,4,A122,24,A143,A151,1,A173,1,A191,A201,1,0,1,4045.0,KENYA
A13,18,A32,A42,703.0,A61,A72,1,A92,A101,1,A122,45,A142,A152,1,A172,1,A191,A201,1,0,0,14443.0,KENYA
A13,12,A32,A43,348.0,A61,A73,3,A94,A101,4,A121,23,A143,A151,1,A173,1,A191,A201,1,0,1,8737.0,KENYA
A11,12,A32,A43,365.0,A61,A73,4,A92,A101,1,A123,23,A141,A152,1,A173,1,A191,A201,1,0,0,8490.0,KENYA
A14,12,A32,A41,700.0,A65,A72,2,A94,A101,4,A123,26,A143,A151,1,A173,1,A192,A201,1,0,1,12167.0,KENYA
A13,9,A32,A43,171.0,A61,A73,3,A92,A101,2,A121,28,A143,A152,1,A172,1,A191,A201,2,1,1,2486.0,KENYA
A11,15,A32,A44,309.0,A65,A73,4,A92,A101,2,A123,24,A143,A151,1,A173,1,A191,A201,2,1,0,5924.0,KENYA
A13,12,A33,A40,493.0,A61,A73,2,A92,A101,2,A123,36,A142,A152,2,A173,1,A192,A201,1,0,0,9089.0,KENYA
A12,24,A34,A46,1536.0,A61,A72,2,A92,A101,4,A124,24,A143,A153,2,A173,1,A192,A201,1,0,0,16424.0,KENYA
A14,12,A32,A46,391.0,A61,A75,4,A93,A101,4,A122,47,A141,A152,3,A173,2,A192,A201,1,0,0,4634.0,KENYA
A11,12,A34,A40,873.0,A61,A73,3,A92,A102,2,A121,29,A143,A152,2,A173,1,A191,A201,2,1,1,10425.0,KENYA
A11,36,A32,A410,3792.0,A61,A71,2,A91,A102,3,A123,43,A143,A152,1,A174,1,A191,A201,1,0,0,71017.0,KENYA
A11,21,A32,A43,678.0,A61,A72,4,A92,A101,4,A122,28,A143,A151,1,A174,1,A192,A201,1,0,1,15730.0,KENYA
A11,18,A34,A40,1323.0,A61,A75,2,A93,A101,4,A124,36,A143,A153,3,A174,1,A192,A201,1,0,0,17554.0,KENYA
A14,12,A32,A43,194.0,A65,A73,4,A92,A101,2,A123,21,A143,A152,1,A173,1,A191,A201,1,0,1,4886.0,KENYA
A14,48,A34,A41,2537.0,A65,A74,2,A93,A101,1,A124,35,A143,A153,2,A173,1,A192,A201,1,0,1,54522.0,KENYA
A14,12,A32,A43,460.0,A61,A74,4,A93,A101,2,A123,31,A143,A151,2,A174,2,A192,A201,1,0,0,5235.0,KENYA
A14,6,A30,A43,116.0,A61,A75,4,A94,A101,4,A123,39,A143,A152,1,A172,1,A191,A201,1,0,1,2028.0,KENYA
A14,24,A32,A43,379.0,A61,A73,4,A94,A101,2,A122,28,A143,A152,1,A173,1,A191,A201,1,0,1,7015.0,KENYA
A11,28,A32,A40,965.0,A61,A73,3,A93,A101,2,A123,45,A143,A152,1,A172,1,A191,A201,2,1,1,14289.0,KENYA
A12,12,A33,A43,154.0,A61,A73,4,A94,A102,4,A121,20,A143,A151,2,A173,1,A191,A201,1,0,1,3645.0,KENYA
A14,24,A32,A41,1183.0,A65,A71,2,A92,A101,4,A122,26,A143,A151,1,A174,1,A192,A201,1,0,1,12205.0,KENYA
A11,20,A34,A40,480.0,A61,A73,4,A94,A103,2,A122,33,A141,A151,2,A173,1,A191,A202,2,1,0,7901.0,KENYA
A12,12,A32,A40,217.0,A62,A72,4,A92,A101,2,A122,23,A141,A152,1,A172,1,A191,A201,2,1,1,4805.0,KENYA
A11,6,A32,A40,155.0,A61,A72,3,A93,A101,4,A121,41,A143,A152,1,A172,2,A192,A201,1,0,0,2172.0,KENYA
A14,12,A33,A45,423.0,A64,A75,4,A93,A101,4,A124,55,A143,A153,2,A173,2,A191,A201,2,1,0,5051.0,KENYA
A12,6,A32,A45,117.0,A61,A72,3,A94,A101,1,A122,22,A143,A152,1,A172,1,A191,A201,1,0,1,2148.0,KENYA
A13,12,A32,A42,314.0,A65,A75,3,A92,A101,4,A121,55,A143,A152,1,A174,1,A192,A201,1,1,1,3454.0,KENYA
A12,48,A32,A43,875.0,A65,A74,4,A93,A101,1,A123,41,A143,A152,2,A173,2,A192,A201,1,0,0,20319.0,KENYA
A11,30,A32,A43,693.0,A61,A75,1,A93,A103,3,A122,39,A143,A152,1,A173,2,A191,A201,1,0,0,12840.0,KENYA
A11,9,A32,A42,489.0,A61,A73,3,A93,A101,2,A121,25,A143,A152,1,A173,1,A191,A201,1,0,1,11392.0,KENYA
A12,18,A34,A49,433.0,A65,A73,4,A94,A101,4,A121,28,A141,A152,2,A173,1,A191,A201,1,0,1,6866.0,KENYA
A14,15,A34,A42,608.0,A61,A74,2,A92,A102,3,A123,24,A141,A152,2,A173,1,A191,A201,1,0,0,8747.0,KENYA
A11,24,A31,A40,336.0,A61,A71,1,A92,A102,4,A124,29,A143,A151,2,A171,1,A191,A201,2,1,0,8709.0,KENYA
A14,24,A32,A43,879.0,A63,A75,3,A91,A101,2,A123,26,A143,A152,1,A174,1,A192,A201,1,0,0,21084.0,KENYA
A12,30,A31,A42,786.0,A64,A73,4,A93,A101,2,A123,34,A142,A152,1,A173,2,A192,A201,1,0,1,14539.0,KENYA
A12,9,A34,A42,419.0,A61,A74,4,A93,A101,3,A123,35,A143,A151,1,A173,1,A192,A201,1,0,1,9342.0,KENYA
A14,24,A32,A41,1786.0,A61,A74,3,A93,A101,3,A123,38,A143,A152,1,A174,1,A192,A201,1,0,1,43124.0,KENYA
A14,18,A30,A49,1068.0,A61,A73,2,A93,A101,2,A123,36,A142,A152,2,A173,2,A191,A201,2,1,1,21198.0,KENYA
A11,24,A32,A42,553.0,A62,A71,1,A91,A101,1,A122,33,A143,A152,1,A173,1,A191,A201,2,1,1,7070.0,KENYA
A11,24,A34,A40,270.0,A61,A75,4,A93,A101,4,A123,60,A143,A152,2,A172,1,A191,A201,2,1,0,3108.0,KENYA
A14,24,A32,A41,1310.0,A65,A71,2,A92,A101,4,A122,26,A143,A151,1,A174,1,A192,A201,1,0,1,28677.0,KENYA
A14,36,A32,A43,992.0,A61,A75,4,A93,A101,2,A123,28,A143,A152,1,A173,1,A191,A201,1,0,0,13457.0,KENYA
A11,24,A32,A41,1536.0,A61,A71,4,A93,A101,2,A124,29,A143,A153,1,A174,1,A192,A201,1,0,1,37062.0,KENYA
A13,24,A32,A43,279.0,A63,A73,3,A92,A101,3,A123,57,A143,A152,1,A172,1,A191,A201,1,0,0,3900.0,KENYA
A11,36,A34,A42,1534.0,A61,A72,4,A92,A102,4,A124,23,A143,A151,2,A172,1,A192,A201,2,1,0,29351.0,KENYA
A11,36,A34,A42,1577.0,A61,A72,4,A92,A102,4,A124,23,A143,A151,2,A172,1,A192,A201,2,1,0,34119.0,KENYA
A14,24,A34,A43,802.0,A62,A75,3,A93,A101,4,A121,36,A143,A152,1,A173,2,A192,A201,1,0,0,13961.0,KENYA
A11,47,A32,A40,2906.0,A61,A72,1,A92,A101,1,A121,35,A143,A152,1,A172,1,A192,A201,1,0,1,49108.0,KENYA
A14,48,A34,A41,640.0,A65,A75,4,A93,A101,3,A123,38,A143,A152,2,A173,2,A192,A201,1,0,1,14106.0,KENYA
A13,12,A34,A40,266.0,A63,A74,4,A94,A101,2,A121,28,A143,A152,3,A173,1,A192,A201,2,1,0,6631.0,KENYA
A11,24,A32,A40,1187.0,A61,A74,2,A93,A102,3,A122,31,A143,A152,1,A173,1,A192,A201,2,1,0,18128.0,KENYA
A14,24,A32,A42,1467.0,A62,A73,4,A93,A101,1,A123,25,A142,A152,1,A173,1,A191,A201,1,0,1,34204.0,KENYA
A14,18,A34,A43,618.0,A61,A73,2,A92,A101,1,A123,25,A143,A152,2,A173,1,A191,A201,1,0,1,7187.0,KENYA
A13,18,A32,A40,477.0,A61,A75,3,A92,A101,2,A123,23,A143,A152,1,A174,1,A191,A201,1,0,0,6680.0,KENYA
A14,7,A33,A43,226.0,A65,A75,3,A93,A101,4,A124,36,A143,A153,1,A173,1,A191,A201,1,0,1,2306.0,KENYA
A14,24,A34,A42,379.0,A61,A74,4,A93,A101,3,A122,40,A143,A152,2,A173,1,A191,A201,1,0,1,8263.0,KENYA
A11,12,A32,A42,455.0,A61,A73,2,A92,A102,3,A122,30,A143,A152,1,A173,1,A191,A201,1,0,0,6681.0,KENYA
A12,30,A33,A49,605.0,A62,A75,4,A93,A101,2,A122,41,A142,A152,2,A173,1,A191,A201,1,0,1,11846.0,KENYA
A12,12,A32,A41,551.0,A65,A73,4,A93,A101,2,A123,30,A143,A152,1,A173,1,A191,A201,1,0,1,6439.0,KENYA
A14,24,A32,A43,831.0,A65,A72,4,A93,A101,2,A123,25,A143,A152,2,A173,1,A191,A201,1,0,1,16007.0,KENYA
A11,18,A32,A43,596.0,A61,A72,4,A92,A101,1,A123,27,A142,A152,1,A173,1,A191,A201,1,1,1,7349.0,KENYA
A14,15,A32,A44,224.0,A65,A72,4,A92,A101,1,A121,24,A143,A152,1,A173,1,A191,A201,1,0,0,4142.0,KENYA
A14,24,A34,A40,318.0,A64,A75,4,A92,A101,4,A121,37,A143,A152,2,A173,1,A192,A201,1,0,1,8126.0,KENYA
A12,15,A31,A40,323.0,A62,A73,2,A94,A101,2,A122,25,A143,A151,1,A173,1,A191,A201,2,1,0,6827.0,KENYA
A12,9,A32,A40,62.0,A61,A73,4,A94,A101,4,A121,22,A143,A151,1,A172,1,A191,A201,1,0,0,863.0,KENYA
A14,12,A34,A40,264.0,A61,A71,1,A92,A101,2,A122,38,A143,A152,1,A171,1,A191,A201,1,0,0,5428.0,KENYA
A11,48,A32,A49,981.0,A61,A72,3,A92,A101,4,A122,24,A143,A151,1,A173,1,A191,A201,2,1,1,16858.0,KENYA
A11,12,A32,A40,192.0,A61,A74,4,A93,A101,2,A121,26,A143,A152,1,A173,1,A191,A201,2,1,0,2743.0,KENYA
A12,24,A34,A43,399.0,A61,A75,4,A93,A101,2,A122,48,A143,A152,2,A172,1,A191,A201,1,0,0,7673.0,KENYA
A12,12,A32,A43,274.0,A61,A73,4,A92,A103,4,A121,49,A143,A152,2,A173,1,A192,A201,1,0,1,4909.0,KENYA
A14,10,A32,A40,349.0,A62,A73,3,A93,A101,2,A121,35,A143,A151,1,A172,1,A191,A202,1,0,0,4300.0,KENYA
A11,30,A32,A42,947.0,A64,A75,4,A92,A101,4,A122,57,A143,A151,2,A173,1,A192,A201,1,0,1,16412.0,KENYA
A14,48,A32,A49,1387.0,A61,A71,3,A93,A101,2,A123,33,A141,A151,1,A174,1,A192,A201,2,1,0,29794.0,KENYA
A14,12,A34,A43,177.0,A65,A75,4,A92,A101,3,A122,33,A141,A152,1,A172,2,A191,A201,2,1,1,3900.0,KENYA
A11,36,A34,A46,2274.0,A61,A73,3,A92,A101,2,A124,25,A143,A152,2,A174,1,A192,A201,2,1,1,52829.0,KENYA
A14,33,A33,A49,721.0,A61,A73,2,A92,A101,2,A123,26,A143,A152,2,A173,1,A192,A201,1,0,1,17708.0,KENYA
A14,6,A31,A43,491.0,A63,A75,2,A93,A101,4,A122,45,A141,A152,1,A172,2,A191,A201,1,0,1,7126.0,KENYA
A11,36,A32,A42,1253.0,A61,A74,4,A93,A101,2,A122,29,A143,A152,1,A173,1,A191,A201,2,1,0,26180.0,KENYA
A14,24,A34,A43,518.0,A62,A75,4,A93,A101,4,A122,52,A141,A152,2,A173,1,A191,A201,1,0,0,11102.0,KENYA
A11,24,A32,A41,784.0,A65,A75,4,A93,A101,4,A124,49,A141,A153,1,A173,2,A192,A201,1,0,0,12693.0,KENYA
A12,24,A32,A43,686.0,A62,A72,3,A94,A101,2,A123,22,A143,A151,1,A173,1,A192,A201,2,1,1,16382.0,KENYA
A13,21,A34,A46,627.0,A61,A72,2,A91,A101,1,A123,33,A143,A151,1,A173,1,A191,A201,2,1,1,14895.0,KENYA
A14,48,A34,A40,2350.0,A63,A73,2,A93,A101,2,A124,44,A141,A153,1,A173,1,A191,A201,2,1,0,40832.0,KENYA
A12,54,A30,A49,4404.0,A61,A72,3,A93,A101,4,A124,58,A143,A151,1,A173,1,A192,A201,2,1,1,49928.0,KENYA
A14,12,A32,A40,471.0,A61,A75,4,A93,A101,4,A123,39,A143,A152,1,A174,1,A192,A201,1,0,0,5232.0,KENYA
A11,24,A32,A43,427.0,A61,A75,4,A92,A101,4,A123,55,A143,A152,1,A173,1,A191,A201,1,0,1,10501.0,KENYA
A12,6,A32,A43,267.0,A61,A75,4,A93,A101,4,A123,28,A143,A152,1,A173,2,A191,A201,1,0,1,3025.0,KENYA
A14,36,A30,A45,666.0,A61,A73,4,A93,A101,2,A123,27,A143,A152,2,A173,1,A191,A201,1,0,0,12832.0,KENYA
A12,12,A34,A43,1016.0,A61,A73,1,A92,A101,1,A121,23,A143,A152,1,A172,1,A191,A201,1,0,0,15045.0,KENYA
A11,12,A32,A41,920.0,A61,A75,3,A93,A101,4,A124,35,A143,A153,1,A173,1,A192,A201,2,1,1,16718.0,KENYA
A11,6,A34,A42,878.0,A61,A73,1,A91,A101,4,A121,44,A143,A151,1,A174,1,A192,A201,2,1,0,8840.0,KENYA
A13,15,A34,A43,312.0,A65,A73,3,A93,A101,4,A124,39,A143,A153,2,A173,1,A192,A201,2,1,1,3371.0,KENYA
A13,21,A32,A40,814.0,A62,A73,1,A92,A101,1,A123,28,A141,A152,1,A174,1,A192,A201,1,0,1,19484.0,KENYA
A13,18,A32,A42,826.0,A61,A72,1,A92,A101,1,A122,45,A142,A152,1,A172,1,A191,A201,1,0,0,11173.0,KENYA
A11,36,A31,A42,752.0,A61,A75,4,A93,A101,4,A123,31,A141,A152,1,A173,1,A191,A201,2,1,0,7980.0,KENYA
A11,36,A32,A40,2303.0,A61,A74,2,A93,A101,1,A123,24,A143,A152,1,A173,1,A192,A201,2,1,1,27339.0,KENYA
A12,30,A34,A40,939.0,A61,A71,4,A94,A101,2,A123,28,A143,A152,2,A174,1,A191,A201,2,1,0,24400.0,KENYA
A11,18,A32,A42,574.0,A61,A71,4,A93,A101,1,A123,25,A143,A152,1,A171,1,A191,A201,2,1,0,14622.0,KENYA
A13,24,A32,A40,213.0,A61,A74,4,A93,A101,3,A124,38,A141,A153,1,A173,2,A191,A201,2,1,0,4171.0,KENYA
A12,27,A32,A49,1008.0,A61,A73,4,A93,A101,2,A123,36,A143,A152,1,A173,2,A192,A201,2,1,0,13065.0,KENYA
A12,48,A32,A40,1471.0,A62,A74,3,A93,A101,2,A122,24,A143,A152,1,A173,1,A191,A201,2,1,0,20423.0,KENYA
A11,9,A32,A40,304.0,A61,A72,3,A93,A101,2,A124,27,A143,A153,1,A174,1,A192,A201,2,1,0,4302.0,KENYA
A12,36,A33,A40,1883.0,A61,A73,2,A92,A101,2,A122,54,A143,A151,1,A173,1,A191,A201,1,0,0,22341.0,KENYA
A12,30,A32,A42,903.0,A62,A73,2,A92,A102,4,A123,21,A143,A151,1,A173,1,A191,A201,2,1,0,11686.0,KENYA
A14,6,A34,A43,370.0,A61,A75,2,A94,A101,2,A121,30,A143,A151,2,A173,1,A191,A201,1,0,0,6309.0,KENYA
A13,24,A32,A42,939.0,A61,A72,2,A92,A101,4,A123,26,A143,A152,1,A173,1,A191,A201,1,0,1,14541.0,KENYA
A14,48,A31,A49,1008.0,A61,A73,1,A92,A101,1,A121,27,A142,A152,1,A173,1,A191,A201,1,0,0,24761.0,KENYA
A14,36,A33,A42,2176.0,A63,A74,2,A92,A101,4,A123,40,A143,A152,2,A173,1,A192,A201,1,0,1,25300.0,KENYA
A11,12,A30,A45,308.0,A61,A74,4,A93,A101,3,A121,28,A143,A152,2,A173,1,A191,A201,2,1,0,6177.0,KENYA
A12,36,A30,A43,1079.0,A61,A73,4,A92,A101,1,A123,42,A143,A152,1,A173,1,A192,A201,2,1,0,26550.0,KENYA
A11,20,A34,A40,516.0,A61,A73,4,A94,A103,2,A122,33,A141,A151,2,A173,1,A191,A202,2,1,1,11024.0,KENYA
A14,10,A32,A40,304.0,A65,A73,4,A93,A103,4,A122,27,A143,A152,1,A172,1,A191,A201,2,1,1,5460.0,KENYA
A11,36,A32,A40,2404.0,A61,A74,2,A93,A101,1,A123,24,A143,A152,1,A173,1,A192,A201,2,1,0,56405.0,KENYA
A11,6,A32,A40,302.0,A65,A71,4,A92,A101,3,A122,75,A143,A152,1,A174,1,A192,A201,1,1,1,6119.0,KENYA
A12,18,A34,A42,440.0,A61,A72,2,A93,A101,2,A121,31,A143,A152,2,A172,1,A191,A201,2,1,1,4750.0,KENYA
A12,18,A33,A45,1622.0,A61,A73,2,A93,A101,4,A121,44,A143,A152,1,A172,2,A192,A201,1,0,0,32635.0,KENYA
A12,9,A32,A42,218.0,A61,A73,4,A92,A101,1,A122,30,A143,A152,1,A173,1,A191,A201,2,1,0,5052.0,KENYA
A11,24,A32,A42,2177.0,A65,A72,1,A92,A101,2,A122,30,A143,A152,1,A173,1,A192,A202,1,0,1,53732.0,KENYA
A14,21,A32,A42,594.0,A61,A75,4,A93,A101,2,A121,50,A143,A152,2,A173,1,A191,A201,1,0,1,10538.0,KENYA
A14,18,A32,A42,577.0,A61,A73,3,A93,A101,4,A121,43,A143,A152,1,A173,1,A192,A201,1,0,0,6575.0,KENYA
A12,27,A33,A41,1418.0,A61,A75,1,A93,A101,2,A123,30,A143,A152,2,A174,1,A192,A201,1,0,0,35728.0,KENYA
A12,12,A34,A43,908.0,A61,A73,1,A92,A101,1,A121,23,A143,A152,1,A172,1,A191,A201,1,0,1,21121.0,KENYA
A14,10,A32,A46,202.0,A63,A75,4,A93,A101,4,A124,46,A143,A153,1,A173,1,A192,A201,1,0,1,2611.0,KENYA
A11,14,A32,A40,1008.0,A61,A71,1,A93,A101,4,A124,22,A143,A153,1,A173,1,A191,A201,1,0,0,15974.0,KENYA
A13,15,A32,A49,765.0,A61,A74,2,A93,A101,4,A122,26,A143,A151,1,A173,1,A192,A201,1,0,0,11892.0,KENYA
A12,15,A32,A40,720.0,A62,A73,2,A92,A101,4,A123,28,A143,A151,2,A173,1,A192,A201,2,1,0,8943.0,KENYA
A11,11,A34,A40,859.0,A61,A73,1,A93,A101,2,A121,40,A143,A152,2,A172,2,A191,A201,1,0,0,20838.0,KENYA
A11,15,A32,A42,526.0,A61,A72,4,A92,A103,1,A122,46,A143,A151,1,A173,1,A191,A201,1,0,0,10334.0,KENYA
A11,18,A34,A43,520.0,A61,A74,4,A94,A101,1,A122,32,A143,A152,2,A174,1,A192,A201,1,0,0,12512.0,KENYA
A12,12,A32,A48,176.0,A65,A75,4,A93,A101,4,A122,38,A143,A152,2,A173,1,A191,A201,1,0,1,3114.0,KENYA
A11,6,A34,A43,427.0,A61,A74,1,A92,A101,4,A123,31,A143,A152,1,A173,1,A191,A201,1,0,1,5222.0,KENYA
A14,9,A34,A46,240.0,A63,A75,4,A93,A101,2,A123,52,A143,A152,2,A173,1,A192,A201,1,0,0,2481.0,KENYA
A14,60,A34,A40,3145.0,A65,A75,2,A93,A101,4,A124,63,A141,A153,1,A174,1,A192,A201,1,0,1,76392.0,KENYA
A14,12,A32,A43,661.0,A64,A74,2,A91,A101,4,A121,61,A143,A152,1,A172,1,A191,A201,1,0,0,13333.0,KENYA
A11,12,A32,A43,180.0,A62,A72,4,A94,A101,3,A124,33,A143,A152,1,A172,1,A192,A201,2,1,1,2202.0,KENYA
A11,12,A32,A42,954.0,A61,A73,2,A93,A102,2,A122,29,A143,A152,1,A172,2,A191,A201,1,0,0,17923.0,KENYA
A11,36,A32,A40,701.0,A61,A74,2,A93,A101,4,A124,39,A141,A153,1,A174,2,A192,A201,1,0,0,10662.0,KENYA
A12,24,A32,A40,798.0,A62,A74,2,A93,A101,3,A123,38,A141,A152,2,A173,1,A192,A201,1,0,0,14463.0,KENYA
A14,21,A34,A40,3543.0,A65,A75,4,A93,A101,4,A124,30,A143,A153,1,A174,1,A192,A201,2,1,1,73928.0,KENYA
A14,6,A32,A42,1316.0,A61,A72,1,A92,A101,4,A122,32,A143,A152,1,A173,1,A191,A201,2,1,1,24939.0,KENYA
A11,24,A32,A43,436.0,A61,A72,4,A91,A101,3,A122,32,A143,A152,1,A173,1,A191,A201,2,1,0,10524.0,KENYA
A12,12,A32,A40,1728.0,A65,A71,1,A92,A101,2,A121,24,A143,A151,1,A171,1,A191,A201,1,0,0,38021.0,KENYA
A14,12,A34,A46,467.0,A61,A74,2,A93,A101,3,A121,49,A143,A152,1,A172,2,A191,A201,1,0,0,7387.0,KENYA
A14,24,A34,A40,301.0,A64,A75,4,A92,A101,4,A121,37,A143,A152,2,A173,1,A192,A201,1,0,0,3747.0,KENYA
A14,12,A34,A40,163.0,A62,A74,4,A92,A101,3,A123,51,A143,A152,2,A173,1,A192,A201,1,0,0,3158.0,KENYA
A12,18,A32,A42,815.0,A61,A74,2,A92,A101,4,A121,40,A143,A151,1,A173,1,A191,A201,1,0,0,10432.0,KENYA
A14,24,A33,A49,602.0,A63,A73,4,A93,A101,2,A123,44,A143,A152,2,A173,2,A192,A201,1,0,1,9441.0,KENYA
A12,9,A34,A46,308.0,A64,A75,4,A93,A101,3,A124,32,A143,A153,2,A173,2,A191,A201,2,1,1,5779.0,KENYA
A14,6,A32,A43,477.0,A61,A74,2,A94,A101,2,A121,29,A143,A151,1,A173,1,A191,A201,1,0,0,12162.0,KENYA
A14,30,A34,A43,1293.0,A61,A74,4,A92,A101,4,A123,26,A143,A151,1,A174,1,A192,A201,1,0,0,18519.0,KENYA
A14,6,A32,A46,393.0,A61,A72,1,A92,A101,2,A124,56,A143,A152,1,A173,1,A191,A201,1,0,1,7907.0,KENYA
A14,24,A33,A49,641.0,A65,A73,4,A93,A101,4,A121,32,A143,A152,2,A173,2,A192,A201,1,0,1,8248.0,KENYA
A12,18,A33,A42,972.0,A61,A75,4,A91,A101,3,A124,40,A143,A152,1,A174,1,A192,A201,2,1,0,25008.0,KENYA
A14,30,A34,A43,1504.0,A65,A74,2,A93,A101,3,A122,36,A143,A152,2,A173,1,A191,A201,1,0,1,34628.0,KENYA
A11,12,A32,A43,168.0,A61,A73,4,A94,A101,2,A121,40,A143,A152,1,A172,1,A191,A201,1,0,0,4315.0,KENYA
A11,24,A31,A49,733.0,A61,A73,4,A93,A101,2,A122,31,A143,A151,1,A173,1,A192,A201,2,1,0,9804.0,KENYA
A11,9,A32,A40,140.0,A61,A73,4,A93,A101,3,A123,28,A143,A152,1,A172,1,A191,A201,2,1,0,2715.0,KENYA
A11,12,A32,A40,301.0,A61,A74,2,A91,A101,3,A123,36,A143,A152,1,A173,1,A191,A201,2,1,0,6384.0,KENYA
A14,48,A32,A49,1243.0,A61,A71,3,A93,A101,2,A123,33,A141,A151,1,A174,1,A192,A201,2,1,1,15470.0,KENYA
A12,18,A34,A42,795.0,A61,A75,3,A92,A101,4,A122,37,A143,A152,1,A173,1,A192,A201,1,0,0,14360.0,KENYA
A12,21,A32,A49,275.0,A61,A75,2,A92,A101,4,A122,39,A143,A152,1,A173,2,A191,A201,2,1,0,4947.0,KENYA
A14,48,A34,A40,2656.0,A63,A73,2,A93,A101,2,A124,44,A141,A153,1,A173,1,A191,A201,2,1,0,64610.0,KENYA
A12,18,A32,A49,570.0,A62,A73,4,A93,A101,4,A123,34,A143,A152,1,A173,1,A191,A201,1,0,0,13910.0,KENYA
A11,36,A32,A42,966.0,A61,A75,4,A93,A101,2,A123,42,A143,A152,1,A173,2,A191,A201,2,1,0,25051.0,KENYA
A14,60,A34,A40,3946.0,A65,A75,2,A93,A101,4,A124,63,A141,A153,1,A174,1,A192,A201,1,0,1,55419.0,KENYA
A12,11,A33,A43,1208.0,A61,A74,2,A93,A101,4,A122,51,A143,A152,1,A173,1,A191,A201,1,0,0,21046.0,KENYA
A11,60,A33,A49,1878.0,A61,A75,3,A93,A101,4,A124,63,A143,A152,2,A173,1,A192,A201,2,1,0,32121.0,KENYA
A14,12,A32,A46,194.0,A61,A75,4,A93,A101,4,A123,41,A141,A152,1,A172,2,A191,A201,2,1,1,3411.0,KENYA
A14,18,A32,A43,322.0,A61,A72,3,A92,A101,1,A121,26,A143,A152,1,A173,1,A191,A201,1,0,0,8033.0,KENYA
A14,6,A30,A43,110.0,A61,A75,4,A94,A101,4,A123,39,A143,A152,1,A172,1,A191,A201,1,0,0,2482.0,KENYA
A14,21,A34,A40,3347.0,A65,A75,4,A93,A101,4,A124,30,A143,A153,1,A174,1,A192,A201,2,1,1,35522.0,KENYA
A14,60,A34,A40,3492.0,A65,A75,2,A93,A101,4,A124,63,A141,A153,1,A174,1,A192,A201,1,0,0,36492.0,KENYA
A14,18,A34,A46,465.0,A62,A73,4,A92,A101,2,A121,30,A143,A152,2,A173,1,A191,A201,2,1,0,12085.0,KENYA
A14,6,A34,A43,382.0,A61,A75,2,A94,A101,2,A121,30,A143,A151,2,A173,1,A191,A201,1,0,1,8704.0,KENYA
A11,18,A32,A42,601.0,A64,A73,4,A93,A101,2,A123,28,A143,A152,1,A173,1,A191,A201,1,0,0,9395.0,KENYA
A11,12,A32,A40,521.0,A61,A73,4,A92,A103,4,A122,29,A143,A152,1,A173,1,A192,A201,1,0,0,6471.0,KENYA
A13,12,A32,A42,359.0,A65,A75,3,A92,A101,4,A121,55,A143,A152,1,A174,1,A192,A201,1,0,1,8484.0,KENYA
A14,12,A32,A43,471.0,A61,A74,4,A93,A101,2,A123,31,A143,A151,2,A174,2,A192,A201,1,0,0,7785.0,KENYA
A12,48,A30,A40,1960.0,A63,A72,1,A92,A101,1,A123,30,A143,A152,2,A173,1,A191,A201,1,0,1,50576.0,KENYA
A12,15,A31,A40,321.0,A62,A73,2,A94,A101,2,A122,25,A143,A151,1,A173,1,A191,A201,2,1,0,5153.0,KENYA
A11,27,A32,A43,914.0,A61,A73,3,A93,A101,2,A123,27,A143,A152,1,A174,1,A191,A201,1,0,1,13829.0,KENYA
A11,15,A32,A44,277.0,A65,A73,4,A92,A101,2,A123,24,A143,A151,1,A173,1,A191,A201,2,1,0,5094.0,KENYA
A14,36,A34,A41,2831.0,A65,A75,2,A93,A101,4,A124,42,A143,A153,2,A173,1,A191,A201,1,0,0,60113.0,KENYA
A14,60,A32,A40,2747.0,A61,A75,2,A93,A101,4,A122,42,A143,A152,1,A174,1,A192,A201,1,0,0,42832.0,KENYA
A12,12,A33,A43,128.0,A61,A73,4,A94,A102,4,A121,20,A143,A151,2,A173,1,A191,A201,1,0,0,2225.0,KENYA
A12,9,A32,A40,811.0,A65,A73,1,A92,A101,2,A121,33,A143,A152,1,A172,1,A191,A201,1,0,0,13959.0,KENYA
A14,6,A34,A40,80.0,A62,A73,4,A92,A101,4,A123,52,A143,A152,2,A172,1,A191,A201,1,0,1,980.0,KENYA
A12,54,A30,A49,4166.0,A61,A72,3,A93,A101,4,A124,58,A143,A151,1,A173,1,A192,A201,2,1,0,72272.0,KENYA
A12,24,A33,A49,1863.0,A62,A74,4,A93,A101,4,A123,36,A143,A151,1,A174,1,A192,A201,1,0,1,28800.0,KENYA
A11,30,A34,A41,2355.0,A61,A75,3,A93,A101,4,A124,38,A143,A153,3,A174,2,A192,A201,1,0,1,61051.0,KENYA
A14,21,A32,A41,641.0,A65,A75,4,A93,A101,4,A121,46,A143,A152,1,A174,1,A192,A201,1,0,0,14756.0,KENYA
A14,24,A34,A49,1022.0,A61,A73,3,A93,A101,2,A121,74,A143,A152,1,A174,1,A192,A201,1,0,1,13455.0,KENYA
A11,40,A34,A46,1578.0,A61,A73,4,A93,A101,3,A124,27,A141,A152,1,A173,1,A192,A201,2,1,0,17011.0,KENYA
A12,39,A34,A43,1407.0,A61,A74,2,A93,A103,2,A121,25,A143,A152,2,A173,1,A191,A201,2,1,1,16890.0,KENYA
A11,24,A32,A42,536.0,A62,A71,1,A91,A101,1,A122,33,A143,A152,1,A173,1,A191,A201,2,1,1,13500.0,KENYA
A11,12,A32,A40,898.0,A64,A73,1,A93,A101,3,A122,31,A143,A152,1,A173,2,A191,A201,1,0,1,12070.0,KENYA
A11,24,A32,A40,361.0,A61,A74,4,A92,A101,4,A123,23,A143,A151,2,A173,1,A191,A201,2,1,0,6866.0,KENYA
A14,6,A32,A41,282.0,A63,A73,2,A93,A101,4,A122,50,A143,A151,1,A173,1,A191,A201,1,0,0,7120.0,KENYA
A14,9,A34,A40,342.0,A61,A73,3,A93,A101,1,A121,30,A143,A152,2,A173,1,A191,A201,1,0,0,4568.0,KENYA
A12,48,A33,A49,1466.0,A65,A73,4,A93,A101,4,A124,38,A143,A153,1,A173,2,A192,A201,1,1,1,28705.0,KENYA
A14,6,A32,A41,264.0,A63,A73,2,A93,A101,4,A122,50,A143,A151,1,A173,1,A191,A201,1,0,0,3354.0,KENYA
A14,24,A32,A41,742.0,A61,A75,4,A93,A101,4,A123,35,A143,A152,1,A174,1,A192,A201,1,0,0,7873.0,KENYA
A13,12,A33,A40,565.0,A61,A73,2,A92,A101,2,A123,36,A142,A152,2,A173,1,A192,A201,1,0,1,7410.0,KENYA
A14,48,A31,A49,782.0,A61,A73,1,A92,A101,1,A121,27,A142,A152,1,A173,1,A191,A201,1,0,0,16145.0,KENYA
A11,36,A34,A41,2216.0,A61,A74,4,A93,A101,4,A123,24,A143,A152,2,A173,1,A192,A201,2,1,1,47565.0,KENYA
A14,36,A32,A41,1751.0,A61,A73,1,A92,A101,2,A122,30,A141,A152,1,A173,1,A191,A201,1,0,0,38462.0,KENYA
A12,10,A32,A40,1852.0,A61,A71,2,A93,A101,4,A124,70,A141,A153,1,A174,1,A192,A201,1,0,0,42810.0,KENYA
A13,12,A32,A42,371.0,A65,A75,3,A92,A101,4,A121,55,A143,A152,1,A174,1,A192,A201,1,0,1,6193.0,KENYA
A14,36,A32,A49,1670.0,A65,A75,3,A93,A101,2,A122,37,A143,A152,2,A173,1,A191,A201,1,0,1,20440.0,KENYA
A14,12,A32,A43,495.0,A61,A74,4,A93,A101,2,A123,31,A143,A151,2,A174,2,A192,A201,1,0,0,11669.0,KENYA
A13,21,A34,A46,520.0,A61,A72,2,A91,A101,1,A123,33,A143,A151,1,A173,1,A191,A201,2,1,0,12071.0,KENYA
A14,13,A32,A43,344.0,A62,A71,2,A92,A101,4,A121,64,A143,A152,1,A173,1,A191,A201,1,0,0,4145.0,KENYA
A13,12,A33,A40,557.0,A61,A73,2,A92,A101,2,A123,36,A142,A152,2,A173,1,A192,A201,1,0,0,13369.0,KENYA
A14,12,A33,A41,423.0,A61,A73,4,A94,A101,4,A121,41,A143,A151,1,A173,1,A191,A201,1,0,1,6487.0,KENYA
A11,6,A32,A40,267.0,A62,A75,3,A93,A101,2,A122,43,A143,A152,1,A173,1,A192,A201,1,0,0,6363.0,KENYA
A14,10,A32,A41,657.0,A65,A72,1,A92,A101,4,A121,31,A143,A151,1,A173,1,A191,A201,1,0,0,14808.0,KENYA
A11,24,A31,A49,684.0,A61,A73,4,A93,A101,2,A122,31,A143,A151,1,A173,1,A192,A201,2,1,1,9186.0,KENYA
A14,18,A32,A43,100.0,A61,A71,3,A92,A102,4,A121,22,A143,A151,1,A173,1,A191,A201,2,1,0,1904.0,KENYA
A11,18,A31,A42,418.0,A61,A73,4,A93,A101,3,A123,44,A141,A152,1,A173,1,A191,A201,2,1,1,10273.0,KENYA
A12,12,A32,A43,368.0,A61,A72,1,A94,A101,1,A121,23,A143,A151,1,A173,1,A191,A201,2,1,0,7887.0,KENYA
A11,15,A34,A42,339.0,A61,A73,4,A92,A101,3,A122,25,A143,A151,2,A173,1,A191,A201,1,0,0,6369.0,KENYA
A14,12,A34,A43,258.0,A65,A75,4,A93,A101,4,A123,35,A143,A152,2,A173,1,A191,A201,1,0,0,5798.0,KENYA
A14,36,A32,A42,2911.0,A61,A71,4,A92,A101,2,A123,26,A143,A152,2,A174,1,A192,A201,2,1,0,49581.0,KENYA
A11,36,A34,A46,2191.0,A61,A73,3,A92,A101,2,A124,25,A143,A152,2,A174,1,A192,A201,2,1,1,44594.0,KENYA
A12,26,A32,A41,2002.0,A61,A72,2,A93,A101,3,A123,30,A143,A152,2,A173,1,A191,A201,1,0,1,30564.0,KENYA
A14,12,A34,A42,1609.0,A65,A75,2,A93,A101,4,A122,49,A143,A151,1,A173,1,A192,A201,1,0,1,21333.0,KENYA
A14,18,A34,A43,575.0,A61,A73,2,A92,A101,1,A123,25,A143,A152,2,A173,1,A191,A201,1,0,0,6707.0,KENYA
A14,6,A31,A43,460.0,A63,A75,2,A93,A101,4,A122,45,A141,A152,1,A172,2,A191,A201,1,0,1,10513.0,KENYA
A12,18,A34,A43,357.0,A61,A73,4,A94,A101,2,A123,33,A143,A152,1,A173,1,A191,A201,2,1,0,3957.0,KENYA
A12,24,A33,A49,1009.0,A65,A73,4,A93,A101,2,A122,37,A141,A152,2,A174,1,A192,A201,1,0,1,10330.0,KENYA
A14,24,A32,A41,681.0,A64,A73,2,A92,A101,4,A123,28,A143,A151,1,A173,1,A192,A201,1,0,0,15804.0,KENYA
A12,24,A34,A49,489.0,A61,A75,4,A91,A101,4,A121,31,A143,A152,2,A173,1,A192,A201,2,1,1,10460.0,KENYA
A11,12,A32,A43,157.0,A61,A73,4,A94,A101,2,A121,40,A143,A152,1,A172,1,A191,A201,1,0,0,2967.0,KENYA
A11,6,A34,A40,819.0,A61,A73,1,A93,A101,3,A121,37,A143,A151,3,A173,2,A191,A201,1,0,0,19911.0,KENYA
A12,24,A34,A42,1108.0,A61,A72,2,A92,A101,4,A123,25,A141,A152,1,A172,1,A191,A201,2,1,0,23905.0,KENYA
A11,21,A33,A46,981.0,A61,A72,2,A93,A101,1,A122,26,A143,A152,2,A173,1,A191,A201,2,1,1,20210.0,KENYA
A12,9,A32,A42,216.0,A61,A73,4,A92,A101,1,A122,30,A143,A152,1,A173,1,A191,A201,2,1,0,4484.0,KENYA
A12,15,A34,A49,580.0,A63,A73,2,A93,A101,4,A123,27,A141,A152,1,A173,1,A191,A201,1,0,0,9842.0,KENYA
A12,18,A30,A42,898.0,A61,A73,1,A92,A101,4,A123,33,A141,A152,2,A173,1,A192,A201,1,0,0,11224.0,KENYA
A13,24,A32,A40,209.0,A61,A74,4,A93,A101,3,A124,38,A141,A153,1,A173,2,A191,A201,2,1,1,4570.0,KENYA
A14,10,A32,A41,618.0,A65,A72,1,A92,A101,4,A121,31,A143,A151,1,A173,1,A191,A201,1,0,0,11060.0,KENYA
A12,48,A32,A49,3434.0,A61,A73,2,A93,A101,2,A123,23,A143,A152,1,A173,1,A192,A201,2,1,0,65187.0,KENYA
A12,6,A33,A40,310.0,A61,A71,4,A93,A101,4,A122,47,A143,A152,1,A174,1,A192,A201,2,1,0,6072.0,KENYA
A14,12,A34,A42,405.0,A64,A74,3,A92,A101,2,A122,35,A143,A152,1,A173,1,A191,A202,1,0,1,7991.0,KENYA
A13,9,A30,A43,355.0,A61,A72,4,A93,A101,2,A123,34,A143,A152,2,A174,1,A192,A201,2,1,0,7430.0,KENYA
A12,7,A32,A43,610.0,A61,A73,2,A93,A103,2,A121,35,A143,A152,1,A173,1,A191,A201,1,0,0,10316.0,KENYA
A13,24,A32,A42,543.0,A61,A73,2,A93,A101,2,A121,26,A143,A152,1,A173,1,A191,A201,1,0,0,6871.0,KENYA
A13,15,A32,A46,102.0,A61,A72,4,A92,A101,4,A122,23,A143,A151,1,A173,1,A192,A201,1,0,1,1113.0,KENYA
A13,12,A32,A43,876.0,A65,A75,2,A93,A101,3,A123,37,A143,A152,1,A174,1,A191,A201,1,0,0,20489.0,KENYA
A11,36,A32,A42,641.0,A61,A75,2,A93,A101,2,A122,41,A141,A152,1,A173,2,A191,A201,2,1,0,9995.0,KENYA
A14,24,A32,A40,968.0,A61,A75,4,A92,A102,4,A124,62,A143,A153,1,A173,1,A192,A201,1,0,0,24559.0,KENYA
A14,24,A32,A41,1886.0,A61,A74,3,A93,A101,3,A123,38,A143,A152,1,A174,1,A192,A201,1,0,1,31403.0,KENYA
A11,24,A34,A43,287.0,A64,A75,4,A92,A101,4,A122,57,A143,A151,2,A174,1,A192,A201,1,0,1,6304.0,KENYA
A13,12,A32,A40,372.0,A61,A72,4,A93,A101,1,A121,26,A143,A152,1,A173,1,A191,A201,1,0,1,5431.0,KENYA
A12,12,A34,A41,531.0,A61,A71,4,A93,A101,2,A123,34,A143,A152,2,A174,1,A192,A201,1,0,1,9664.0,KENYA
A13,15,A32,A46,102.0,A61,A72,4,A92,A101,4,A122,23,A143,A151,1,A173,1,A192,A201,1,0,1,1119.0,KENYA
A11,36,A34,A42,1162.0,A61,A73,3,A93,A103,2,A122,28,A143,A152,2,A173,1,A191,A201,1,0,0,28190.0,KENYA
A13,12,A32,A42,340.0,A61,A72,4,A92,A101,1,A122,33,A141,A152,1,A174,1,A192,A201,1,0,1,4838.0,KENYA
A11,36,A32,A40,410.0,A61,A72,4,A92,A101,4,A123,34,A143,A152,1,A173,1,A192,A201,2,1,0,8700.0,KENYA
A12,36,A32,A46,1029.0,A65,A73,2,A94,A101,2,A123,27,A143,A152,1,A173,1,A191,A201,1,0,1,21766.0,KENYA
A12,7,A32,A43,585.0,A61,A73,3,A93,A103,2,A121,34,A143,A152,1,A173,1,A191,A201,1,0,1,13466.0,KENYA
A14,60,A33,A43,3575.0,A61,A74,2,A93,A101,4,A123,21,A143,A152,2,A173,1,A192,A201,1,0,0,62143.0,KENYA
A12,24,A32,A41,2852.0,A61,A73,1,A92,A101,4,A123,23,A143,A151,2,A174,1,A191,A201,2,1,0,70632.0,KENYA
A14,4,A32,A42,153.0,A61,A72,1,A92,A101,3,A121,23,A143,A151,1,A172,2,A191,A201,1,0,1,3278.0,KENYA
A11,27,A32,A43,799.0,A61,A73,3,A93,A101,2,A123,27,A143,A152,1,A174,1,A191,A201,1,0,0,11355.0,KENYA
A13,18,A32,A42,837.0,A61,A72,1,A92,A101,1,A122,45,A142,A152,1,A172,1,A191,A201,1,0,1,10852.0,KENYA
A14,12,A32,A49,273.0,A61,A73,2,A94,A101,2,A121,26,A143,A152,1,A173,1,A192,A202,1,0,0,4588.0,KENYA
A12,9,A34,A43,261.0,A61,A75,2,A93,A101,4,A121,37,A143,A152,3,A172,1,A191,A201,1,0,0,3849.0,KENYA
A11,24,A32,A41,826.0,A61,A74,2,A93,A101,1,A124,34,A143,A153,1,A174,1,A192,A201,1,0,0,20788.0,KENYA
A14,30,A34,A43,751.0,A61,A73,4,A92,A101,2,A123,33,A143,A152,1,A173,1,A192,A201,1,0,1,12786.0,KENYA
A11,12,A33,A40,377.0,A61,A73,4,A93,A101,2,A121,43,A143,A152,2,A172,2,A191,A201,1,0,0,7018.0,KENYA
A14,36,A32,A43,934.0,A65,A75,2,A92,A101,4,A121,45,A143,A152,1,A172,1,A192,A201,1,0,1,20070.0,KENYA
A11,24,A31,A40,598.0,A62,A74,2,A93,A101,3,A123,32,A141,A152,1,A173,1,A191,A201,1,0,1,6327.0,KENYA
A14,9,A32,A49,356.0,A61,A74,3,A92,A101,2,A123,27,A143,A152,2,A173,1,A191,A201,1,0,0,4702.0,KENYA
A12,9,A32,A43,231.0,A61,A75,4,A93,A101,4,A123,27,A143,A152,2,A172,1,A191,A201,1,0,0,3895.0,KENYA
A11,12,A34,A40,164.0,A61,A75,4,A93,A101,3,A122,35,A143,A152,2,A173,1,A191,A201,2,1,0,3074.0,KENYA
A11,12,A32,A48,217.0,A61,A74,4,A94,A101,4,A122,21,A143,A151,1,A173,1,A191,A201,2,1,1,5072.0,KENYA
A11,24,A32,A42,799.0,A61,A72,4,A92,A101,4,A121,23,A143,A151,1,A172,1,A192,A201,2,1,0,11383.0,KENYA
A12,24,A31,A46,467.0,A61,A74,4,A92,A101,4,A124,34,A141,A153,1,A172,1,A191,A201,2,1,0,7693.0,KENYA
A14,10,A34,A42,582.0,A65,A73,2,A94,A101,1,A123,26,A143,A152,2,A173,1,A191,A202,1,0,1,6775.0,KENYA
A12,9,A32,A40,416.0,A65,A72,4,A93,A101,2,A121,35,A143,A152,1,A171,1,A191,A201,1,0,1,4309.0,KENYA
A11,18,A32,A42,687.0,A61,A71,4,A93,A101,1,A123,25,A143,A152,1,A171,1,A191,A201,2,1,1,6915.0,KENYA
A12,9,A31,A41,1219.0,A61,A75,2,A92,A101,4,A124,74,A141,A153,1,A174,2,A192,A201,2,1,1,13373.0,KENYA
A11,24,A34,A41,1622.0,A61,A75,2,A92,A101,4,A124,44,A143,A153,2,A174,2,A192,A201,1,0,0,16257.0,KENYA
A11,6,A34,A40,214.0,A61,A75,1,A92,A101,4,A124,39,A143,A152,2,A173,1,A192,A201,1,0,0,2208.0,KENYA
A11,24,A33,A43,412.0,A61,A72,4,A92,A101,2,A123,29,A143,A151,1,A172,1,A192,A201,2,1,0,10413.0,KENYA
A13,15,A32,A46,495.0,A61,A75,4,A93,A101,4,A123,40,A143,A151,1,A174,1,A192,A201,1,0,0,11371.0,KENYA
A14,24,A32,A43,539.0,A61,A74,4,A93,A101,2,A123,28,A143,A152,1,A173,1,A192,A201,1,0,0,5737.0,KENYA
A11,24,A32,A42,1759.0,A65,A72,1,A92,A101,2,A122,30,A143,A152,1,A173,1,A192,A202,1,0,1,20383.0,KENYA
A11,36,A32,A42,1157.0,A61,A74,4,A93,A101,2,A122,29,A143,A152,1,A173,1,A191,A201,2,1,1,23858.0,KENYA
A14,24,A32,A43,275.0,A61,A75,4,A93,A101,1,A121,36,A143,A152,1,A174,1,A192,A201,1,0,1,6207.0,KENYA
A11,21,A34,A40,147.0,A61,A75,4,A93,A101,4,A121,65,A143,A152,2,A173,1,A191,A201,1,0,0,3705.0,KENYA
A14,6,A33,A49,444.0,A62,A73,1,A93,A101,2,A121,34,A143,A152,2,A172,1,A191,A201,1,0,0,7636.0,KENYA
A14,4,A34,A43,391.0,A61,A74,2,A93,A101,1,A121,42,A143,A152,2,A172,2,A191,A201,1,0,0,5014.0,KENYA
A14,24,A34,A49,1172.0,A61,A73,3,A93,A101,2,A121,74,A143,A152,1,A174,1,A192,A201,1,0,1,16986.0,KENYA
A14,24,A34,A49,1096.0,A62,A73,3,A93,A101,3,A122,27,A143,A152,2,A172,1,A192,A201,1,0,1,17217.0,KENYA
A11,12,A31,A43,556.0,A61,A73,4,A91,A101,1,A124,29,A143,A153,1,A173,1,A191,A201,2,1,1,8476.0,KENYA
A11,24,A32,A41,671.0,A65,A75,4,A93,A101,4,A124,49,A141,A153,1,A173,2,A192,A201,1,0,0,10989.0,KENYA
A14,18,A32,A49,432.0,A61,A74,4,A93,A101,1,A123,34,A142,A152,2,A173,1,A192,A201,1,0,0,5827.0,KENYA
A14,36,A34,A43,2491.0,A61,A73,2,A92,A101,2,A123,31,A142,A152,2,A173,1,A191,A201,1,0,1,43999.0,KENYA
A12,12,A34,A40,511.0,A62,A72,4,A93,A101,1,A123,27,A143,A152,1,A173,1,A191,A201,1,0,0,6446.0,KENYA
A11,18,A32,A42,538.0,A61,A73,1,A92,A101,4,A121,20,A141,A151,1,A173,1,A191,A201,2,1,0,12988.0,KENYA
A14,10,A34,A40,285.0,A61,A75,3,A93,A101,4,A121,32,A143,A152,2,A172,2,A191,A202,1,0,0,3244.0,KENYA
A12,12,A32,A40,193.0,A62,A72,4,A92,A101,2,A122,23,A141,A152,1,A172,1,A191,A201,2,1,0,4750.0,KENYA
A13,12,A31,A49,168.0,A61,A72,4,A92,A101,1,A121,26,A143,A152,1,A171,1,A191,A201,2,1,1,2289.0,KENYA
A12,30,A34,A40,1136.0,A61,A71,4,A94,A101,2,A123,28,A143,A152,2,A174,1,A191,A201,2,1,0,20719.0,KENYA
A14,24,A33,A40,635.0,A61,A75,4,A93,A101,4,A123,47,A143,A152,2,A172,2,A191,A201,2,1,0,9978.0,KENYA
A12,18,A32,A49,511.0,A64,A73,4,A93,A101,2,A122,35,A143,A152,1,A172,1,A192,A201,1,0,1,6428.0,KENYA
A14,30,A32,A41,1195.0,A65,A74,2,A92,A101,4,A122,24,A142,A151,1,A172,1,A191,A201,1,0,0,14124.0,KENYA
A12,12,A32,A40,337.0,A61,A75,1,A91,A101,1,A121,46,A143,A151,2,A173,1,A191,A201,2,1,0,5832.0,KENYA
A11,24,A33,A43,281.0,A61,A72,4,A94,A101,4,A121,48,A142,A152,1,A173,1,A191,A201,2,1,1,3276.0,KENYA
A14,15,A32,A41,926.0,A62,A72,1,A92,A101,4,A123,23,A143,A152,1,A173,1,A192,A201,1,0,0,17386.0,KENYA
A11,24,A34,A40,332.0,A61,A75,4,A93,A101,4,A123,60,A143,A152,2,A172,1,A191,A201,2,1,0,5819.0,KENYA
A14,48,A34,A41,2809.0,A62,A73,2,A92,A101,4,A123,24,A141,A151,2,A172,1,A191,A201,2,1,1,55297.0,KENYA
A11,12,A34,A41,402.0,A61,A75,4,A93,A101,4,A124,66,A143,A153,2,A174,1,A191,A201,1,0,1,7038.0,KENYA
A12,11,A34,A40,350.0,A64,A73,4,A92,A101,4,A123,40,A143,A152,2,A173,1,A191,A201,1,0,0,5059.0,KENYA
A11,36,A34,A46,2001.0,A61,A73,3,A92,A101,2,A124,25,A143,A152,2,A174,1,A192,A201,2,1,1,34317.0,KENYA
A11,18,A32,A46,199.0,A61,A71,4,A92,A101,1,A121,27,A143,A152,1,A171,1,A191,A201,2,1,1,5023.0,KENYA
A12,18,A34,A42,2052.0,A61,A71,4,A93,A101,4,A122,40,A142,A152,2,A174,1,A192,A201,1,0,0,35939.0,KENYA
A14,15,A32,A41,1013.0,A62,A72,1,A92,A101,4,A123,23,A143,A152,1,A173,1,A192,A201,1,0,0,23697.0,KENYA
A14,18,A34,A43,516.0,A61,A73,4,A93,A101,2,A123,24,A143,A152,2,A173,1,A191,A201,1,0,1,11558.0,KENYA
A12,30,A32,A42,844.0,A61,A72,2,A94,A101,1,A122,22,A143,A152,1,A173,1,A191,A201,1,0,1,13498.0,KENYA
A11,9,A34,A43,307.0,A61,A73,4,A93,A101,4,A121,25,A143,A152,2,A172,1,A191,A201,1,1,1,5897.0,KENYA
A11,15,A32,A40,380.0,A61,A73,2,A92,A101,4,A123,28,A143,A151,1,A173,1,A191,A201,1,0,0,4923.0,KENYA
A14,48,A34,A41,2929.0,A62,A73,2,A92,A101,4,A123,24,A141,A151,2,A172,1,A191,A201,2,1,0,67999.0,KENYA
A11,9,A32,A42,501.0,A61,A73,3,A93,A101,2,A121,25,A143,A152,1,A173,1,A191,A201,1,0,1,9263.0,KENYA
A14,6,A31,A40,211.0,A65,A73,1,A93,A103,2,A121,26,A142,A152,1,A172,2,A191,A201,1,0,1,4935.0,KENYA
A14,24,A34,A43,542.0,A62,A75,4,A93,A101,4,A122,52,A141,A152,2,A173,1,A191,A201,1,0,0,13377.0,KENYA
A11,24,A31,A40,518.0,A62,A74,2,A93,A101,3,A123,32,A141,A152,1,A173,1,A191,A201,1,0,0,8266.0,KENYA
A12,18,A32,A43,251.0,A61,A73,4,A92,A103,4,A121,26,A143,A152,1,A172,2,A191,A201,1,0,1,6061.0,KENYA
A14,18,A32,A43,362.0,A61,A73,4,A93,A101,2,A124,32,A143,A153,1,A174,1,A192,A201,1,0,1,4412.0,KENYA
A14,12,A34,A46,155.0,A61,A73,4,A93,A101,2,A123,32,A143,A152,2,A173,1,A191,A201,1,0,0,3282.0,KENYA
A14,18,A32,A45,554.0,A61,A72,4,A92,A101,4,A121,23,A143,A152,1,A173,1,A191,A201,2,1,0,11723.0,KENYA
A11,12,A32,A42,320.0,A61,A73,2,A92,A101,4,A123,20,A143,A151,1,A173,1,A191,A201,2,1,0,3446.0,KENYA
A11,18,A32,A42,705.0,A61,A71,4,A93,A101,1,A123,25,A143,A152,1,A171,1,A191,A201,2,1,0,13008.0,KENYA
A11,12,A30,A45,296.0,A61,A74,4,A93,A101,3,A121,28,A143,A152,2,A173,1,A191,A201,2,1,0,6377.0,KENYA
A14,5,A32,A49,911.0,A61,A74,1,A93,A101,4,A121,74,A143,A152,1,A172,1,A191,A201,1,0,0,21132.0,KENYA
A14,15,A32,A40,1326.0,A63,A75,1,A92,A101,4,A124,35,A143,A153,1,A173,1,A191,A201,1,0,1,18434.0,KENYA
A14,24,A32,A43,438.0,A61,A72,4,A92,A101,3,A123,38,A142,A152,1,A173,1,A192,A201,1,0,1,9332.0,KENYA
A11,12,A32,A44,161.0,A62,A71,4,A92,A101,3,A122,22,A143,A152,1,A173,1,A191,A201,2,1,0,3020.0,KENYA
A11,12,A31,A40,171.0,A61,A72,4,A93,A101,2,A123,46,A141,A152,2,A173,1,A192,A201,2,1,0,1885.0,KENYA
A12,36,A32,A43,689.0,A62,A73,4,A92,A102,4,A124,50,A143,A153,1,A173,1,A191,A201,2,1,0,13926.0,KENYA
A14,12,A34,A46,442.0,A65,A74,4,A92,A101,2,A123,61,A143,A152,1,A173,1,A191,A201,1,0,1,10483.0,KENYA
A11,30,A30,A49,2218.0,A65,A72,2,A93,A101,3,A123,25,A141,A152,3,A173,1,A191,A201,1,0,1,45184.0,KENYA
A11,36,A32,A41,1834.0,A61,A73,2,A93,A101,2,A122,26,A143,A152,1,A173,2,A191,A201,2,1,0,25538.0,KENYA
A11,24,A32,A40,645.0,A61,A75,4,A93,A102,1,A121,45,A143,A152,1,A173,1,A191,A201,2,1,0,7653.0,KENYA
A14,10,A32,A41,788.0,A65,A72,1,A92,A101,4,A121,31,A143,A151,1,A173,1,A191,A201,1,0,1,17426.0,KENYA
A13,36,A32,A43,1355.0,A61,A73,4,A93,A101,1,A123,24,A143,A152,1,A173,1,A191,A201,1,0,1,18379.0,KENYA
A12,18,A30,A40,630.0,A62,A72,3,A92,A101,3,A123,28,A143,A152,2,A173,1,A191,A201,2,1,1,14505.0,KENYA
A14,10,A32,A40,353.0,A65,A73,4,A93,A103,4,A122,27,A143,A152,1,A172,1,A191,A201,2,1,0,6960.0,KENYA
A14,24,A33,A42,1020.0,A62,A73,2,A93,A101,3,A122,35,A143,A152,2,A173,1,A191,A201,1,0,1,25419.0,KENYA
A11,24,A32,A42,662.0,A61,A73,2,A91,A101,2,A121,24,A143,A151,1,A172,1,A191,A201,1,0,0,10222.0,KENYA
A11,18,A32,A42,268.0,A61,A71,4,A92,A101,2,A123,33,A143,A152,1,A173,1,A191,A201,2,1,1,2704.0,KENYA
A12,9,A32,A40,816.0,A65,A73,1,A92,A101,2,A121,33,A143,A152,1,A172,1,A191,A201,1,0,1,11388.0,KENYA
A11,6,A32,A40,144.0,A61,A72,3,A93,A101,4,A121,41,A143,A152,1,A172,2,A192,A201,1,0,1,3167.0,KENYA
A12,7,A32,A43,625.0,A61,A73,2,A93,A103,2,A121,35,A143,A152,1,A173,1,A191,A201,1,0,0,11299.0,KENYA
A14,10,A34,A40,299.0,A61,A75,3,A93,A101,4,A121,32,A143,A152,2,A172,2,A191,A202,1,0,0,4270.0,KENYA
A13,6,A34,A40,353.0,A61,A75,1,A93,A101,4,A121,46,A143,A152,2,A173,2,A191,A202,1,0,0,8794.0,KENYA
A11,24,A32,A43,417.0,A61,A72,4,A91,A101,3,A122,32,A143,A152,1,A173,1,A191,A201,2,1,1,4339.0,KENYA
A14,18,A32,A43,123.0,A61,A71,3,A92,A102,4,A121,22,A143,A151,1,A173,1,A191,A201,2,1,0,2709.0,KENYA
A12,48,A33,A46,1674.0,A61,A75,4,A93,A101,4,A124,50,A143,A153,1,A173,1,A191,A201,2,1,0,32903.0,KENYA
A14,12,A34,A40,163.0,A62,A74,4,A92,A101,3,A123,51,A143,A152,2,A173,1,A192,A201,1,0,0,2854.0,KENYA
A11,24,A32,A42,528.0,A62,A71,1,A91,A101,1,A122,33,A143,A152,1,A173,1,A191,A201,2,1,1,6711.0,KENYA
A14,6,A32,A45,176.0,A63,A74,2,A94,A101,4,A121,23,A143,A151,1,A172,1,A191,A201,1,0,1,3663.0,KENYA
A12,10,A32,A42,330.0,A61,A73,4,A91,A101,2,A123,31,A143,A152,1,A172,1,A191,A201,1,0,0,5842.0,KENYA
A14,15,A32,A43,360.0,A65,A73,4,A94,A101,2,A121,40,A143,A151,1,A173,1,A192,A201,1,0,0,5420.0,KENYA
A11,12,A34,A40,1128.0,A61,A75,3,A93,A102,4,A122,43,A143,A151,2,A173,1,A192,A201,2,1,0,14689.0,KENYA
A11,6,A34,A40,331.0,A61,A72,2,A93,A101,4,A121,40,A143,A152,1,A172,2,A191,A202,1,0,1,3801.0,KENYA
A14,12,A34,A46,640.0,A61,A75,2,A92,A101,4,A124,57,A141,A153,3,A172,1,A191,A201,1,0,1,14664.0,KENYA
A14,12,A32,A42,166.0,A61,A73,4,A92,A101,1,A121,26,A143,A152,1,A173,1,A192,A201,1,0,1,1884.0,KENYA
A13,24,A34,A49,360.0,A64,A73,2,A91,A101,4,A121,36,A143,A152,2,A173,1,A192,A201,1,0,1,5077.0,KENYA
A14,24,A32,A42,927.0,A61,A74,2,A92,A101,4,A122,25,A143,A151,1,A173,1,A192,A201,1,0,1,12851.0,KENYA
A12,12,A32,A42,704.0,A61,A72,3,A92,A101,1,A121,34,A143,A151,1,A174,1,A191,A201,1,0,1,9048.0,KENYA
A12,9,A32,A43,368.0,A61,A72,4,A92,A101,2,A123,22,A143,A152,1,A173,1,A192,A201,2,1,1,6629.0,KENYA
A12,48,A32,A410,1508.0,A65,A71,3,A93,A101,4,A124,40,A141,A153,1,A171,1,A192,A201,1,0,0,15491.0,KENYA
A14,9,A32,A43,640.0,A61,A73,1,A93,A101,2,A121,32,A143,A152,1,A173,2,A191,A201,1,0,0,13734.0,KENYA
A14,6,A30,A43,108.0,A61,A75,4,A94,A101,4,A123,39,A143,A152,1,A172,1,A191,A201,1,0,0,2560.0,KENYA
A12,18,A32,A46,275.0,A65,A73,4,A93,A101,4,A124,61,A143,A153,1,A173,1,A191,A201,1,0,0,5290.0,KENYA
A11,24,A32,A40,196.0,A65,A75,4,A92,A101,2,A123,29,A141,A152,1,A173,1,A191,A201,2,1,0,2232.0,KENYA
A13,42,A30,A49,1532.0,A61,A72,2,A91,A101,1,A122,33,A143,A152,2,A173,1,A191,A201,1,0,0,35154.0,KENYA
A11,12,A32,A43,172.0,A61,A75,4,A93,A101,4,A121,57,A142,A152,1,A172,1,A191,A201,2,1,1,3006.0,KENYA
A14,24,A32,A41,766.0,A61,A72,4,A92,A101,1,A124,29,A143,A152,1,A174,1,A192,A201,1,0,0,19472.0,KENYA
A14,12,A34,A40,297.0,A61,A75,4,A93,A101,4,A121,61,A143,A152,2,A172,1,A191,A201,1,0,0,3734.0,KENYA
A14,24,A34,A46,529.0,A65,A73,3,A92,A101,2,A123,33,A143,A152,2,A173,1,A192,A201,1,0,1,6104.0,KENYA
A14,9,A34,A43,818.0,A65,A73,1,A93,A101,2,A121,33,A143,A152,2,A173,2,A191,A201,1,0,0,17877.0,KENYA
A12,15,A31,A40,326.0,A62,A73,2,A94,A101,2,A122,25,A143,A151,1,A173,1,A191,A201,2,1,1,7207.0,KENYA
A14,48,A34,A40,2178.0,A63,A73,2,A93,A101,2,A124,44,A141,A153,1,A173,1,A191,A201,2,1,1,52379.0,KENYA
A14,12,A32,A43,210.0,A65,A73,4,A92,A101,2,A123,21,A143,A152,1,A173,1,A191,A201,1,0,1,3372.0,KENYA
A11,8,A34,A410,249.0,A61,A75,3,A93,A101,4,A124,51,A141,A153,2,A174,2,A192,A201,1,0,0,2689.0,KENYA
A12,24,A34,A49,748.0,A65,A74,4,A93,A101,3,A124,34,A143,A152,2,A173,2,A192,A201,1,0,1,14653.0,KENYA
A14,5,A32,A49,859.0,A61,A74,1,A93,A101,4,A121,74,A143,A152,1,A172,1,A191,A201,1,0,0,16854.0,KENYA
A12,13,A32,A43,539.0,A61,A72,2,A92,A103,4,A122,23,A143,A152,1,A172,1,A191,A201,1,0,0,10187.0,KENYA
A12,18,A32,A42,540.0,A65,A72,4,A92,A101,3,A121,27,A143,A151,1,A173,1,A191,A201,2,1,0,13568.0,KENYA
A12,15,A31,A40,1547.0,A62,A71,1,A93,A101,2,A122,34,A143,A152,1,A174,2,A192,A201,2,1,0,30414.0,KENYA
A13,10,A32,A42,279.0,A61,A72,4,A92,A101,2,A122,23,A143,A152,1,A173,1,A191,A201,1,0,1,4033.0,KENYA
A13,42,A34,A41,1242.0,A61,A75,4,A93,A101,4,A124,56,A143,A153,1,A173,1,A191,A201,1,0,1,27137.0,KENYA
A14,27,A34,A42,1201.0,A64,A72,4,A93,A101,2,A121,32,A142,A152,2,A172,2,A192,A201,1,0,1,21795.0,KENYA
A14,12,A34,A43,227.0,A65,A75,4,A92,A101,3,A122,33,A141,A152,1,A172,2,A191,A201,2,1,0,2274.0,KENYA
A11,6,A32,A40,4120.0,A61,A75,1,A93,A101,4,A124,68,A141,A152,1,A174,1,A192,A201,2,1,0,102172.0,KENYA
A12,18,A32,A49,414.0,A64,A72,3,A94,A101,3,A121,36,A141,A152,1,A173,1,A192,A201,1,0,0,7405.0,KENYA
A11,15,A33,A42,981.0,A61,A75,1,A92,A101,4,A122,27,A143,A152,2,A172,1,A191,A201,1,0,1,21127.0,KENYA
A14,15,A33,A41,840.0,A61,A72,1,A92,A101,2,A122,46,A143,A152,2,A172,1,A191,A201,1,0,0,16226.0,KENYA
A12,24,A34,A42,1058.0,A61,A72,2,A92,A101,4,A123,25,A141,A152,1,A172,1,A191,A201,2,1,1,16215.0,KENYA
A11,10,A32,A43,569.0,A61,A75,3,A93,A101,4,A121,52,A143,A152,1,A172,1,A191,A201,1,0,1,10151.0,KENYA
A12,45,A34,A41,1129.0,A62,A71,3,A93,A101,4,A123,27,A143,A152,1,A173,1,A191,A201,1,0,0,17479.0,KENYA
A12,12,A32,A48,208.0,A65,A75,4,A93,A101,4,A122,38,A143,A152,2,A173,1,A191,A201,1,0,1,3711.0,KENYA
A14,24,A32,A41,1496.0,A65,A71,2,A92,A101,4,A122,26,A143,A151,1,A174,1,A192,A201,1,0,0,18889.0,KENYA
A13,6,A32,A40,171.0,A64,A72,2,A94,A101,2,A121,27,A143,A152,1,A171,1,A191,A202,1,0,0,3757.0,KENYA
A14,24,A33,A49,535.0,A63,A73,4,A93,A101,2,A123,44,A143,A152,2,A173,2,A192,A201,1,0,0,6254.0,KENYA
A11,8,A34,A40,744.0,A61,A74,1,A93,A101,4,A121,39,A143,A152,2,A172,1,A191,A202,1,0,1,16416.0,KENYA
A12,18,A32,A43,254.0,A61,A73,4,A92,A103,4,A121,26,A143,A152,1,A172,2,A191,A201,1,0,0,3065.0,KENYA
A12,60,A31,A410,4117.0,A62,A75,3,A92,A101,4,A124,60,A141,A153,2,A174,1,A192,A201,2,1,1,72831.0,KENYA
A14,12,A34,A42,870.0,A61,A75,2,A93,A101,4,A122,42,A142,A152,1,A173,1,A191,A201,1,0,0,22202.0,KENYA
A14,18,A34,A43,419.0,A64,A75,4,A93,A101,4,A123,46,A143,A152,2,A173,1,A191,A201,1,0,1,9704.0,KENYA
A11,18,A34,A42,225.0,A61,A72,4,A92,A101,4,A122,21,A143,A151,1,A173,1,A191,A201,1,0,1,3956.0,KENYA
A12,7,A32,A43,567.0,A61,A73,2,A93,A103,2,A121,35,A143,A152,1,A173,1,A191,A201,1,0,0,11263.0,KENYA
A12,48,A32,A40,1424.0,A62,A74,3,A93,A101,2,A122,24,A143,A152,1,A173,1,A191,A201,2,1,1,22058.0,KENYA
A14,9,A34,A43,849.0,A65,A73,1,A93,A101,2,A121,33,A143,A152,2,A173,2,A191,A201,1,0,0,20839.0,KENYA
A14,12,A34,A42,1570.0,A65,A75,2,A93,A101,4,A122,49,A143,A151,1,A173,1,A192,A201,1,0,1,34320.0,KENYA
A11,12,A32,A42,426.0,A61,A72,4,A92,A101,1,A123,22,A143,A151,1,A173,1,A191,A201,1,0,1,6271.0,KENYA
A14,15,A31,A43,337.0,A62,A75,4,A93,A101,4,A123,34,A141,A152,1,A172,2,A191,A201,1,0,0,3421.0,KENYA
A14,27,A32,A45,1430.0,A65,A75,4,A93,A101,4,A122,48,A143,A152,4,A173,2,A192,A201,1,0,0,17280.0,KENYA
A12,12,A32,A43,299.0,A61,A74,4,A93,A103,3,A121,29,A143,A152,2,A173,1,A191,A202,1,0,0,4462.0,KENYA
A14,18,A34,A42,928.0,A61,A72,3,A91,A101,2,A123,35,A143,A152,2,A174,1,A192,A201,1,0,1,16507.0,KENYA
A11,18,A34,A43,514.0,A61,A74,4,A94,A101,1,A122,32,A143,A152,2,A174,1,A192,A201,1,0,1,11273.0,KENYA
A13,18,A32,A42,732.0,A61,A73,2,A93,A101,1,A121,34,A143,A152,1,A172,2,A191,A201,2,1,0,13125.0,KENYA
A12,39,A34,A43,1069.0,A61,A74,2,A93,A103,2,A121,25,A143,A152,2,A173,1,A191,A201,2,1,1,22757.0,KENYA
A14,6,A34,A43,185.0,A65,A75,4,A93,A101,4,A124,36,A143,A153,2,A173,1,A191,A201,1,0,0,3409.0,KENYA
A14,12,A32,A40,559.0,A65,A75,4,A92,A101,4,A124,52,A143,A153,1,A174,1,A192,A201,1,0,1,13490.0,KENYA
A12,24,A32,A43,1213.0,A65,A75,2,A92,A101,4,A123,42,A143,A152,1,A173,1,A192,A201,1,0,0,27625.0,KENYA
A12,9,A34,A46,300.0,A64,A75,4,A93,A101,3,A124,32,A143,A153,2,A173,2,A191,A201,2,1,1,4310.0,KENYA
A14,15,A34,A42,754.0,A61,A73,4,A93,A101,2,A124,28,A143,A153,1,A173,1,A192,A201,1,0,0,18316.0,KENYA
A14,12,A32,A43,506.0,A65,A73,4,A93,A101,4,A124,37,A143,A153,1,A173,1,A192,A201,1,0,0,6896.0,KENYA
A12,30,A31,A42,820.0,A64,A73,4,A93,A101,2,A123,34,A142,A152,1,A173,2,A192,A201,1,0,0,14277.0,KENYA
A14,15,A32,A44,244.0,A65,A72,4,A92,A101,1,A121,24,A143,A152,1,A173,1,A191,A201,1,0,1,4341.0,KENYA
A11,24,A32,A40,237.0,A65,A75,4,A92,A101,2,A123,29,A141,A152,1,A173,1,A191,A201,2,1,0,3858.0,KENYA
A14,24,A34,A45,556.0,A61,A73,4,A91,A101,2,A121,33,A143,A152,2,A173,1,A192,A201,1,0,0,9085.0,KENYA
A11,24,A32,A41,810.0,A61,A74,2,A93,A101,1,A124,34,A143,A153,1,A174,1,A192,A201,1,0,1,15784.0,KENYA
A11,18,A34,A45,340.0,A61,A71,2,A92,A101,4,A124,55,A143,A153,3,A171,2,A191,A201,2,1,0,6016.0,KENYA
A14,6,A32,A40,189.0,A61,A71,1,A92,A101,4,A121,54,A143,A152,1,A171,1,A192,A201,1,0,0,3207.0,KENYA
A14,24,A32,A41,1835.0,A61,A74,3,A93,A101,3,A123,38,A143,A152,1,A174,1,A192,A201,1,0,0,32560.0,KENYA
A12,36,A32,A40,2650.0,A65,A73,1,A93,A101,4,A124,37,A143,A153,1,A173,1,A192,A201,2,1,1,30845.0,KENYA
A12,9,A32,A43,478.0,A61,A73,2,A93,A101,2,A121,37,A143,A152,1,A172,2,A191,A201,1,0,1,9307.0,KENYA
A13,30,A33,A49,444.0,A61,A75,4,A93,A101,4,A121,66,A143,A152,1,A174,1,A192,A201,2,1,1,8061.0,KENYA
A14,48,A34,A43,934.0,A65,A75,4,A93,A101,1,A121,47,A143,A152,1,A173,1,A192,A201,1,0,0,14744.0,KENYA
A14,36,A32,A42,742.0,A61,A73,4,A92,A101,2,A123,28,A143,A152,1,A174,1,A192,A201,2,1,0,14802.0,KENYA
A14,6,A32,A43,366.0,A61,A74,3,A93,A101,2,A122,51,A143,A152,1,A173,2,A191,A201,1,0,0,4594.0,KENYA
A12,12,A32,A43,298.0,A61,A74,4,A93,A103,3,A121,29,A143,A152,2,A173,1,A191,A202,1,0,0,5870.0,KENYA
A11,15,A32,A40,571.0,A61,A71,1,A92,A101,4,A123,23,A143,A151,1,A173,1,A191,A201,1,0,0,8303.0,KENYA
A14,60,A32,A40,2449.0,A61,A75,2,A93,A101,4,A122,42,A143,A152,1,A174,1,A192,A201,1,0,0,38924.0,KENYA
A14,18,A32,A43,109.0,A61,A71,3,A92,A102,4,A121,22,A143,A151,1,A173,1,A191,A201,2,1,1,1345.0,KENYA
A11,12,A32,A42,373.0,A61,A73,2,A93,A101,2,A121,27,A143,A152,1,A173,1,A191,A201,1,0,0,4493.0,KENYA
A12,12,A32,A42,784.0,A61,A72,3,A92,A101,1,A121,34,A143,A151,1,A174,1,A191,A201,1,0,1,8299.0,KENYA
A14,24,A34,A43,669.0,A65,A75,4,A93,A101,4,A122,53,A143,A152,2,A173,1,A191,A201,1,0,0,14323.0,KENYA
A12,21,A32,A49,298.0,A61,A75,2,A92,A101,4,A122,39,A143,A152,1,A173,2,A191,A201,2,1,0,7698.0,KENYA
A11,12,A31,A40,180.0,A61,A72,4,A93,A101,2,A123,46,A141,A152,2,A173,1,A192,A201,2,1,0,2812.0,KENYA
A14,24,A32,A43,379.0,A61,A73,4,A94,A101,2,A122,28,A143,A152,1,A173,1,A191,A201,1,0,1,8086.0,KENYA
A11,24,A31,A42,742.0,A63,A73,4,A93,A101,4,A121,22,A142,A152,1,A173,1,A192,A201,1,0,0,14180.0,KENYA
A14,12,A34,A46,153.0,A61,A73,4,A93,A101,2,A123,32,A143,A152,2,A173,1,A191,A201,1,0,0,2092.0,KENYA
A14,36,A32,A41,1297.0,A61,A73,2,A93,A101,2,A124,32,A143,A153,1,A174,1,A192,A201,1,0,0,18377.0,KENYA
A11,6,A32,A40,3342.0,A61,A75,1,A93,A101,4,A124,68,A141,A152,1,A174,1,A192,A201,2,1,1,66652.0,KENYA
A14,6,A32,A46,407.0,A61,A72,1,A92,A101,2,A124,56,A143,A152,1,A173,1,A191,A201,1,0,0,6567.0,KENYA
A14,24,A32,A41,1543.0,A65,A71,2,A92,A101,4,A122,26,A143,A151,1,A174,1,A192,A201,1,0,0,26713.0,KENYA
A14,18,A34,A43,551.0,A61,A73,2,A92,A101,1,A123,25,A143,A152,2,A173,1,A191,A201,1,0,0,10963.0,KENYA
A12,42,A31,A41,2083.0,A61,A71,1,A93,A101,2,A124,55,A141,A153,1,A174,1,A192,A201,1,0,1,51432.0,KENYA
A14,12,A32,A43,223.0,A61,A73,4,A94,A101,2,A121,28,A143,A152,1,A173,1,A191,A201,1,0,1,3838.0,KENYA
A14,10,A32,A40,398.0,A62,A73,3,A93,A101,2,A121,35,A143,A151,1,A172,1,A191,A202,1,0,0,8162.0,KENYA
A14,18,A32,A49,445.0,A61,A74,4,A93,A101,1,A123,34,A142,A152,2,A173,1,A192,A201,1,0,1,9607.0,KENYA
A14,18,A34,A41,874.0,A61,A74,3,A93,A101,1,A123,27,A143,A152,2,A173,1,A191,A201,1,0,0,22420.0,KENYA
A14,60,A34,A40,2976.0,A65,A75,2,A93,A101,4,A124,63,A141,A153,1,A174,1,A192,A201,1,0,0,59986.0,KENYA
A12,48,A32,A42,2844.0,A61,A72,1,A92,A101,2,A123,26,A143,A152,1,A173,1,A192,A201,2,1,1,65014.0,KENYA
A11,18,A32,A43,604.0,A61,A73,4,A93,A101,4,A124,65,A143,A153,2,A173,1,A191,A201,2,1,0,13543.0,KENYA
A11,30,A32,A42,1677.0,A65,A75,4,A93,A101,4,A122,31,A143,A152,1,A173,1,A191,A201,2,1,0,38932.0,KENYA
A14,24,A32,A42,654.0,A63,A75,4,A93,A101,3,A124,32,A143,A151,1,A173,1,A192,A201,1,0,0,12316.0,KENYA
A12,12,A32,A43,178.0,A61,A72,4,A94,A103,1,A121,26,A141,A152,1,A172,1,A191,A201,1,0,1,3796.0,KENYA
A14,12,A31,A48,829.0,A63,A73,4,A92,A101,3,A121,35,A143,A152,1,A172,2,A191,A201,1,0,1,14284.0,KENYA
A14,6,A32,A43,326.0,A62,A75,2,A93,A101,4,A124,42,A141,A153,1,A173,2,A192,A201,1,0,0,7355.0,KENYA
A11,6,A34,A40,365.0,A61,A72,2,A93,A101,4,A121,40,A143,A152,1,A172,2,A191,A202,1,0,0,4673.0,KENYA
A11,21,A32,A42,1012.0,A61,A74,1,A92,A101,4,A123,26,A143,A151,1,A172,1,A191,A201,1,0,0,13753.0,KENYA
A14,6,A34,A42,334.0,A65,A73,1,A94,A101,2,A122,27,A143,A152,2,A173,1,A191,A201,1,0,1,3586.0,KENYA
A11,24,A34,A49,305.0,A62,A74,4,A93,A101,1,A121,26,A143,A152,2,A173,1,A192,A201,1,0,0,6487.0,KENYA
A11,12,A34,A41,335.0,A61,A75,4,A93,A101,4,A124,66,A143,A153,2,A174,1,A191,A201,1,0,1,4895.0,KENYA
A12,21,A32,A42,1079.0,A65,A74,2,A93,A101,3,A123,35,A143,A152,1,A173,1,A192,A201,1,0,1,12893.0,KENYA
A13,9,A32,A43,292.0,A62,A75,2,A91,A101,4,A121,49,A143,A152,1,A173,1,A191,A201,1,0,0,3999.0,KENYA
A12,48,A33,A410,2039.0,A62,A71,2,A93,A101,4,A124,31,A143,A153,1,A174,1,A192,A201,1,0,0,30313.0,KENYA
A12,12,A32,A40,442.0,A61,A74,3,A93,A101,4,A122,30,A143,A151,1,A173,2,A192,A201,1,0,1,8302.0,KENYA
A14,12,A34,A49,290.0,A65,A75,4,A93,A101,4,A124,57,A143,A151,1,A172,1,A191,A201,1,0,1,4070.0,KENYA
A11,6,A32,A44,95.0,A61,A72,4,A92,A101,1,A121,27,A143,A152,1,A173,1,A191,A201,1,0,0,2124.0,KENYA
A12,36,A32,A40,4078.0,A61,A75,4,A93,A101,2,A124,57,A143,A153,1,A174,1,A192,A201,2,1,0,50825.0,KENYA
A12,9,A34,A46,419.0,A61,A75,2,A92,A101,3,A123,34,A143,A152,2,A174,1,A192,A201,2,1,0,7948.0,KENYA
A13,24,A32,A43,1390.0,A61,A74,4,A93,A101,2,A123,25,A141,A152,1,A173,1,A191,A201,1,0,1,24399.0,KENYA
A14,15,A32,A44,200.0,A65,A72,4,A92,A101,1,A121,24,A143,A152,1,A173,1,A191,A201,1,0,0,4666.0,KENYA
A14,12,A33,A45,341.0,A64,A75,4,A93,A101,4,A124,55,A143,A153,2,A173,2,A191,A201,2,1,0,6220.0,KENYA
A11,15,A30,A40,220.0,A61,A75,4,A93,A101,3,A123,33,A143,A151,2,A173,2,A191,A201,2,1,0,3630.0,KENYA
A12,9,A32,A40,765.0,A65,A73,1,A92,A101,2,A121,33,A143,A152,1,A172,1,A191,A201,1,0,1,16642.0,KENYA
A12,9,A31,A40,350.0,A62,A74,2,A93,A101,3,A124,29,A143,A152,1,A173,1,A191,A201,2,1,1,8534.0,KENYA
A12,48,A31,A49,1535.0,A61,A75,4,A92,A101,3,A124,59,A143,A151,1,A173,1,A191,A201,2,1,1,25499.0,KENYA
A11,12,A32,A42,286.0,A65,A75,2,A91,A101,4,A122,49,A143,A152,1,A172,1,A192,A201,1,0,1,4426.0,KENYA
A14,15,A33,A42,259.0,A64,A74,3,A92,A101,2,A122,30,A143,A152,2,A173,1,A191,A201,1,0,1,6348.0,KENYA
A14,15,A32,A44,314.0,A63,A74,4,A93,A101,3,A122,36,A143,A152,2,A173,1,A192,A201,1,0,0,6846.0,KENYA
A13,4,A32,A40,405.0,A65,A72,1,A93,A101,2,A121,29,A143,A152,1,A172,2,A191,A202,1,0,1,5694.0,KENYA
A14,18,A34,A43,588.0,A61,A73,2,A92,A101,1,A123,25,A143,A152,2,A173,1,A191,A201,1,0,0,7981.0,KENYA
A12,30,A34,A40,1073.0,A61,A71,4,A94,A101,2,A123,28,A143,A152,2,A174,1,A191,A201,2,1,1,22435.0,KENYA
A12,36,A33,A40,542.0,A61,A75,4,A93,A101,4,A124,57,A141,A153,2,A173,1,A192,A201,2,1,1,6729.0,KENYA
A11,48,A30,A41,1298.0,A61,A75,3,A93,A101,4,A124,24,A143,A153,2,A173,2,A191,A201,2,1,1,14225.0,KENYA
A12,6,A34,A48,227.0,A65,A74,1,A92,A101,3,A122,39,A143,A152,2,A172,1,A191,A201,1,0,1,4779.0,KENYA
A14,22,A32,A40,330.0,A65,A74,4,A92,A101,4,A122,25,A143,A151,1,A173,1,A191,A201,1,0,0,7043.0,KENYA
A13,12,A32,A42,393.0,A61,A72,4,A92,A101,1,A122,33,A141,A152,1,A174,1,A192,A201,1,0,0,7062.0,KENYA
A12,12,A32,A43,354.0,A61,A73,1,A92,A101,1,A123,22,A143,A152,1,A173,1,A192,A201,1,0,0,4881.0,KENYA
A11,12,A32,A42,570.0,A61,A71,3,A92,A101,4,A124,55,A143,A153,1,A174,1,A191,A201,1,0,0,13561.0,KENYA
A14,24,A34,A41,929.0,A61,A75,4,A92,A101,2,A123,41,A143,A151,2,A174,1,A192,A201,1,0,0,17284.0,KENYA
A12,24,A33,A40,561.0,A65,A73,4,A92,A101,4,A123,42,A143,A151,2,A173,1,A192,A201,1,0,0,11427.0,KENYA
A14,24,A32,A43,247.0,A65,A75,4,A93,A101,2,A123,25,A143,A152,2,A173,1,A191,A201,1,0,1,5987.0,KENYA
A12,30,A33,A43,410.0,A62,A72,4,A93,A101,3,A124,30,A142,A152,2,A174,1,A191,A201,2,1,1,9646.0,KENYA
A14,36,A32,A43,603.0,A65,A73,4,A92,A101,4,A123,25,A143,A152,1,A173,1,A191,A201,1,0,0,12836.0,KENYA
A14,6,A34,A40,484.0,A63,A73,1,A94,A101,2,A123,24,A143,A152,1,A173,1,A191,A201,1,0,1,6551.0,KENYA
A14,10,A32,A43,513.0,A61,A73,1,A93,A101,4,A122,38,A143,A152,1,A173,1,A192,A202,1,0,1,6310.0,KENYA
A12,18,A32,A49,1190.0,A61,A75,1,A93,A102,1,A121,33,A141,A152,1,A174,1,A192,A201,1,0,1,22778.0,KENYA
A14,21,A34,A42,611.0,A61,A72,4,A92,A101,4,A122,23,A143,A152,1,A173,1,A192,A201,1,0,1,12450.0,KENYA
A12,48,A32,A43,831.0,A61,A74,4,A93,A101,4,A121,28,A143,A152,2,A173,1,A191,A201,2,1,0,15416.0,KENYA
A11,36,A34,A46,2244.0,A61,A73,3,A92,A101,2,A124,25,A143,A152,2,A174,1,A192,A201,2,1,1,48510.0,KENYA
A14,11,A34,A40,334.0,A61,A72,4,A92,A101,4,A123,35,A143,A152,2,A174,1,A191,A201,1,0,1,6152.0,KENYA
A11,6,A32,A46,123.0,A61,A72,4,A92,A101,4,A122,23,A143,A152,1,A173,1,A191,A201,2,1,1,2252.0,KENYA
A13,24,A32,A42,911.0,A61,A72,2,A92,A101,4,A123,26,A143,A152,1,A173,1,A191,A201,1,0,0,18672.0,KENYA
A12,12,A32,A43,417.0,A65,A73,2,A94,A101,1,A121,25,A143,A152,1,A173,1,A192,A201,2,1,1,7627.0,KENYA
A14,36,A33,A49,2285.0,A65,A72,4,A93,A101,4,A123,27,A143,A151,2,A173,1,A192,A201,2,1,1,43759.0,KENYA
A13,24,A34,A40,327.0,A65,A74,4,A93,A101,2,A121,37,A141,A152,2,A172,2,A191,A201,2,1,0,4704.0,KENYA
A11,24,A31,A40,330.0,A61,A71,1,A92,A102,4,A124,29,A143,A151,2,A171,1,A191,A201,2,1,0,5246.0,KENYA
A14,6,A32,A43,374.0,A62,A75,2,A93,A101,4,A124,42,A141,A153,1,A173,2,A192,A201,1,0,0,4314.0,KENYA
A12,36,A32,A43,639.0,A61,A74,4,A93,A101,4,A123,24,A143,A151,1,A173,1,A191,A201,1,0,1,7983.0,KENYA
A12,48,A30,A49,4056.0,A61,A73,2,A93,A101,2,A123,25,A143,A152,1,A173,1,A192,A201,2,1,1,56092.0,KENYA
A13,18,A32,A42,669.0,A61,A72,1,A92,A101,1,A122,45,A142,A152,1,A172,1,A191,A201,1,0,1,12402.0,KENYA
A14,15,A32,A43,562.0,A65,A75,4,A93,A101,2,A123,35,A143,A152,1,A173,1,A191,A201,1,0,0,8890.0,KENYA
A11,24,A32,A41,699.0,A65,A75,4,A93,A101,4,A124,49,A141,A153,1,A173,2,A192,A201,1,0,1,11970.0,KENYA
A12,48,A32,A40,1908.0,A65,A74,1,A92,A101,2,A123,24,A143,A152,1,A173,1,A191,A201,1,0,1,35556.0,KENYA
A12,48,A32,A40,1999.0,A65,A74,1,A92,A101,2,A123,24,A143,A152,1,A173,1,A191,A201,1,0,1,50890.0,KENYA
A14,24,A34,A43,604.0,A65,A75,4,A93,A101,4,A122,53,A143,A152,2,A173,1,A191,A201,1,0,0,14979.0,KENYA
A14,6,A30,A43,94.0,A61,A75,4,A94,A101,4,A123,39,A143,A152,1,A172,1,A191,A201,1,0,0,1327.0,KENYA
A11,12,A34,A42,575.0,A61,A75,3,A93,A101,3,A122,60,A143,A152,2,A173,1,A191,A201,2,1,1,11572.0,KENYA
A14,10,A34,A42,485.0,A65,A73,2,A94,A101,1,A123,26,A143,A152,2,A173,1,A191,A202,1,0,0,7063.0,KENYA
A11,24,A31,A40,318.0,A61,A71,1,A92,A102,4,A124,29,A143,A151,2,A171,1,A191,A201,2,1,0,6743.0,KENYA
A11,18,A32,A42,950.0,A61,A72,1,A92,A101,4,A123,22,A143,A151,1,A173,1,A191,A201,1,0,0,14453.0,KENYA
A12,12,A32,A43,1396.0,A65,A71,2,A93,A101,1,A124,52,A143,A152,1,A174,1,A192,A201,2,1,1,15396.0,KENYA
A12,18,A32,A49,534.0,A64,A72,3,A94,A101,3,A121,36,A141,A152,1,A173,1,A192,A201,1,0,1,12686.0,KENYA
A11,24,A34,A43,326.0,A64,A75,4,A92,A101,4,A122,57,A143,A151,2,A174,1,A192,A201,1,0,0,6236.0,KENYA
A12,48,A30,A49,2644.0,A65,A73,2,A93,A101,2,A123,48,A141,A152,1,A174,1,A192,A201,1,0,1,66804.0,KENYA
A11,36,A32,A42,889.0,A61,A75,4,A93,A101,2,A123,42,A143,A152,1,A173,2,A191,A201,2,1,0,13791.0,KENYA
A14,36,A32,A49,1478.0,A62,A74,2,A93,A101,2,A123,31,A143,A152,2,A173,1,A192,A201,1,0,0,21602.0,KENYA
A12,12,A32,A40,445.0,A61,A74,3,A93,A101,4,A122,30,A143,A151,1,A173,2,A192,A201,1,0,1,5777.0,KENYA
A14,24,A33,A49,2285.0,A61,A72,2,A93,A101,2,A123,27,A141,A152,2,A173,1,A192,A201,2,1,0,35997.0,KENYA
A14,15,A32,A41,1154.0,A61,A73,3,A93,A101,2,A123,30,A143,A152,1,A173,1,A192,A201,1,0,0,28639.0,KENYA
A12,9,A34,A46,278.0,A64,A75,4,A93,A101,3,A124,32,A143,A153,2,A173,2,A191,A201,2,1,0,4335.0,KENYA
A14,30,A34,A43,1024.0,A61,A74,4,A92,A101,4,A123,26,A143,A151,1,A174,1,A192,A201,1,0,0,11038.0,KENYA
A14,12,A34,A46,607.0,A61,A75,2,A92,A101,4,A124,57,A141,A153,3,A172,1,A191,A201,1,0,0,6300.0,KENYA
A11,48,A32,A40,976.0,A61,A74,4,A93,A101,4,A124,46,A143,A153,1,A173,2,A191,A201,2,1,0,11290.0,KENYA
A14,12,A34,A42,337.0,A61,A72,2,A92,A101,4,A122,22,A143,A151,2,A172,1,A191,A201,1,0,0,4053.0,KENYA
A11,48,A31,A49,2128.0,A61,A74,2,A92,A103,4,A123,37,A143,A151,1,A173,1,A191,A201,2,1,1,54504.0,KENYA
A11,6,A32,A44,85.0,A61,A72,4,A92,A101,1,A121,27,A143,A152,1,A173,1,A191,A201,1,0,0,1217.0,KENYA
A14,15,A32,A42,541.0,A63,A73,2,A92,A101,4,A123,20,A143,A151,1,A173,1,A191,A201,1,0,1,7807.0,KENYA
A12,6,A33,A49,330.0,A62,A75,1,A91,A101,2,A123,31,A141,A152,2,A173,2,A191,A201,1,0,0,7404.0,KENYA
A14,12,A34,A46,911.0,A65,A72,2,A93,A101,1,A122,37,A143,A152,2,A172,2,A191,A201,1,0,1,18205.0,KENYA
A11,30,A30,A42,1160.0,A61,A73,2,A91,A103,2,A121,32,A143,A152,2,A173,1,A191,A201,1,0,0,24363.0,KENYA
A12,12,A34,A44,400.0,A61,A74,4,A93,A101,3,A122,26,A143,A152,1,A173,1,A191,A201,1,0,0,4386.0,KENYA
A14,39,A32,A41,1927.0,A62,A75,4,A93,A101,2,A123,45,A143,A152,1,A174,1,A192,A201,1,0,1,41608.0,KENYA
A11,18,A32,A43,519.0,A65,A74,2,A94,A101,4,A123,23,A143,A151,2,A172,1,A191,A201,1,0,0,10860.0,KENYA
A12,54,A30,A49,4484.0,A61,A72,3,A93,A101,4,A124,58,A143,A151,1,A173,1,A192,A201,2,1,1,108604.0,KENYA
A12,39,A34,A43,1309.0,A61,A74,2,A93,A103,2,A121,25,A143,A152,2,A173,1,A191,A201,2,1,1,31691.0,KENYA
A14,12,A34,A46,533.0,A61,A74,2,A93,A101,3,A121,49,A143,A152,1,A172,2,A191,A201,1,0,0,9011.0,KENYA
A11,39,A34,A42,3311.0,A65,A74,4,A93,A101,4,A122,30,A143,A152,2,A174,1,A192,A201,1,0,1,56086.0,KENYA
A12,12,A30,A42,853.0,A61,A72,4,A92,A101,3,A122,25,A143,A151,2,A173,1,A191,A201,2,1,0,17819.0,KENYA
A11,21,A34,A40,351.0,A61,A75,4,A94,A101,3,A123,30,A143,A152,2,A173,1,A192,A201,1,0,0,8583.0,KENYA
A12,12,A34,A40,771.0,A61,A72,1,A93,A101,3,A121,49,A141,A152,2,A172,2,A191,A201,1,0,1,9086.0,KENYA
A11,15,A32,A43,262.0,A61,A72,4,A94,A101,2,A121,27,A143,A152,1,A173,1,A191,A202,1,0,0,5303.0,KENYA
A14,18,A34,A40,346.0,A61,A73,3,A93,A101,2,A122,32,A141,A152,2,A173,1,A191,A201,2,1,0,8360.0,KENYA
A12,9,A32,A46,311.0,A61,A74,4,A92,A101,4,A122,67,A143,A152,2,A174,1,A192,A201,1,0,1,8085.0,KENYA
A14,28,A31,A41,2016.0,A65,A72,3,A93,A103,4,A121,40,A141,A151,2,A173,2,A192,A201,1,0,1,30517.0,KENYA
A14,24,A33,A41,1035.0,A61,A74,3,A93,A101,3,A123,35,A143,A152,2,A172,1,A192,A201,1,0,1,26345.0,KENYA
A11,18,A33,A46,2019.0,A65,A73,1,A92,A101,2,A123,23,A143,A151,2,A173,1,A192,A201,1,0,1,45218.0,KENYA
A14,39,A32,A41,594.0,A63,A73,4,A93,A101,4,A123,24,A143,A152,1,A173,1,A191,A201,1,0,1,9471.0,KENYA
A11,12,A32,A42,628.0,A61,A73,2,A91,A101,1,A123,42,A143,A152,1,A173,1,A191,A201,1,0,1,8802.0,KENYA
A12,9,A34,A46,287.0,A64,A75,4,A93,A101,3,A124,32,A143,A153,2,A173,2,A191,A201,2,1,0,7297.0,KENYA
A12,8,A32,A43,217.0,A61,A74,4,A92,A103,2,A121,44,A143,A152,1,A172,1,A191,A201,1,0,1,5132.0,KENYA
A14,6,A33,A43,232.0,A61,A73,3,A92,A101,2,A121,24,A143,A152,1,A173,1,A191,A201,1,0,1,4795.0,KENYA
A14,24,A34,A43,825.0,A62,A75,3,A93,A101,4,A121,36,A143,A152,1,A173,2,A192,A201,1,0,1,13743.0,KENYA
A11,6,A32,A43,722.0,A63,A73,2,A93,A101,3,A121,44,A143,A151,1,A173,2,A191,A201,1,0,0,8098.0,KENYA
A11,24,A32,A42,485.0,A61,A72,4,A93,A102,1,A122,24,A143,A152,1,A172,1,A191,A202,1,0,0,6199.0,KENYA
A12,24,A32,A41,1128.0,A63,A72,3,A92,A101,4,A123,28,A143,A151,1,A173,1,A191,A201,2,1,0,12608.0,KENYA
A12,30,A34,A40,572.0,A65,A75,4,A93,A101,4,A121,36,A143,A152,2,A173,1,A191,A201,1,0,1,9335.0,KENYA
A14,21,A33,A41,851.0,A61,A73,3,A93,A101,2,A121,28,A142,A152,2,A172,1,A191,A201,1,0,0,9002.0,KENYA
A14,6,A34,A43,376.0,A61,A74,1,A92,A101,2,A123,24,A143,A151,2,A173,1,A192,A201,1,0,0,6208.0,KENYA
A12,18,A32,A43,316.0,A61,A75,4,A94,A103,2,A121,32,A143,A152,1,A172,1,A191,A201,1,0,0,4305.0,KENYA
A14,12,A32,A49,427.0,A61,A74,2,A93,A101,4,A123,36,A143,A152,1,A173,1,A192,A201,1,0,0,7650.0,KENYA
A11,12,A34,A40,1042.0,A61,A75,3,A93,A102,4,A122,43,A143,A151,2,A173,1,A192,A201,2,1,0,25919.0,KENYA
A11,18,A32,A43,471.0,A65,A74,2,A94,A101,4,A123,23,A143,A151,2,A172,1,A191,A201,1,0,1,6708.0,KENYA
A12,12,A32,A43,172.0,A61,A72,4,A94,A103,1,A121,26,A141,A152,1,A172,1,A191,A201,1,0,0,2728.0,KENYA
A11,48,A32,A46,1792.0,A61,A74,4,A93,A101,1,A124,50,A143,A153,1,A174,1,A192,A201,1,0,0,23752.0,KENYA
A11,30,A32,A45,2560.0,A61,A72,1,A91,A101,1,A124,34,A143,A152,1,A172,1,A192,A201,2,1,1,46927.0,KENYA
A14,11,A34,A40,345.0,A61,A72,4,A92,A101,4,A123,35,A143,A152,2,A174,1,A191,A201,1,0,1,7469.0,KENYA
A14,6,A32,A42,789.0,A63,A73,1,A93,A101,2,A123,32,A143,A152,1,A173,1,A192,A201,1,0,0,11498.0,KENYA
A11,20,A34,A40,569.0,A61,A73,4,A94,A103,2,A122,33,A141,A151,2,A173,1,A191,A202,2,1,0,9638.0,KENYA
A14,15,A34,A43,373.0,A63,A73,2,A94,A101,2,A122,47,A143,A152,2,A172,1,A191,A201,1,0,1,9187.0,KENYA
A14,18,A33,A49,468.0,A61,A73,4,A94,A101,2,A123,28,A143,A152,1,A173,1,A192,A201,2,1,0,5400.0,KENYA
A14,10,A32,A40,380.0,A61,A73,3,A93,A101,2,A121,31,A143,A152,1,A172,2,A191,A202,1,0,0,7149.0,KENYA
A12,18,A34,A49,928.0,A61,A71,3,A94,A101,3,A123,40,A143,A152,3,A171,2,A192,A201,1,0,0,9672.0,KENYA
A14,36,A32,A41,1030.0,A61,A73,2,A93,A101,2,A124,32,A143,A153,1,A174,1,A192,A201,1,0,0,24822.0,KENYA
A11,18,A32,A44,329.0,A61,A73,4,A94,A101,3,A121,47,A143,A152,1,A172,1,A192,A201,2,1,1,3863.0,KENYA
A13,15,A32,A43,583.0,A61,A72,2,A92,A101,3,A121,25,A143,A152,1,A172,1,A191,A201,2,1,0,14572.0,KENYA
A11,30,A34,A41,1528.0,A62,A74,1,A94,A101,4,A123,24,A143,A151,2,A173,1,A191,A201,1,0,0,36786.0,KENYA
A11,21,A32,A40,854.0,A65,A74,2,A93,A102,2,A121,24,A143,A152,1,A172,1,A191,A202,1,0,1,17415.0,KENYA
A12,48,A32,A42,2798.0,A61,A72,1,A92,A101,2,A123,26,A143,A152,1,A173,1,A192,A201,2,1,0,70727.0,KENYA
A11,18,A32,A43,840.0,A61,A73,2,A92,A101,2,A121,24,A143,A152,1,A173,1,A191,A201,2,1,0,13164.0,KENYA
A14,9,A32,A42,315.0,A61,A73,4,A92,A101,2,A121,26,A143,A151,1,A173,1,A191,A201,1,0,1,6767.0,KENYA
A12,18,A32,A41,3362.0,A61,A71,3,A92,A101,4,A124,38,A143,A153,1,A174,1,A192,A201,2,1,0,39571.0,KENYA
A14,27,A34,A42,1260.0,A64,A72,4,A93,A101,2,A121,32,A142,A152,2,A172,2,A192,A201,1,0,0,20426.0,KENYA
A11,12,A30,A45,287.0,A61,A74,4,A93,A101,3,A121,28,A143,A152,2,A173,1,A191,A201,2,1,0,2945.0,KENYA
A14,12,A32,A42,257.0,A63,A73,4,A92,A101,4,A123,29,A143,A151,1,A172,1,A191,A201,2,1,0,4719.0,KENYA
A12,24,A34,A410,3357.0,A61,A73,2,A93,A102,3,A123,39,A143,A152,2,A174,2,A192,A201,2,1,1,58584.0,KENYA
A14,6,A34,A40,501.0,A63,A73,1,A94,A101,2,A123,24,A143,A152,1,A173,1,A191,A201,1,0,1,8497.0,KENYA
A14,12,A32,A46,161.0,A61,A75,4,A93,A101,4,A123,41,A141,A152,1,A172,2,A191,A201,2,1,0,2059.0,KENYA
A11,36,A32,A42,936.0,A61,A73,1,A93,A103,2,A122,37,A143,A152,1,A173,2,A191,A201,1,0,0,21396.0,KENYA
A14,6,A34,A43,427.0,A61,A74,1,A92,A101,2,A123,24,A143,A151,2,A173,1,A192,A201,1,0,1,7860.0,KENYA
A11,24,A31,A42,644.0,A63,A73,4,A93,A101,4,A121,22,A142,A152,1,A173,1,A192,A201,1,0,0,7900.0,KENYA
A12,48,A33,A49,1428.0,A65,A73,4,A93,A101,4,A124,38,A143,A153,1,A173,2,A192,A201,1,0,0,24873.0,KENYA
A14,10,A32,A40,377.0,A61,A73,2,A92,A101,4,A123,64,A143,A152,1,A173,1,A192,A201,1,0,0,6707.0,KENYA
A11,18,A32,A43,787.0,A61,A74,4,A92,A103,1,A121,25,A143,A152,1,A173,1,A191,A201,1,0,0,20279.0,KENYA
A11,24,A32,A42,1060.0,A61,A73,4,A93,A101,4,A122,28,A143,A152,1,A173,1,A191,A201,1,0,0,12358.0,KENYA
A11,24,A32,A43,412.0,A61,A72,4,A91,A101,3,A122,32,A143,A152,1,A173,1,A191,A201,2,1,0,9546.0,KENYA
A13,12,A32,A42,332.0,A61,A72,4,A92,A101,1,A122,33,A141,A152,1,A174,1,A192,A201,1,0,0,7323.0,KENYA
A13,12,A32,A43,811.0,A65,A75,2,A93,A101,3,A123,37,A143,A152,1,A174,1,A191,A201,1,0,1,15569.0,KENYA
A14,24,A34,A43,734.0,A64,A75,2,A93,A101,2,A123,34,A143,A152,1,A173,1,A191,A201,1,0,0,16552.0,KENYA
A14,24,A33,A49,944.0,A61,A73,1,A93,A101,2,A124,32,A143,A153,1,A173,1,A191,A201,1,0,1,20725.0,KENYA
A14,36,A32,A43,1050.0,A65,A75,2,A92,A101,4,A121,45,A143,A152,1,A172,1,A192,A201,1,0,1,21456.0,KENYA
A11,24,A34,A41,1761.0,A61,A75,2,A92,A101,4,A124,44,A143,A153,2,A174,2,A192,A201,1,0,0,28817.0,KENYA
A11,10,A32,A43,595.0,A61,A75,3,A93,A101,4,A121,52,A143,A152,1,A172,1,A191,A201,1,0,0,7734.0,KENYA
A14,6,A32,A42,437.0,A64,A73,4,A91,A101,2,A121,33,A143,A152,1,A173,1,A191,A201,1,0,1,6946.0,KENYA
A12,18,A33,A42,1219.0,A61,A75,4,A91,A101,3,A124,40,A143,A152,1,A174,1,A192,A201,2,1,0,15223.0,KENYA
A11,24,A33,A40,1049.0,A61,A73,3,A93,A101,4,A124,53,A143,A153,2,A173,2,A191,A201,2,1,1,13298.0,KENYA
A11,36,A34,A42,1549.0,A61,A72,4,A92,A102,4,A124,23,A143,A151,2,A172,1,A192,A201,2,1,0,35105.0,KENYA
A12,9,A32,A43,443.0,A61,A72,4,A92,A101,2,A123,22,A143,A152,1,A173,1,A192,A201,2,1,0,10862.0,KENYA
A11,48,A32,A44,796.0,A61,A73,3,A93,A101,4,A123,54,A143,A152,1,A173,1,A191,A201,2,1,0,15394.0,KENYA
A12,30,A32,A42,829.0,A62,A73,2,A92,A102,4,A123,21,A143,A151,1,A173,1,A191,A201,2,1,0,10605.0,KENYA
A12,6,A33,A42,236.0,A61,A71,4,A93,A101,1,A122,35,A142,A152,2,A174,1,A192,A201,1,0,0,2391.0,KENYA
A13,9,A32,A43,207.0,A61,A73,3,A92,A101,2,A121,28,A143,A152,1,A172,1,A191,A201,2,1,0,5082.0,KENYA
A14,24,A32,A43,424.0,A62,A73,4,A93,A101,4,A123,29,A143,A151,1,A174,1,A192,A201,1,0,0,7774.0,KENYA
A11,6,A32,A40,172.0,A61,A72,3,A93,A101,4,A121,41,A143,A152,1,A172,2,A192,A201,1,0,1,4371.0,KENYA
A13,36,A32,A43,1303.0,A61,A73,4,A93,A101,1,A123,24,A143,A152,1,A173,1,A191,A201,1,0,0,33742.0,KENYA
A12,24,A33,A49,1270.0,A65,A73,4,A93,A101,2,A122,37,A141,A152,2,A174,1,A192,A201,1,0,0,13408.0,KENYA
A11,9,A32,A42,614.0,A61,A73,3,A93,A101,2,A121,25,A143,A152,1,A173,1,A191,A201,1,0,1,6244.0,KENYA
A13,12,A34,A40,406.0,A63,A71,2,A93,A101,4,A124,66,A141,A153,3,A171,1,A191,A201,1,0,0,4135.0,KENYA
A13,9,A32,A43,251.0,A62,A75,2,A91,A101,4,A121,49,A143,A152,1,A173,1,A191,A201,1,1,1,5663.0,KENYA
A11,12,A32,A43,310.0,A61,A73,2,A93,A101,2,A121,20,A143,A151,1,A174,2,A192,A201,1,1,1,4416.0,KENYA
A12,9,A34,A42,431.0,A61,A74,4,A93,A101,3,A123,35,A143,A151,1,A173,1,A192,A201,1,0,1,7754.0,KENYA
A14,33,A34,A41,2069.0,A61,A74,3,A93,A101,2,A123,35,A143,A152,2,A174,1,A192,A201,1,0,0,51162.0,KENYA
A14,24,A32,A49,1002.0,A64,A73,2,A93,A101,3,A122,54,A143,A152,3,A174,1,A192,A201,2,1,1,18327.0,KENYA
A12,8,A32,A49,212.0,A61,A72,3,A94,A101,2,A121,26,A143,A152,1,A173,1,A192,A201,1,0,1,3746.0,KENYA
A12,18,A32,A43,685.0,A63,A72,1,A94,A101,3,A121,25,A143,A151,1,A173,1,A191,A201,1,0,1,13714.0,KENYA
A14,36,A33,A41,2179.0,A65,A74,3,A93,A101,2,A123,31,A142,A152,1,A174,2,A192,A201,1,0,0,37856.0,KENYA
A11,6,A32,A40,176.0,A61,A72,3,A93,A101,4,A121,41,A143,A152,1,A172,2,A192,A201,1,0,1,2354.0,KENYA
A14,24,A34,A43,476.0,A61,A74,4,A94,A103,2,A123,33,A143,A152,2,A173,1,A192,A201,1,0,1,6052.0,KENYA
A11,12,A32,A43,610.0,A61,A73,4,A93,A101,3,A122,24,A143,A152,1,A172,1,A191,A201,1,0,1,12018.0,KENYA
A14,22,A32,A43,760.0,A63,A75,3,A93,A101,4,A123,40,A143,A152,1,A173,1,A191,A201,1,0,1,14048.0,KENYA
A11,48,A31,A49,1899.0,A61,A74,2,A92,A103,4,A123,37,A143,A151,1,A173,1,A191,A201,2,1,1,45096.0,KENYA
A14,15,A32,A43,465.0,A65,A75,4,A93,A101,2,A123,35,A143,A152,1,A173,1,A191,A201,1,0,1,8935.0,KENYA
A14,6,A32,A42,422.0,A61,A73,1,A94,A101,2,A122,21,A143,A151,1,A173,1,A191,A201,1,0,1,4855.0,KENYA
A14,48,A33,A43,1873.0,A65,A75,3,A93,A101,3,A123,32,A141,A152,2,A173,2,A191,A201,1,0,1,46973.0,KENYA
A11,18,A32,A43,819.0,A61,A74,4,A92,A103,1,A121,25,A143,A152,1,A173,1,A191,A201,1,0,0,20620.0,KENYA
A14,15,A32,A41,1102.0,A61,A73,3,A93,A101,2,A123,30,A143,A152,1,A173,1,A192,A201,1,0,0,26363.0,KENYA
A11,36,A32,A42,881.0,A61,A75,4,A93,A101,2,A123,42,A143,A152,1,A173,2,A191,A201,2,1,0,16310.0,KENYA
A11,6,A32,A40,332.0,A62,A75,3,A93,A101,2,A122,43,A143,A152,1,A173,1,A192,A201,1,0,0,8390.0,KENYA
A14,36,A33,A41,2080.0,A65,A74,3,A93,A101,2,A123,31,A142,A152,1,A174,2,A192,A201,1,0,0,30902.0,KENYA
A12,21,A32,A42,1072.0,A65,A74,2,A93,A101,3,A123,35,A143,A152,1,A173,1,A192,A201,1,0,0,27848.0,KENYA
A11,15,A32,A42,416.0,A61,A72,4,A92,A103,1,A122,46,A143,A151,1,A173,1,A191,A201,1,0,1,10593.0,KENYA
A14,12,A34,A43,284.0,A65,A75,4,A92,A101,2,A121,38,A143,A152,2,A173,1,A192,A201,1,0,0,6954.0,KENYA
A14,12,A32,A40,782.0,A65,A71,4,A93,A101,4,A124,38,A143,A152,1,A174,1,A192,A201,1,0,1,18734.0,KENYA
A13,15,A34,A41,531.0,A63,A73,2,A93,A101,2,A123,36,A143,A152,1,A173,1,A192,A201,1,0,1,11536.0,KENYA
A14,24,A34,A41,1941.0,A65,A73,2,A93,A101,4,A122,46,A143,A152,2,A174,2,A192,A201,1,0,1,44117.0,KENYA
A14,48,A34,A49,2055.0,A65,A75,4,A91,A101,2,A123,46,A141,A152,2,A174,2,A191,A201,1,0,0,21014.0,KENYA
A11,30,A32,A42,594.0,A61,A74,4,A92,A101,4,A121,23,A143,A151,1,A173,1,A191,A201,2,1,0,13421.0,KENYA
A11,12,A32,A40,508.0,A61,A73,4,A92,A103,4,A122,29,A143,A152,1,A173,1,A192,A201,1,0,1,10274.0,KENYA
A14,21,A34,A41,794.0,A61,A75,1,A93,A101,4,A123,36,A143,A152,1,A174,1,A192,A201,1,0,0,19867.0,KENYA
A11,18,A34,A40,955.0,A61,A75,1,A92,A101,4,A121,33,A141,A151,3,A173,1,A192,A201,2,1,0,20890.0,KENYA
A11,12,A31,A48,73.0,A61,A75,4,A94,A101,1,A123,45,A141,A152,1,A172,1,A191,A201,1,0,0,938.0,KENYA
A14,15,A34,A43,313.0,A61,A73,4,A93,A101,2,A122,31,A143,A152,2,A173,1,A191,A201,1,0,0,5625.0,KENYA
A12,13,A34,A43,251.0,A61,A72,4,A93,A103,4,A121,23,A143,A152,2,A173,1,A191,A201,1,0,0,2950.0,KENYA
A14,24,A34,A40,514.0,A64,A75,4,A93,A101,4,A121,60,A143,A152,1,A173,1,A192,A201,1,0,1,10924.0,KENYA
A14,18,A32,A49,349.0,A62,A73,3,A92,A101,4,A122,24,A143,A151,1,A172,1,A191,A201,1,0,1,4951.0,KENYA
A12,36,A33,A49,2498.0,A62,A74,1,A93,A101,3,A122,31,A143,A152,2,A172,2,A192,A201,1,0,0,34608.0,KENYA
A12,27,A33,A41,1391.0,A61,A75,1,A93,A101,2,A123,30,A143,A152,2,A174,1,A192,A201,1,0,1,22798.0,KENYA
A12,9,A31,A41,1182.0,A61,A75,2,A92,A101,4,A124,74,A141,A153,1,A174,2,A192,A201,2,1,1,17315.0,KENYA
A11,48,A34,A41,1443.0,A61,A75,4,A92,A101,4,A124,58,A142,A153,2,A172,1,A191,A201,2,1,0,21646.0,KENYA
A13,9,A30,A43,305.0,A61,A72,4,A93,A101,2,A123,34,A143,A152,2,A174,1,A192,A201,2,1,0,7626.0,KENYA
A14,12,A31,A48,874.0,A63,A73,4,A92,A101,3,A121,35,A143,A152,1,A172,2,A191,A201,1,0,0,21527.0,KENYA
A12,26,A32,A41,1999.0,A61,A72,2,A93,A101,3,A123,30,A143,A152,2,A173,1,A191,A201,1,0,0,28035.0,KENYA
A14,36,A34,A41,1601.0,A61,A75,2,A93,A101,2,A122,35,A143,A152,2,A173,2,A192,A201,1,0,1,40651.0,KENYA
A11,12,A30,A40,296.0,A61,A73,4,A93,A101,4,A123,48,A141,A152,2,A173,1,A191,A201,2,1,0,6078.0,KENYA
A11,18,A31,A40,337.0,A61,A74,4,A93,A101,4,A124,32,A143,A153,2,A172,2,A191,A201,2,1,1,7410.0,KENYA
A13,6,A34,A40,324.0,A61,A73,1,A93,A101,1,A121,74,A143,A152,3,A171,2,A191,A202,1,0,0,7061.0,KENYA
A11,12,A31,A43,570.0,A61,A73,4,A91,A101,1,A124,29,A143,A153,1,A173,1,A191,A201,2,1,1,6616.0,KENYA
A13,12,A31,A43,109.0,A64,A73,3,A92,A101,3,A121,42,A143,A151,2,A173,1,A191,A201,1,0,1,1946.0,KENYA
A12,48,A30,A49,3996.0,A61,A73,2,A93,A101,2,A123,25,A143,A152,1,A173,1,A192,A201,2,1,0,53787.0,KENYA
A14,4,A34,A40,795.0,A61,A74,1,A92,A101,1,A121,37,A143,A152,1,A173,2,A191,A201,1,0,1,18743.0,KENYA
A14,10,A32,A40,364.0,A65,A75,4,A93,A102,2,A122,45,A143,A152,1,A172,1,A191,A202,1,0,0,5828.0,KENYA
A11,6,A32,A40,3592.0,A61,A75,1,A93,A101,4,A124,68,A141,A152,1,A174,1,A192,A201,2,1,1,61675.0,KENYA
A12,15,A32,A43,364.0,A65,A72,4,A93,A101,1,A122,23,A143,A152,1,A173,1,A191,A201,1,0,0,6653.0,KENYA
A11,12,A32,A42,278.0,A61,A73,2,A92,A101,4,A123,20,A143,A151,1,A173,1,A191,A201,2,1,0,5822.0,KENYA
A12,9,A34,A42,510.0,A61,A74,4,A93,A101,3,A123,35,A143,A151,1,A173,1,A192,A201,1,0,1,9483.0,KENYA
A14,18,A33,A49,566.0,A61,A73,4,A94,A101,2,A123,28,A143,A152,1,A173,1,A192,A201,2,1,0,14455.0,KENYA
A12,27,A34,A43,553.0,A63,A73,4,A93,A101,2,A122,23,A143,A152,2,A172,1,A191,A201,2,1,1,7572.0,KENYA
A12,18,A32,A41,780.0,A61,A73,1,A94,A101,3,A123,21,A143,A151,1,A173,1,A192,A201,1,0,1,14973.0,KENYA
A11,15,A34,A42,371.0,A61,A73,4,A92,A101,3,A122,25,A143,A151,2,A173,1,A191,A201,1,0,1,3913.0,KENYA
A14,18,A32,A43,387.0,A61,A72,3,A92,A101,1,A121,26,A143,A152,1,A173,1,A191,A201,1,0,0,4760.0,KENYA
A14,24,A34,A43,768.0,A61,A73,4,A93,A101,2,A121,35,A143,A152,2,A172,1,A191,A201,1,0,1,9628.0,KENYA
A14,21,A34,A40,3497.0,A65,A75,4,A93,A101,4,A124,30,A143,A153,1,A174,1,A192,A201,2,1,1,90375.0,KENYA
A12,9,A32,A43,573.0,A61,A73,2,A93,A101,2,A121,37,A143,A152,1,A172,2,A191,A201,1,0,0,7948.0,KENYA
A14,18,A32,A42,536.0,A61,A73,3,A93,A101,4,A121,43,A143,A152,1,A173,1,A192,A201,1,0,0,11652.0,KENYA
A11,12,A32,A42,633.0,A61,A73,2,A91,A101,1,A123,42,A143,A152,1,A173,1,A191,A201,1,0,1,8037.0,KENYA
A12,12,A32,A42,681.0,A65,A75,1,A92,A101,2,A122,25,A141,A152,1,A173,1,A192,A201,2,1,0,8262.0,KENYA
A12,15,A34,A49,496.0,A63,A73,2,A93,A101,4,A123,27,A141,A152,1,A173,1,A191,A201,1,0,0,6416.0,KENYA
A14,48,A34,A40,2296.0,A63,A73,2,A93,A101,2,A124,44,A141,A153,1,A173,1,A191,A201,2,1,1,49641.0,KENYA
A12,12,A32,A40,219.0,A62,A72,4,A92,A101,2,A122,23,A141,A152,1,A172,1,A191,A201,2,1,1,3100.0,KENYA
A14,36,A34,A40,763.0,A61,A74,4,A93,A101,4,A123,37,A143,A152,2,A173,1,A192,A201,1,0,1,10662.0,KENYA
A11,24,A32,A40,387.0,A61,A74,4,A92,A101,4,A123,23,A143,A151,2,A173,1,A191,A201,2,1,0,5659.0,KENYA
A12,18,A32,A43,274.0,A61,A73,4,A92,A103,4,A121,26,A143,A152,1,A172,2,A191,A201,1,0,0,6458.0,KENYA
A11,20,A32,A42,504.0,A65,A74,4,A93,A101,4,A123,39,A143,A152,1,A173,1,A192,A201,1,0,0,5648.0,KENYA
A14,24,A32,A40,560.0,A65,A72,4,A93,A101,1,A122,54,A143,A152,1,A173,1,A191,A201,1,0,1,14552.0,KENYA
A13,12,A32,A42,590.0,A61,A73,1,A92,A101,2,A123,46,A143,A152,1,A172,1,A191,A201,1,0,0,13519.0,KENYA
A12,18,A34,A42,1798.0,A61,A75,2,A93,A101,1,A124,41,A143,A152,1,A173,1,A192,A201,1,0,1,35827.0,KENYA
A12,15,A32,A45,406.0,A62,A73,4,A93,A103,2,A121,22,A143,A152,1,A173,1,A191,A201,1,0,1,7116.0,KENYA
A12,9,A32,A40,69.0,A61,A73,4,A94,A101,4,A121,22,A143,A151,1,A172,1,A191,A201,1,0,0,1271.0,KENYA
A11,8,A34,A40,867.0,A61,A74,1,A93,A101,4,A121,39,A143,A152,2,A172,1,A191,A202,1,0,0,10136.0,KENYA
A12,48,A30,A49,876.0,A62,A74,4,A93,A101,4,A124,34,A143,A153,1,A172,2,A191,A201,2,1,1,8852.0,KENYA
A14,21,A32,A41,618.0,A65,A75,4,A93,A101,4,A121,46,A143,A152,1,A174,1,A192,A201,1,0,1,13904.0,KENYA
A11,24,A32,A40,322.0,A65,A73,4,A92,A101,4,A121,25,A143,A151,1,A173,1,A191,A201,2,1,1,3903.0,KENYA
A11,9,A32,A43,316.0,A61,A72,3,A92,A101,4,A122,22,A143,A151,1,A173,1,A191,A201,2,1,0,4948.0,KENYA
A12,18,A32,A41,621.0,A61,A73,1,A94,A101,3,A123,21,A143,A151,1,A173,1,A192,A201,1,0,0,7112.0,KENYA
A11,18,A32,A40,330.0,A61,A72,4,A92,A101,3,A123,23,A143,A151,1,A173,1,A192,A201,2,1,1,6762.0,KENYA
A11,24,A32,A40,409.0,A61,A74,4,A92,A101,4,A123,23,A143,A151,2,A173,1,A191,A201,2,1,1,5319.0,KENYA
A12,9,A32,A43,403.0,A61,A72,4,A92,A101,2,A123,22,A143,A152,1,A173,1,A192,A201,2,1,1,8671.0,KENYA
A11,36,A34,A42,1433.0,A61,A73,3,A93,A103,2,A122,28,A143,A152,2,A173,1,A191,A201,1,0,0,22425.0,KENYA
A11,12,A32,A43,625.0,A61,A73,4,A93,A101,3,A122,24,A143,A152,1,A172,1,A191,A201,1,0,0,12609.0,KENYA
A12,11,A33,A43,1298.0,A61,A74,2,A93,A101,4,A122,51,A143,A152,1,A173,1,A191,A201,1,0,0,19569.0,KENYA
A11,48,A30,A42,1797.0,A61,A73,3,A93,A101,4,A124,53,A143,A153,2,A173,2,A191,A201,2,1,0,37742.0,KENYA
A12,18,A32,A41,3473.0,A61,A71,3,A92,A101,4,A124,38,A143,A153,1,A174,1,A192,A201,2,1,0,55129.0,KENYA
A12,24,A32,A40,312.0,A61,A72,3,A92,A101,4,A123,25,A143,A152,1,A172,1,A192,A201,2,1,1,5757.0,KENYA
A13,42,A30,A49,1501.0,A61,A72,2,A91,A101,1,A122,33,A143,A152,2,A173,1,A191,A201,1,0,0,26060.0,KENYA
A14,24,A32,A40,404.0,A62,A75,4,A94,A101,4,A121,41,A143,A151,1,A172,1,A191,A201,1,0,0,5893.0,KENYA
A11,36,A34,A41,2690.0,A61,A74,4,A93,A101,4,A123,24,A143,A152,2,A173,1,A192,A201,2,1,0,52956.0,KENYA
A11,18,A32,A43,770.0,A61,A74,4,A92,A103,1,A121,25,A143,A152,1,A173,1,A191,A201,1,0,1,20007.0,KENYA
A11,11,A34,A40,1057.0,A61,A73,1,A93,A101,2,A121,40,A143,A152,2,A172,2,A191,A201,1,0,0,16096.0,KENYA
A14,24,A34,A41,1865.0,A65,A73,2,A93,A101,4,A122,46,A143,A152,2,A174,2,A192,A201,1,0,0,42340.0,KENYA
A13,24,A32,A42,838.0,A61,A72,2,A92,A101,4,A123,26,A143,A152,1,A173,1,A191,A201,1,0,0,12727.0,KENYA
A14,12,A32,A42,313.0,A63,A73,4,A92,A101,4,A123,29,A143,A151,1,A172,1,A191,A201,2,1,0,4005.0,KENYA
A14,36,A34,A41,2999.0,A65,A73,4,A93,A101,2,A123,30,A143,A152,1,A174,1,A192,A201,1,0,1,77430.0,KENYA
A11,16,A34,A40,689.0,A61,A75,2,A93,A103,4,A122,43,A141,A151,1,A173,1,A192,A201,2,1,0,9406.0,KENYA
A14,18,A32,A42,405.0,A61,A72,4,A94,A102,1,A122,43,A143,A152,1,A172,2,A191,A201,2,1,0,4671.0,KENYA
A14,21,A33,A49,739.0,A63,A72,4,A93,A101,2,A121,41,A141,A152,1,A172,2,A191,A201,2,1,1,17556.0,KENYA
A11,21,A34,A40,144.0,A61,A75,4,A93,A101,4,A121,65,A143,A152,2,A173,1,A191,A201,1,0,0,2630.0,KENYA
A13,9,A30,A43,342.0,A61,A72,4,A93,A101,2,A123,34,A143,A152,2,A174,1,A192,A201,2,1,0,5181.0,KENYA
A12,6,A34,A48,199.0,A65,A74,1,A92,A101,3,A122,39,A143,A152,2,A172,1,A191,A201,1,0,0,2149.0,KENYA
A11,12,A32,A40,987.0,A64,A73,1,A93,A101,3,A122,31,A143,A152,1,A173,2,A191,A201,1,0,0,17727.0,KENYA
A11,12,A32,A44,203.0,A62,A71,4,A92,A101,3,A122,22,A143,A152,1,A173,1,A191,A201,2,1,1,3658.0,KENYA
A12,24,A34,A43,397.0,A61,A75,4,A93,A101,2,A122,48,A143,A152,2,A172,1,A191,A201,1,0,0,6315.0,KENYA
A13,6,A34,A46,283.0,A61,A73,2,A92,A101,4,A122,50,A143,A152,1,A172,1,A191,A201,1,0,0,2962.0,KENYA
A12,27,A34,A43,639.0,A63,A73,4,A93,A101,2,A122,23,A143,A152,2,A172,1,A191,A201,2,1,1,13069.0,KENYA
A14,24,A32,A41,1347.0,A65,A71,2,A92,A101,4,A122,26,A143,A151,1,A174,1,A192,A201,1,0,0,26110.0,KENYA
A12,24,A34,A41,1885.0,A64,A75,2,A92,A101,4,A124,29,A143,A151,1,A173,1,A191,A201,1,0,1,28712.0,KENYA
A13,6,A32,A42,454.0,A61,A73,2,A93,A101,2,A121,41,A143,A152,1,A173,1,A192,A201,1,0,0,10388.0,KENYA
A14,20,A34,A40,870.0,A65,A72,2,A91,A101,4,A121,44,A143,A152,2,A173,1,A192,A201,1,0,1,12721.0,KENYA
A14,24,A34,A43,581.0,A62,A75,4,A93,A101,4,A122,52,A141,A152,2,A173,1,A191,A201,1,0,0,12164.0,KENYA
A14,36,A32,A49,2087.0,A65,A75,3,A93,A101,2,A122,37,A143,A152,2,A173,1,A191,A201,1,0,1,28429.0,KENYA
A11,36,A32,A42,649.0,A61,A75,2,A93,A101,2,A122,41,A141,A152,1,A173,2,A191,A201,2,1,0,12947.0,KENYA
A14,13,A32,A43,355.0,A62,A71,2,A92,A101,4,A121,64,A143,A152,1,A173,1,A191,A201,1,0,1,8950.0,KENYA
A14,15,A32,A40,839.0,A65,A73,3,A93,A101,2,A124,29,A143,A152,1,A173,1,A191,A201,1,0,1,14796.0,KENYA
A12,10,A32,A42,364.0,A61,A73,4,A91,A101,2,A123,31,A143,A152,1,A172,1,A191,A201,1,0,1,4808.0,KENYA
A14,12,A32,A41,343.0,A64,A74,3,A93,A101,2,A122,55,A143,A152,1,A173,1,A191,A202,1,0,1,5268.0,KENYA
A11,21,A34,A40,418.0,A61,A75,4,A94,A101,3,A123,30,A143,A152,2,A173,1,A192,A201,1,0,1,7468.0,KENYA
A14,36,A32,A46,2410.0,A65,A73,2,A93,A101,4,A124,35,A143,A153,1,A172,2,A192,A201,1,0,1,57094.0,KENYA
A14,10,A32,A46,163.0,A63,A75,4,A93,A101,4,A124,46,A143,A153,1,A173,1,A192,A201,1,0,1,2877.0,KENYA
A11,18,A32,A42,906.0,A61,A72,1,A92,A101,4,A123,22,A143,A151,1,A173,1,A191,A201,1,0,1,12289.0,KENYA
A12,36,A30,A49,483.0,A61,A75,4,A93,A101,4,A124,61,A143,A153,1,A174,1,A192,A201,2,1,0,9875.0,KENYA
A14,9,A32,A42,345.0,A61,A73,4,A92,A101,2,A121,26,A143,A151,1,A173,1,A191,A201,1,0,0,4917.0,KENYA
A12,30,A31,A42,781.0,A64,A73,4,A93,A101,2,A123,34,A142,A152,1,A173,2,A192,A201,1,0,1,8469.0,KENYA
A12,60,A31,A410,3901.0,A62,A75,3,A92,A101,4,A124,60,A141,A153,2,A174,1,A192,A201,2,1,1,50721.0,KENYA
A14,24,A32,A40,2238.0,A61,A73,1,A93,A101,4,A122,43,A143,A152,1,A172,2,A191,A201,1,0,0,42822.0,INDONESIA
A11,24,A32,A40,410.0,A65,A73,4,A92,A101,2,A122,35,A143,A152,1,A173,1,A191,A201,2,1,0,7083.0,INDONESIA
A14,24,A34,A43,522.0,A61,A74,4,A94,A103,2,A123,33,A143,A152,2,A173,1,A192,A201,1,0,0,11058.0,INDONESIA
A11,12,A34,A40,639.0,A61,A73,4,A93,A101,4,A122,38,A141,A152,2,A172,1,A191,A202,1,0,0,7998.0,INDONESIA
A14,12,A34,A40,348.0,A61,A75,4,A93,A101,4,A121,61,A143,A152,2,A172,1,A191,A201,1,0,0,9200.0,INDONESIA
A12,36,A32,A43,787.0,A62,A73,4,A92,A102,4,A124,50,A143,A153,1,A173,1,A191,A201,2,1,0,24574.0,INDONESIA
A12,9,A34,A43,299.0,A61,A75,2,A93,A101,4,A121,37,A143,A152,3,A172,1,A191,A201,1,0,0,9286.0,INDONESIA
A14,6,A34,A40,66.0,A64,A73,2,A92,A101,2,A121,41,A141,A152,2,A172,1,A191,A201,1,0,0,1773.0,INDONESIA
A12,10,A32,A40,2372.0,A61,A71,2,A93,A101,4,A124,70,A141,A153,1,A174,1,A192,A201,1,0,0,74885.0,INDONESIA
A12,18,A34,A40,330.0,A61,A75,3,A93,A103,3,A121,30,A141,A152,2,A173,1,A191,A201,2,1,0,9722.0,INDONESIA
A14,7,A33,A43,266.0,A65,A75,3,A93,A101,4,A124,36,A143,A153,1,A173,1,A191,A201,1,0,0,8518.0,INDONESIA
A12,15,A32,A43,486.0,A65,A72,4,A93,A101,1,A122,23,A143,A152,1,A173,1,A191,A201,1,0,0,15343.0,INDONESIA
A11,24,A32,A43,428.0,A62,A73,4,A92,A101,2,A123,32,A143,A152,1,A172,1,A191,A201,2,1,0,13164.0,INDONESIA
A14,24,A34,A46,604.0,A65,A73,3,A92,A101,2,A123,33,A143,A152,2,A173,1,A192,A201,1,0,0,8063.0,INDONESIA
A12,12,A32,A40,378.0,A61,A75,1,A91,A101,1,A121,46,A143,A151,2,A173,1,A191,A201,2,1,0,9787.0,INDONESIA
A12,9,A32,A40,88.0,A61,A73,4,A94,A101,4,A121,22,A143,A151,1,A172,1,A191,A201,1,0,0,2734.0,INDONESIA
A11,48,A32,A43,2017.0,A61,A73,3,A92,A101,2,A123,31,A143,A152,1,A173,1,A192,A201,2,1,0,39663.0,INDONESIA
A12,24,A34,A49,760.0,A65,A74,4,A93,A101,3,A124,34,A143,A152,2,A173,2,A192,A201,1,0,0,15845.0,INDONESIA
A11,11,A34,A40,1185.0,A61,A73,2,A93,A101,2,A121,36,A143,A151,2,A173,2,A191,A201,1,0,0,24607.0,INDONESIA
A12,6,A34,A48,319.0,A65,A74,1,A92,A101,3,A122,39,A143,A152,2,A172,1,A191,A201,1,0,1,6781.0,INDONESIA
A11,48,A32,A40,1069.0,A61,A74,4,A93,A101,4,A124,46,A143,A153,1,A173,2,A191,A201,2,1,1,18836.0,INDONESIA
A14,10,A34,A40,334.0,A61,A75,3,A93,A101,4,A121,32,A143,A152,2,A172,2,A191,A202,1,0,1,4689.0,INDONESIA
A12,36,A33,A49,1229.0,A61,A73,2,A91,A101,2,A121,30,A142,A152,2,A174,1,A192,A201,2,1,0,17490.0,INDONESIA
A14,15,A33,A41,1093.0,A61,A72,1,A92,A101,2,A122,46,A143,A152,2,A172,1,A191,A201,1,0,1,26990.0,INDONESIA
A11,24,A32,A42,521.0,A61,A72,4,A93,A102,1,A122,24,A143,A152,1,A172,1,A191,A202,1,0,0,10973.0,INDONESIA
A11,20,A32,A42,625.0,A65,A74,4,A93,A101,4,A123,39,A143,A152,1,A173,1,A192,A201,1,0,0,10281.0,INDONESIA
A14,10,A34,A42,554.0,A65,A73,2,A94,A101,1,A123,26,A143,A152,2,A173,1,A191,A202,1,0,0,8030.0,INDONESIA
A11,14,A32,A40,2348.0,A61,A75,1,A91,A101,4,A122,45,A143,A152,1,A174,1,A192,A202,2,1,1,48280.0,INDONESIA
A11,30,A30,A49,2204.0,A65,A72,2,A93,A101,3,A123,25,A141,A152,3,A173,1,A191,A201,1,0,1,60787.0,INDONESIA
A14,12,A32,A43,851.0,A61,A73,2,A93,A101,4,A123,52,A143,A152,1,A173,1,A192,A201,1,0,1,22686.0,INDONESIA
A14,6,A34,A43,368.0,A61,A73,1,A92,A101,1,A123,28,A143,A152,2,A173,1,A192,A201,1,0,0,5852.0,INDONESIA
A12,6,A33,A49,404.0,A62,A75,1,A91,A101,2,A123,31,A141,A152,2,A173,2,A191,A201,1,0,1,5803.0,INDONESIA
A14,12,A32,A43,501.0,A61,A72,4,A92,A101,3,A123,34,A143,A152,1,A173,2,A191,A201,1,0,0,7155.0,INDONESIA
A12,24,A32,A40,1201.0,A62,A74,2,A93,A101,3,A123,38,A141,A152,2,A173,1,A192,A201,1,0,0,25746.0,INDONESIA
A14,18,A34,A42,1109.0,A61,A72,3,A91,A101,2,A123,35,A143,A152,2,A174,1,A192,A201,1,0,0,27482.0,INDONESIA
A14,18,A32,A40,767.0,A65,A74,4,A93,A101,3,A122,32,A143,A152,1,A173,1,A191,A202,1,0,0,17718.0,INDONESIA
A14,12,A34,A43,496.0,A61,A75,2,A93,A101,2,A124,26,A143,A152,2,A173,1,A191,A201,1,0,0,15350.0,INDONESIA
A14,48,A34,A46,2052.0,A61,A73,1,A93,A101,3,A124,31,A141,A153,1,A173,1,A192,A201,1,0,1,61661.0,INDONESIA
A12,9,A32,A40,423.0,A65,A72,4,A93,A101,2,A121,35,A143,A152,1,A171,1,A191,A201,1,0,0,6702.0,INDONESIA
A14,18,A34,A40,802.0,A61,A74,2,A93,A101,2,A122,31,A141,A152,2,A173,1,A191,A201,2,1,1,13075.0,INDONESIA
A14,15,A32,A40,847.0,A64,A74,2,A92,A101,3,A123,20,A143,A151,1,A173,1,A191,A201,1,0,1,13346.0,INDONESIA
A14,12,A34,A40,298.0,A61,A71,1,A92,A101,2,A122,38,A143,A152,1,A171,1,A191,A201,1,0,0,6032.0,INDONESIA
A12,18,A30,A42,839.0,A61,A73,1,A92,A101,4,A123,33,A141,A152,2,A173,1,A192,A201,1,0,0,23707.0,INDONESIA
A12,12,A34,A44,369.0,A61,A74,4,A93,A101,3,A122,26,A143,A152,1,A173,1,A191,A201,1,0,0,11327.0,INDONESIA
A12,18,A34,A49,577.0,A65,A73,4,A94,A101,4,A121,28,A141,A152,2,A173,1,A191,A201,1,0,1,16757.0,INDONESIA
A11,6,A32,A40,404.0,A62,A75,3,A93,A101,2,A122,43,A143,A152,1,A173,1,A192,A201,1,0,1,6917.0,INDONESIA
A11,18,A31,A43,542.0,A61,A72,3,A93,A102,4,A124,36,A141,A153,1,A174,1,A192,A201,1,0,0,16060.0,INDONESIA
A12,9,A32,A46,309.0,A61,A74,4,A92,A101,4,A122,67,A143,A152,2,A174,1,A192,A201,1,0,0,5377.0,INDONESIA
A14,24,A32,A41,1155.0,A62,A74,3,A92,A101,4,A123,23,A143,A152,1,A173,1,A191,A201,1,0,0,15224.0,INDONESIA
A14,12,A32,A43,693.0,A62,A74,3,A93,A101,1,A124,35,A143,A152,1,A173,1,A191,A201,1,0,0,9979.0,INDONESIA
A13,24,A32,A40,311.0,A61,A74,4,A93,A101,3,A124,38,A141,A153,1,A173,2,A191,A201,2,1,1,6454.0,INDONESIA
A14,12,A32,A43,660.0,A62,A73,4,A92,A102,2,A121,28,A143,A152,1,A173,1,A191,A201,1,0,0,10723.0,INDONESIA
A12,11,A33,A43,1281.0,A61,A74,2,A93,A101,4,A122,51,A143,A152,1,A173,1,A191,A201,1,0,0,23588.0,INDONESIA
A14,15,A34,A43,577.0,A61,A75,4,A93,A101,4,A123,46,A143,A152,2,A173,1,A192,A201,1,0,0,14772.0,INDONESIA
A14,30,A34,A41,2178.0,A65,A75,1,A93,A101,4,A123,63,A143,A152,2,A173,1,A191,A201,1,0,1,35127.0,INDONESIA
A12,12,A32,A43,311.0,A61,A75,3,A94,A103,3,A121,40,A141,A152,2,A172,1,A191,A201,1,0,1,8404.0,INDONESIA
A11,18,A32,A40,354.0,A61,A72,4,A92,A101,3,A123,23,A143,A151,1,A173,1,A192,A201,2,1,0,7166.0,INDONESIA
A12,18,A33,A45,1631.0,A61,A73,2,A93,A101,4,A121,44,A143,A152,1,A172,2,A192,A201,1,0,0,31683.0,INDONESIA
A11,12,A32,A40,433.0,A61,A74,2,A91,A101,3,A123,36,A143,A152,1,A173,1,A191,A201,2,1,0,9811.0,INDONESIA
A12,30,A32,A43,790.0,A65,A75,2,A92,A101,4,A123,25,A143,A152,1,A173,1,A191,A201,1,0,1,16726.0,INDONESIA
A13,6,A34,A40,415.0,A61,A73,1,A93,A101,1,A121,74,A143,A152,3,A171,2,A191,A202,1,0,0,8648.0,INDONESIA
A14,10,A32,A40,425.0,A65,A73,4,A93,A103,4,A122,27,A143,A152,1,A172,1,A191,A201,2,1,0,11812.0,INDONESIA
A13,36,A32,A43,1990.0,A61,A73,4,A93,A101,1,A123,24,A143,A152,1,A173,1,A191,A201,1,0,1,30274.0,INDONESIA
A11,18,A32,A42,1247.0,A61,A72,1,A92,A101,4,A123,22,A143,A151,1,A173,1,A191,A201,1,0,0,16109.0,INDONESIA
A12,18,A32,A43,229.0,A61,A73,4,A94,A103,2,A121,25,A143,A152,1,A172,1,A191,A201,1,0,0,3282.0,INDONESIA
A12,36,A32,A43,879.0,A62,A73,4,A92,A102,4,A124,50,A143,A153,1,A173,1,A191,A201,2,1,1,11752.0,INDONESIA
A11,15,A33,A42,1120.0,A61,A75,1,A92,A101,4,A122,27,A143,A152,2,A172,1,A191,A201,1,0,0,23187.0,INDONESIA
A12,36,A34,A43,729.0,A61,A75,4,A93,A101,4,A121,36,A143,A152,1,A173,1,A191,A201,1,0,0,17637.0,INDONESIA
A14,6,A32,A42,1257.0,A61,A72,1,A92,A101,4,A122,32,A143,A152,1,A173,1,A191,A201,2,1,0,17895.0,INDONESIA
A12,48,A30,A49,3201.0,A65,A73,2,A93,A101,2,A123,48,A141,A152,1,A174,1,A192,A201,1,0,0,67656.0,INDONESIA
A13,18,A32,A42,979.0,A61,A72,1,A92,A101,1,A122,45,A142,A152,1,A172,1,A191,A201,1,0,1,18466.0,INDONESIA
A12,12,A32,A43,289.0,A61,A73,4,A92,A103,4,A121,49,A143,A152,2,A173,1,A192,A201,1,0,1,7360.0,INDONESIA
A12,30,A32,A43,835.0,A65,A75,2,A92,A101,4,A123,25,A143,A152,1,A173,1,A191,A201,1,0,1,17055.0,INDONESIA
A11,12,A32,A48,280.0,A61,A74,4,A94,A101,4,A122,21,A143,A151,1,A173,1,A191,A201,2,1,1,4086.0,INDONESIA
A14,18,A34,A43,578.0,A61,A73,4,A93,A101,2,A123,24,A143,A152,2,A173,1,A191,A201,1,0,0,15483.0,INDONESIA
A14,12,A33,A45,496.0,A64,A75,4,A93,A101,4,A124,55,A143,A153,2,A173,2,A191,A201,2,1,0,13533.0,INDONESIA
A11,12,A32,A42,181.0,A61,A73,2,A93,A103,3,A122,38,A143,A152,1,A172,2,A191,A201,1,0,1,5363.0,INDONESIA
A11,6,A34,A40,1200.0,A61,A73,1,A93,A101,3,A121,37,A143,A151,3,A173,2,A191,A201,1,0,0,22230.0,INDONESIA
A12,48,A32,A410,1551.0,A65,A71,3,A93,A101,4,A124,40,A141,A153,1,A171,1,A192,A201,1,0,0,22282.0,INDONESIA
A11,18,A32,A43,502.0,A65,A74,2,A94,A101,4,A123,23,A143,A151,2,A172,1,A191,A201,1,0,0,13848.0,INDONESIA
A14,7,A33,A43,242.0,A65,A75,3,A93,A101,4,A124,36,A143,A153,1,A173,1,A191,A201,1,0,0,5112.0,INDONESIA
A12,24,A32,A41,732.0,A65,A75,4,A93,A101,4,A124,36,A141,A153,1,A173,1,A192,A201,1,0,0,15241.0,INDONESIA
A14,24,A34,A43,925.0,A62,A75,3,A93,A101,4,A121,36,A143,A152,1,A173,2,A192,A201,1,0,1,18012.0,INDONESIA
A14,10,A32,A40,473.0,A62,A73,3,A93,A101,2,A121,35,A143,A151,1,A172,1,A191,A202,1,0,1,14627.0,INDONESIA
A14,15,A34,A40,1431.0,A65,A75,1,A92,A101,4,A123,59,A143,A152,1,A173,1,A192,A201,1,0,0,33490.0,INDONESIA
A14,21,A34,A42,696.0,A61,A72,4,A92,A101,4,A122,23,A143,A152,1,A173,1,A192,A201,1,0,0,19094.0,INDONESIA
A11,36,A31,A42,899.0,A61,A75,4,A93,A101,4,A123,31,A141,A152,1,A173,1,A191,A201,2,1,0,27208.0,INDONESIA
A14,12,A32,A43,998.0,A61,A73,2,A93,A101,4,A123,52,A143,A152,1,A173,1,A192,A201,1,0,0,29964.0,INDONESIA
A14,12,A34,A43,215.0,A65,A75,4,A92,A101,3,A122,33,A141,A152,1,A172,2,A191,A201,2,1,1,6758.0,INDONESIA
A14,36,A33,A41,2386.0,A65,A74,3,A93,A101,2,A123,31,A142,A152,1,A174,2,A192,A201,1,0,0,67447.0,INDONESIA
A14,24,A32,A42,1460.0,A62,A73,4,A93,A101,1,A123,25,A142,A152,1,A173,1,A191,A201,1,0,0,21106.0,INDONESIA
A11,18,A32,A40,671.0,A62,A74,4,A93,A101,3,A123,30,A143,A152,1,A174,2,A192,A201,1,0,1,10332.0,INDONESIA
A14,36,A32,A46,2653.0,A65,A73,2,A93,A101,4,A124,35,A143,A153,1,A172,2,A192,A201,1,0,1,53772.0,INDONESIA
A14,21,A34,A40,4269.0,A65,A75,4,A93,A101,4,A124,30,A143,A153,1,A174,1,A192,A201,2,1,0,94676.0,INDONESIA
A14,15,A32,A43,390.0,A63,A75,4,A93,A101,3,A122,47,A142,A152,1,A173,1,A192,A201,1,0,1,10037.0,INDONESIA
A13,24,A32,A43,1557.0,A61,A74,4,A93,A101,2,A123,25,A141,A152,1,A173,1,A191,A201,1,0,0,42379.0,INDONESIA
A12,12,A32,A48,222.0,A65,A75,4,A93,A101,4,A122,38,A143,A152,2,A173,1,A191,A201,1,0,1,3212.0,INDONESIA
A14,6,A32,A43,158.0,A61,A73,3,A92,A101,1,A121,29,A143,A152,1,A173,1,A191,A201,1,0,0,2140.0,INDONESIA
A14,24,A34,A43,709.0,A64,A75,2,A93,A101,2,A123,34,A143,A152,1,A173,1,A191,A201,1,0,0,19980.0,INDONESIA
A14,24,A32,A41,1606.0,A65,A71,2,A92,A101,4,A122,26,A143,A151,1,A174,1,A192,A201,1,0,0,49332.0,INDONESIA
A14,15,A34,A43,444.0,A61,A73,4,A93,A101,2,A122,31,A143,A152,2,A173,1,A191,A201,1,0,0,8141.0,INDONESIA
A14,36,A32,A43,1202.0,A65,A75,2,A92,A101,4,A121,45,A143,A152,1,A172,1,A192,A201,1,0,1,26363.0,INDONESIA
A13,12,A31,A43,107.0,A64,A73,3,A92,A101,3,A121,42,A143,A151,2,A173,1,A191,A201,1,0,0,3273.0,INDONESIA
A14,30,A34,A43,942.0,A61,A73,4,A92,A101,2,A123,33,A143,A152,1,A173,1,A192,A201,1,0,0,20131.0,INDONESIA
A14,22,A32,A43,757.0,A63,A75,3,A93,A101,4,A123,40,A143,A152,1,A173,1,A191,A201,1,0,1,10059.0,INDONESIA
A14,24,A33,A49,1125.0,A61,A73,1,A93,A101,2,A124,32,A143,A153,1,A173,1,A191,A201,1,0,1,26389.0,INDONESIA
A13,12,A31,A49,166.0,A61,A72,4,A92,A101,1,A121,26,A143,A152,1,A171,1,A191,A201,2,1,0,4982.0,INDONESIA
A12,48,A33,A46,1874.0,A61,A75,4,A93,A101,4,A124,50,A143,A153,1,A173,1,A191,A201,2,1,0,31243.0,INDONESIA
A12,15,A32,A43,232.0,A61,A75,4,A93,A101,3,A123,37,A143,A152,1,A173,2,A191,A201,2,1,0,5980.0,INDONESIA
A11,18,A32,A43,916.0,A61,A73,2,A92,A101,2,A121,24,A143,A152,1,A173,1,A191,A201,2,1,1,26274.0,INDONESIA
A11,9,A34,A43,350.0,A61,A73,4,A93,A101,4,A121,25,A143,A152,2,A172,1,A191,A201,1,0,1,7719.0,INDONESIA
A11,12,A32,A42,415.0,A61,A73,2,A92,A101,4,A123,20,A143,A151,1,A173,1,A191,A201,2,1,0,8857.0,INDONESIA
A14,12,A34,A40,305.0,A61,A71,1,A92,A101,2,A122,38,A143,A152,1,A171,1,A191,A201,1,0,0,5277.0,INDONESIA
A14,24,A32,A43,408.0,A61,A73,4,A94,A101,2,A122,28,A143,A152,1,A173,1,A191,A201,1,0,1,9428.0,INDONESIA
A14,6,A30,A40,390.0,A62,A73,4,A93,A101,1,A124,35,A141,A151,1,A173,1,A191,A202,1,0,1,11493.0,INDONESIA
A14,18,A31,A40,1812.0,A61,A75,2,A93,A101,4,A124,39,A141,A152,2,A174,2,A192,A201,2,1,1,23956.0,INDONESIA
A11,9,A32,A42,610.0,A61,A73,3,A93,A101,2,A121,25,A143,A152,1,A173,1,A191,A201,1,0,0,16778.0,INDONESIA
A12,36,A32,A41,1785.0,A61,A73,2,A93,A101,2,A123,35,A143,A151,1,A174,1,A192,A201,1,0,1,39719.0,INDONESIA
A11,48,A32,A43,2246.0,A61,A73,3,A92,A101,2,A123,31,A143,A152,1,A173,1,A192,A201,2,1,0,36737.0,INDONESIA
A12,9,A32,A42,655.0,A65,A74,2,A93,A101,1,A123,24,A143,A152,1,A173,1,A192,A201,1,0,0,17991.0,INDONESIA
A11,12,A34,A43,114.0,A61,A74,4,A92,A101,3,A121,58,A143,A152,4,A172,1,A192,A201,1,0,1,2093.0,INDONESIA
A14,18,A34,A40,345.0,A61,A73,4,A92,A101,3,A121,36,A143,A152,2,A173,1,A191,A201,1,0,0,7496.0,INDONESIA
A12,10,A31,A43,305.0,A61,A73,4,A93,A101,4,A121,23,A142,A152,1,A172,1,A191,A201,1,0,0,4907.0,INDONESIA
A13,21,A34,A46,677.0,A61,A72,2,A91,A101,1,A123,33,A143,A151,1,A173,1,A191,A201,2,1,0,19818.0,INDONESIA
A11,12,A32,A42,329.0,A61,A73,4,A93,A103,1,A122,21,A143,A152,1,A172,1,A191,A201,1,0,1,8120.0,INDONESIA
A11,42,A33,A43,1138.0,A61,A74,3,A93,A101,2,A122,26,A141,A152,2,A173,2,A192,A201,2,1,0,25154.0,INDONESIA
A11,12,A34,A40,707.0,A61,A73,4,A93,A101,4,A122,38,A141,A152,2,A172,1,A191,A202,1,1,1,19243.0,INDONESIA
A12,6,A32,A43,544.0,A61,A72,4,A94,A101,3,A123,30,A143,A151,1,A174,1,A192,A201,1,0,1,10163.0,INDONESIA
A14,18,A32,A43,478.0,A61,A72,3,A92,A101,1,A121,26,A143,A152,1,A173,1,A191,A201,1,0,0,6590.0,INDONESIA
A14,36,A32,A41,2546.0,A61,A73,1,A92,A101,2,A122,30,A141,A152,1,A173,1,A191,A201,1,0,1,77028.0,INDONESIA
A14,12,A34,A46,539.0,A61,A74,2,A93,A101,3,A121,49,A143,A152,1,A172,2,A191,A201,1,0,0,7670.0,INDONESIA
A12,45,A34,A41,1391.0,A62,A71,3,A93,A101,4,A123,27,A143,A152,1,A173,1,A191,A201,1,0,1,38554.0,INDONESIA
A14,7,A34,A43,222.0,A65,A75,4,A93,A101,2,A122,46,A143,A151,2,A172,1,A192,A201,1,0,0,4359.0,INDONESIA
A11,24,A32,A40,1259.0,A61,A74,2,A93,A102,3,A122,31,A143,A152,1,A173,1,A192,A201,2,1,0,17132.0,INDONESIA
A14,9,A32,A42,780.0,A62,A72,2,A92,A101,4,A122,22,A143,A151,1,A173,1,A191,A201,1,0,0,11136.0,INDONESIA
A14,30,A31,A41,2164.0,A65,A71,4,A92,A101,1,A121,53,A141,A152,1,A174,1,A192,A201,2,1,1,55175.0,INDONESIA
A11,42,A34,A45,969.0,A61,A71,4,A93,A102,4,A123,65,A143,A152,2,A171,1,A191,A201,1,0,0,18526.0,INDONESIA
A13,24,A34,A42,1212.0,A65,A75,4,A93,A102,4,A124,20,A143,A151,2,A173,1,A191,A201,1,0,0,22685.0,INDONESIA
A12,48,A30,A410,4941.0,A61,A73,1,A92,A101,2,A122,32,A141,A152,1,A174,1,A192,A202,2,1,0,151164.0,INDONESIA
A14,18,A32,A40,525.0,A61,A73,2,A94,A101,2,A122,30,A143,A152,1,A174,1,A192,A201,1,0,1,13057.0,INDONESIA
A14,48,A34,A40,2994.0,A63,A73,2,A93,A101,2,A124,44,A141,A153,1,A173,1,A191,A201,2,1,0,47796.0,INDONESIA
A12,12,A32,A40,403.0,A61,A75,1,A91,A101,1,A121,46,A143,A151,2,A173,1,A191,A201,2,1,0,8082.0,INDONESIA
A14,24,A32,A41,1563.0,A65,A71,2,A92,A101,4,A122,26,A143,A151,1,A174,1,A192,A201,1,0,0,43454.0,INDONESIA
A14,6,A31,A40,220.0,A65,A73,1,A93,A103,2,A121,26,A142,A152,1,A172,2,A191,A201,1,0,0,5562.0,INDONESIA
A12,8,A32,A42,396.0,A61,A73,3,A92,A101,4,A121,24,A143,A152,1,A173,1,A191,A201,2,1,0,7992.0,INDONESIA
A11,18,A32,A43,401.0,A61,A73,4,A94,A101,3,A121,26,A141,A152,1,A173,1,A191,A201,2,1,0,7988.0,INDONESIA
A12,6,A32,A43,112.0,A65,A75,4,A93,A101,4,A122,38,A143,A152,1,A173,1,A191,A201,1,0,0,2402.0,INDONESIA
A14,6,A32,A42,991.0,A63,A73,1,A93,A101,2,A123,32,A143,A152,1,A173,1,A192,A201,1,0,0,23830.0,INDONESIA
A12,18,A33,A45,1813.0,A61,A73,2,A93,A101,4,A121,44,A143,A152,1,A172,2,A192,A201,1,0,0,29282.0,INDONESIA
A14,12,A32,A40,452.0,A63,A73,2,A92,A101,2,A122,26,A143,A152,1,A173,1,A191,A201,2,1,1,14679.0,INDONESIA
A12,18,A34,A42,1802.0,A61,A75,2,A93,A101,1,A124,41,A143,A152,1,A173,1,A192,A201,1,0,0,40187.0,INDONESIA
A11,6,A32,A40,5002.0,A61,A75,1,A93,A101,4,A124,68,A141,A152,1,A174,1,A192,A201,2,1,0,128149.0,INDONESIA
A14,12,A34,A49,459.0,A61,A73,4,A92,A103,2,A121,29,A143,A152,2,A174,1,A192,A201,1,0,0,9942.0,INDONESIA
A14,6,A32,A41,323.0,A63,A73,2,A93,A101,4,A122,50,A143,A151,1,A173,1,A191,A201,1,0,0,6750.0,INDONESIA
A14,18,A32,A40,695.0,A65,A74,4,A93,A101,3,A122,32,A143,A152,1,A173,1,A191,A202,1,0,0,8729.0,INDONESIA
A14,12,A34,A42,478.0,A64,A74,3,A92,A101,2,A122,35,A143,A152,1,A173,1,A191,A202,1,0,0,14328.0,INDONESIA
A14,6,A32,A44,394.0,A63,A73,1,A91,A101,4,A121,62,A143,A152,1,A173,1,A191,A201,1,0,1,8819.0,INDONESIA
A11,12,A32,A43,459.0,A63,A75,3,A94,A101,1,A121,35,A143,A152,1,A173,1,A191,A201,1,0,0,10116.0,INDONESIA
A12,12,A32,A40,1853.0,A61,A74,2,A93,A101,2,A123,32,A143,A152,1,A173,1,A191,A201,1,0,0,57851.0,INDONESIA
A14,33,A34,A41,2263.0,A61,A74,3,A93,A101,2,A123,35,A143,A152,2,A174,1,A192,A201,1,0,0,48848.0,INDONESIA
A14,15,A32,A42,599.0,A63,A73,2,A92,A101,4,A123,20,A143,A151,1,A173,1,A191,A201,1,0,0,14014.0,INDONESIA
A11,24,A32,A40,404.0,A65,A73,4,A92,A101,2,A122,35,A143,A152,1,A173,1,A191,A201,2,1,0,5156.0,INDONESIA
A12,12,A32,A43,371.0,A61,A72,2,A93,A101,1,A123,22,A142,A152,1,A173,1,A191,A201,2,1,0,7517.0,INDONESIA
A11,18,A32,A43,868.0,A61,A73,2,A92,A101,2,A121,24,A143,A152,1,A173,1,A191,A201,2,1,0,13915.0,INDONESIA
A11,18,A32,A42,745.0,A61,A71,4,A93,A101,1,A123,25,A143,A152,1,A171,1,A191,A201,2,1,0,23185.0,INDONESIA
A14,24,A32,A43,432.0,A63,A74,4,A92,A101,1,A123,28,A143,A152,1,A173,1,A191,A201,1,0,0,10739.0,INDONESIA
A11,48,A30,A41,1507.0,A61,A75,3,A93,A101,4,A124,24,A143,A153,2,A173,2,A191,A201,2,1,1,37163.0,INDONESIA
A11,15,A32,A40,1174.0,A61,A73,3,A92,A101,2,A122,29,A143,A152,1,A173,1,A192,A201,2,1,0,33162.0,INDONESIA
A14,18,A32,A43,466.0,A61,A73,4,A93,A101,2,A124,32,A143,A153,1,A174,1,A192,A201,1,0,0,14613.0,INDONESIA
A12,15,A32,A40,892.0,A62,A73,2,A92,A101,4,A123,28,A143,A151,2,A173,1,A192,A201,2,1,0,17579.0,INDONESIA
A14,6,A32,A48,334.0,A65,A71,4,A93,A101,4,A122,36,A143,A152,1,A174,2,A192,A201,1,0,1,10348.0,INDONESIA
A12,18,A34,A42,338.0,A61,A72,4,A92,A101,1,A122,27,A143,A152,2,A173,1,A191,A201,1,0,0,7772.0,INDONESIA
A12,36,A32,A40,3247.0,A65,A73,1,A93,A101,4,A124,37,A143,A153,1,A173,1,A192,A201,2,1,1,85750.0,INDONESIA
A14,12,A32,A46,426.0,A61,A75,4,A93,A101,4,A122,47,A141,A152,3,A173,2,A192,A201,1,0,0,9070.0,INDONESIA
A12,6,A33,A49,408.0,A62,A75,1,A91,A101,2,A123,31,A141,A152,2,A173,2,A191,A201,1,0,0,7094.0,INDONESIA
A11,42,A34,A45,981.0,A61,A71,4,A93,A102,4,A123,65,A143,A152,2,A171,1,A191,A201,1,0,0,23498.0,INDONESIA
A14,6,A32,A43,423.0,A61,A74,3,A93,A101,2,A122,51,A143,A152,1,A173,2,A191,A201,1,0,0,10422.0,INDONESIA
A14,7,A33,A43,218.0,A65,A75,3,A93,A101,4,A124,36,A143,A153,1,A173,1,A191,A201,1,0,0,5180.0,INDONESIA
A12,6,A31,A46,146.0,A64,A72,4,A92,A101,2,A122,24,A141,A151,1,A173,2,A191,A201,2,1,0,2727.0,INDONESIA
A12,48,A30,A49,3498.0,A65,A73,2,A93,A101,2,A123,48,A141,A152,1,A174,1,A192,A201,1,0,0,62160.0,INDONESIA
A11,24,A32,A40,972.0,A61,A72,4,A92,A101,1,A122,27,A143,A152,1,A173,1,A191,A201,2,1,1,25598.0,INDONESIA
A12,20,A32,A41,1930.0,A65,A71,1,A91,A101,4,A121,60,A143,A152,1,A174,1,A192,A201,1,0,0,39309.0,INDONESIA
A14,28,A34,A43,862.0,A61,A75,4,A93,A101,2,A123,29,A143,A152,2,A173,1,A191,A201,1,0,1,13201.0,INDONESIA
A13,15,A32,A43,711.0,A61,A72,2,A92,A101,3,A121,25,A143,A152,1,A172,1,A191,A201,2,1,0,10818.0,INDONESIA
A11,24,A31,A43,505.0,A61,A74,4,A93,A103,4,A123,24,A141,A151,1,A172,1,A191,A201,2,1,0,10607.0,INDONESIA
A12,24,A33,A43,1794.0,A61,A72,1,A93,A101,2,A123,33,A143,A152,1,A173,1,A191,A201,1,0,1,25165.0,INDONESIA
A13,30,A34,A43,1047.0,A65,A75,4,A93,A101,4,A122,49,A142,A152,2,A172,1,A191,A201,1,0,0,25100.0,INDONESIA
A12,24,A32,A40,826.0,A61,A73,3,A92,A101,4,A122,20,A143,A151,1,A172,1,A192,A201,2,1,0,11402.0,INDONESIA
A14,36,A32,A46,564.0,A61,A73,4,A93,A101,4,A124,37,A142,A153,1,A173,1,A192,A201,2,1,1,16519.0,INDONESIA
A12,24,A31,A46,620.0,A61,A74,4,A92,A101,4,A124,34,A141,A153,1,A172,1,A191,A201,2,1,0,15737.0,INDONESIA
A13,12,A32,A42,424.0,A61,A72,4,A92,A101,1,A122,33,A141,A152,1,A174,1,A192,A201,1,0,0,12270.0,INDONESIA
A12,18,A32,A45,1103.0,A61,A71,2,A92,A101,4,A123,67,A143,A152,1,A173,1,A192,A201,1,0,1,22631.0,INDONESIA
A11,24,A31,A410,454.0,A65,A75,4,A93,A101,3,A123,40,A142,A152,1,A174,1,A192,A201,2,1,0,5814.0,INDONESIA
A11,18,A30,A42,879.0,A61,A72,1,A92,A101,4,A122,26,A143,A151,1,A173,1,A191,A201,2,1,0,12869.0,INDONESIA
A11,12,A32,A44,216.0,A62,A71,4,A92,A101,3,A122,22,A143,A152,1,A173,1,A191,A201,2,1,0,5584.0,INDONESIA
A14,12,A32,A46,243.0,A61,A75,4,A93,A101,4,A123,41,A141,A152,1,A172,2,A191,A201,2,1,0,3389.0,INDONESIA
A13,18,A32,A43,671.0,A61,A73,4,A93,A102,2,A121,37,A142,A152,1,A173,1,A191,A201,2,1,1,9849.0,INDONESIA
A11,24,A32,A43,519.0,A61,A71,4,A93,A101,2,A123,30,A142,A152,1,A174,2,A191,A201,2,1,1,15450.0,INDONESIA
A12,18,A34,A42,1942.0,A61,A75,2,A93,A101,1,A124,41,A143,A152,1,A173,1,A192,A201,1,0,0,33718.0,INDONESIA
A11,24,A32,A42,868.0,A65,A73,2,A94,A101,4,A123,20,A143,A152,1,A173,1,A191,A201,2,1,0,21954.0,INDONESIA
A14,24,A32,A43,636.0,A61,A74,4,A93,A101,2,A123,28,A143,A152,1,A173,1,A192,A201,1,0,1,17880.0,INDONESIA
A14,15,A31,A43,539.0,A62,A75,4,A93,A101,4,A123,34,A141,A152,1,A172,2,A191,A201,1,0,0,10980.0,INDONESIA
A11,18,A31,A42,437.0,A61,A73,4,A93,A101,3,A123,44,A141,A152,1,A173,1,A191,A201,2,1,1,9119.0,INDONESIA
A12,48,A33,A410,2449.0,A62,A71,2,A93,A101,4,A124,31,A143,A153,1,A174,1,A192,A201,1,0,0,62285.0,INDONESIA
A14,24,A32,A49,360.0,A61,A74,4,A93,A101,1,A121,25,A143,A152,1,A173,1,A192,A201,1,0,1,10749.0,INDONESIA
A12,12,A32,A40,365.0,A64,A75,4,A93,A101,4,A121,54,A143,A152,1,A173,1,A192,A201,1,0,0,9811.0,INDONESIA
A14,21,A32,A43,939.0,A65,A75,4,A93,A101,3,A122,41,A143,A152,1,A173,1,A192,A201,1,0,1,19789.0,INDONESIA
A13,30,A33,A49,564.0,A61,A75,4,A93,A101,4,A121,66,A143,A152,1,A174,1,A192,A201,2,1,0,8540.0,INDONESIA
A11,24,A32,A40,653.0,A61,A75,4,A93,A102,1,A121,45,A143,A152,1,A173,1,A191,A201,2,1,0,13883.0,INDONESIA
A14,12,A33,A45,419.0,A64,A75,4,A93,A101,4,A124,55,A143,A153,2,A173,2,A191,A201,2,1,1,12685.0,INDONESIA
A14,12,A34,A43,436.0,A61,A73,4,A92,A101,2,A122,35,A143,A152,2,A173,1,A191,A201,1,0,1,11439.0,INDONESIA
A14,54,A30,A41,2984.0,A65,A73,2,A93,A101,2,A122,39,A143,A152,1,A172,2,A191,A201,1,0,0,51473.0,INDONESIA
A14,12,A32,A40,489.0,A61,A75,4,A93,A101,4,A123,39,A143,A152,1,A174,1,A192,A201,1,0,0,14280.0,INDONESIA
A11,60,A33,A49,2140.0,A61,A75,3,A93,A101,4,A124,63,A143,A152,2,A173,1,A192,A201,2,1,0,68281.0,INDONESIA
A11,6,A31,A46,313.0,A61,A75,4,A92,A101,4,A124,35,A143,A153,1,A173,1,A191,A201,2,1,0,9868.0,INDONESIA
A13,4,A32,A40,417.0,A65,A72,1,A93,A101,2,A121,29,A143,A152,1,A172,2,A191,A202,1,0,0,8905.0,INDONESIA
A11,24,A32,A42,1027.0,A61,A73,2,A93,A101,2,A123,27,A142,A152,1,A173,1,A191,A201,1,0,0,15681.0,INDONESIA
A11,24,A32,A41,971.0,A61,A73,3,A93,A103,4,A124,63,A141,A152,1,A173,2,A192,A201,1,0,0,27870.0,INDONESIA
A14,21,A33,A49,664.0,A63,A72,4,A93,A101,2,A121,41,A141,A152,1,A172,2,A191,A201,2,1,0,14607.0,INDONESIA
A11,14,A32,A40,2652.0,A61,A75,1,A91,A101,4,A122,45,A143,A152,1,A174,1,A192,A202,2,1,0,61466.0,INDONESIA
A12,48,A32,A42,3375.0,A61,A72,1,A92,A101,2,A123,26,A143,A152,1,A173,1,A192,A201,2,1,0,87150.0,INDONESIA
A12,12,A34,A40,656.0,A62,A72,4,A93,A101,1,A123,27,A143,A152,1,A173,1,A191,A201,1,0,0,9949.0,INDONESIA
A14,36,A34,A41,3317.0,A65,A75,2,A93,A101,4,A124,42,A143,A153,2,A173,1,A191,A201,1,0,1,93567.0,INDONESIA
A14,12,A34,A43,233.0,A65,A75,4,A92,A101,3,A122,33,A141,A152,1,A172,2,A191,A201,2,1,1,3911.0,INDONESIA
A12,9,A32,A43,314.0,A61,A75,4,A92,A101,4,A121,25,A143,A152,1,A173,1,A191,A201,1,0,0,4377.0,INDONESIA
A12,11,A34,A40,388.0,A64,A73,4,A92,A101,4,A123,40,A143,A152,2,A173,1,A191,A201,1,0,0,9282.0,INDONESIA
A14,18,A34,A40,429.0,A61,A73,3,A93,A101,2,A122,32,A141,A152,2,A173,1,A191,A201,2,1,0,8404.0,INDONESIA
A11,10,A34,A42,588.0,A65,A72,2,A92,A102,3,A121,27,A143,A151,2,A173,1,A191,A202,1,0,0,16218.0,INDONESIA
A14,9,A34,A46,325.0,A65,A75,4,A92,A101,4,A122,41,A143,A151,2,A172,1,A191,A201,1,0,0,7199.0,INDONESIA
A14,15,A32,A40,942.0,A64,A74,2,A92,A101,3,A123,20,A143,A151,1,A173,1,A191,A201,1,0,0,25934.0,INDONESIA
A14,12,A34,A43,175.0,A63,A75,4,A93,A101,4,A122,42,A143,A152,2,A173,2,A192,A201,1,1,1,2965.0,INDONESIA
A14,21,A34,A40,3272.0,A65,A75,4,A93,A101,4,A124,30,A143,A153,1,A174,1,A192,A201,2,1,0,88321.0,INDONESIA
A11,18,A34,A40,1163.0,A61,A75,1,A92,A101,4,A121,33,A141,A151,3,A173,1,A192,A201,2,1,0,35024.0,INDONESIA
A11,12,A31,A43,161.0,A61,A73,4,A92,A101,4,A121,24,A141,A152,1,A172,1,A191,A201,2,1,1,5016.0,INDONESIA
A12,21,A33,A40,725.0,A61,A73,1,A91,A101,4,A122,47,A143,A152,2,A173,1,A191,A201,1,0,0,20497.0,INDONESIA
A14,12,A32,A42,515.0,A61,A74,3,A92,A101,4,A121,31,A143,A152,1,A172,1,A191,A201,1,0,0,15071.0,INDONESIA
A12,18,A33,A42,1463.0,A61,A75,4,A91,A101,3,A124,40,A143,A152,1,A174,1,A192,A201,2,1,0,19593.0,INDONESIA
A14,60,A34,A40,4404.0,A65,A75,2,A93,A101,4,A124,63,A141,A153,1,A174,1,A192,A201,1,0,0,78908.0,INDONESIA
A11,30,A34,A41,1940.0,A62,A74,1,A94,A101,4,A123,24,A143,A151,2,A173,1,A191,A201,1,0,0,53920.0,INDONESIA
A11,14,A32,A40,1135.0,A61,A71,1,A93,A101,4,A124,22,A143,A153,1,A173,1,A191,A201,1,0,1,32145.0,INDONESIA
A11,18,A32,A41,1987.0,A65,A75,1,A93,A101,4,A122,51,A143,A153,1,A173,2,A192,A201,2,1,0,30986.0,INDONESIA
A12,30,A34,A40,1372.0,A61,A71,4,A94,A101,2,A123,28,A143,A152,2,A174,1,A191,A201,2,1,1,24700.0,INDONESIA
A11,12,A32,A40,451.0,A61,A74,2,A91,A101,3,A123,36,A143,A152,1,A173,1,A191,A201,2,1,0,8944.0,INDONESIA
A11,12,A32,A42,365.0,A65,A75,2,A91,A101,4,A122,49,A143,A152,1,A172,1,A192,A201,1,0,1,10804.0,INDONESIA
A12,9,A32,A42,264.0,A61,A73,1,A92,A101,2,A123,29,A143,A152,1,A173,1,A191,A202,2,1,0,6258.0,INDONESIA
A11,18,A34,A40,1300.0,A61,A75,1,A92,A101,4,A121,33,A141,A151,3,A173,1,A192,A201,2,1,0,25722.0,INDONESIA
A14,6,A33,A49,519.0,A62,A73,1,A93,A101,2,A121,34,A143,A152,2,A172,1,A191,A201,1,0,0,8865.0,INDONESIA
A12,60,A33,A43,2365.0,A65,A73,1,A93,A101,1,A121,27,A143,A152,1,A172,1,A191,A201,1,0,1,41166.0,INDONESIA
A14,15,A34,A40,1524.0,A65,A75,1,A92,A101,4,A123,59,A143,A152,1,A173,1,A192,A201,1,0,0,33203.0,INDONESIA
A11,30,A34,A41,1813.0,A62,A74,1,A94,A101,4,A123,24,A143,A151,2,A173,1,A191,A201,1,0,1,27859.0,INDONESIA
A14,24,A34,A40,698.0,A62,A74,4,A94,A101,3,A122,27,A143,A152,2,A173,1,A192,A201,1,0,1,13616.0,INDONESIA
A11,24,A34,A41,1862.0,A61,A71,2,A93,A101,4,A124,75,A143,A153,2,A174,1,A192,A201,1,0,1,39572.0,INDONESIA
A14,39,A32,A41,2464.0,A62,A75,4,A93,A101,2,A123,45,A143,A152,1,A174,1,A192,A201,1,0,0,54518.0,INDONESIA
A14,18,A32,A40,751.0,A65,A74,4,A93,A101,3,A122,32,A143,A152,1,A173,1,A191,A202,1,0,1,18762.0,INDONESIA
A11,6,A34,A42,624.0,A61,A71,4,A93,A101,4,A124,36,A143,A153,3,A174,1,A192,A201,1,0,1,13579.0,INDONESIA
A14,24,A34,A46,529.0,A65,A73,3,A92,A101,2,A123,33,A143,A152,2,A173,1,A192,A201,1,0,0,8259.0,INDONESIA
A13,12,A32,A43,1158.0,A65,A75,2,A93,A101,3,A123,37,A143,A152,1,A174,1,A191,A201,1,0,0,29399.0,INDONESIA
A11,28,A32,A40,1192.0,A61,A73,3,A93,A101,2,A123,45,A143,A152,1,A172,1,A191,A201,2,1,0,37845.0,INDONESIA
A14,6,A32,A40,991.0,A61,A73,2,A93,A103,3,A122,26,A143,A151,1,A173,1,A191,A201,1,0,0,20532.0,INDONESIA
A11,12,A32,A44,201.0,A62,A71,4,A92,A101,3,A122,22,A143,A152,1,A173,1,A191,A201,2,1,0,4351.0,INDONESIA
A12,9,A32,A43,335.0,A61,A75,4,A92,A101,4,A121,25,A143,A152,1,A173,1,A191,A201,1,0,0,7375.0,INDONESIA
A12,18,A34,A40,348.0,A61,A75,3,A93,A103,3,A121,30,A141,A152,2,A173,1,A191,A201,2,1,0,9391.0,INDONESIA
A14,48,A34,A40,3430.0,A63,A73,2,A93,A101,2,A124,44,A141,A153,1,A173,1,A191,A201,2,1,1,104713.0,INDONESIA
A14,42,A32,A43,2224.0,A65,A74,2,A94,A101,4,A122,29,A143,A151,1,A173,1,A192,A201,1,0,0,52122.0,INDONESIA
A12,48,A32,A40,2598.0,A65,A74,1,A92,A101,2,A123,24,A143,A152,1,A173,1,A191,A201,1,0,0,59426.0,INDONESIA
A12,12,A32,A43,2202.0,A65,A71,2,A93,A101,1,A124,52,A143,A152,1,A174,1,A192,A201,2,1,0,46466.0,INDONESIA
A11,9,A34,A43,306.0,A61,A73,4,A93,A101,4,A121,25,A143,A152,2,A172,1,A191,A201,1,0,1,9469.0,INDONESIA
A11,36,A33,A49,568.0,A61,A74,2,A93,A101,1,A123,24,A143,A152,2,A173,1,A192,A201,2,1,1,17411.0,INDONESIA
A14,24,A32,A49,340.0,A61,A74,4,A93,A101,1,A121,25,A143,A152,1,A173,1,A192,A201,1,0,0,7289.0,INDONESIA
A12,6,A32,A40,4752.0,A65,A71,1,A93,A101,2,A122,23,A143,A152,1,A171,1,A192,A201,2,1,0,105953.0,INDONESIA
A14,24,A34,A42,1587.0,A61,A75,4,A93,A101,4,A123,33,A143,A152,1,A173,1,A192,A201,1,0,1,27935.0,INDONESIA
A14,27,A34,A42,1416.0,A64,A72,4,A93,A101,2,A121,32,A142,A152,2,A172,2,A192,A201,1,0,0,29981.0,INDONESIA
A12,48,A34,A42,1397.0,A61,A73,2,A92,A101,3,A123,30,A143,A152,1,A174,1,A192,A201,2,1,1,44028.0,INDONESIA
A14,12,A34,A43,306.0,A65,A75,4,A93,A101,4,A123,35,A143,A152,2,A173,1,A191,A201,1,0,1,5447.0,INDONESIA
A11,48,A32,A40,2343.0,A61,A75,4,A93,A101,4,A124,42,A141,A153,1,A174,1,A191,A201,2,1,1,75755.0,INDONESIA
A11,48,A30,A41,1408.0,A61,A75,3,A93,A101,4,A124,24,A143,A153,2,A173,2,A191,A201,2,1,1,25730.0,INDONESIA
A13,15,A32,A46,621.0,A61,A75,4,A93,A101,4,A123,40,A143,A151,1,A174,1,A192,A201,1,0,1,13651.0,INDONESIA
A11,36,A32,A41,1738.0,A61,A75,2,A93,A101,4,A124,42,A143,A153,1,A173,2,A191,A201,1,0,0,35896.0,INDONESIA
A11,24,A32,A42,1065.0,A61,A75,4,A93,A101,2,A122,39,A143,A151,1,A174,1,A192,A201,2,1,1,27863.0,INDONESIA
A11,60,A33,A49,1833.0,A61,A75,3,A93,A101,4,A124,63,A143,A152,2,A173,1,A192,A201,2,1,1,59332.0,INDONESIA
A14,6,A34,A40,108.0,A62,A73,4,A92,A101,4,A123,52,A143,A152,2,A172,1,A191,A201,1,0,0,3324.0,INDONESIA
A12,6,A32,A43,626.0,A61,A72,4,A94,A101,3,A123,30,A143,A151,1,A174,1,A192,A201,1,0,0,15878.0,INDONESIA
A13,15,A32,A43,636.0,A61,A72,2,A92,A101,3,A121,25,A143,A152,1,A172,1,A191,A201,2,1,0,17033.0,INDONESIA
A14,18,A32,A41,971.0,A65,A73,2,A93,A101,1,A122,31,A143,A152,1,A173,1,A192,A201,1,0,0,24381.0,INDONESIA
A14,12,A32,A43,571.0,A62,A74,3,A93,A101,1,A124,35,A143,A152,1,A173,1,A191,A201,1,0,0,17703.0,INDONESIA
A12,27,A32,A49,777.0,A61,A72,4,A92,A101,1,A122,32,A143,A152,1,A173,2,A192,A201,1,0,1,15917.0,INDONESIA
A12,42,A31,A41,2443.0,A61,A71,1,A93,A101,2,A124,55,A141,A153,1,A174,1,A192,A201,1,0,0,73635.0,INDONESIA
A12,9,A32,A42,255.0,A61,A73,4,A92,A101,1,A122,30,A143,A152,1,A173,1,A191,A201,2,1,0,4495.0,INDONESIA
A14,15,A34,A43,552.0,A61,A75,4,A93,A101,4,A123,46,A143,A152,2,A173,1,A192,A201,1,0,0,14890.0,INDONESIA
A12,6,A32,A40,4089.0,A65,A71,1,A93,A101,2,A122,23,A143,A152,1,A171,1,A192,A201,2,1,1,95336.0,INDONESIA
A11,30,A34,A41,3398.0,A61,A75,3,A93,A101,4,A124,38,A143,A153,3,A174,2,A192,A201,1,0,1,80192.0,INDONESIA
A12,24,A34,A46,1949.0,A61,A72,2,A92,A101,4,A124,24,A143,A153,2,A173,1,A192,A201,1,0,0,25948.0,INDONESIA
A11,18,A32,A43,572.0,A65,A74,2,A94,A101,4,A123,23,A143,A151,2,A172,1,A191,A201,1,0,0,18433.0,INDONESIA
A14,10,A32,A41,892.0,A65,A72,1,A92,A101,4,A121,31,A143,A151,1,A173,1,A191,A201,1,0,0,13106.0,INDONESIA
A14,36,A32,A41,1208.0,A61,A73,2,A93,A101,2,A124,32,A143,A153,1,A174,1,A192,A201,1,0,0,35107.0,INDONESIA
A13,18,A32,A42,951.0,A61,A73,2,A93,A101,1,A121,34,A143,A152,1,A172,2,A191,A201,2,1,0,19108.0,INDONESIA
A13,4,A32,A40,476.0,A65,A72,1,A93,A101,2,A121,29,A143,A152,1,A172,2,A191,A202,1,0,0,14407.0,INDONESIA
A11,24,A31,A49,1055.0,A61,A73,4,A93,A101,2,A122,31,A143,A151,1,A173,1,A192,A201,2,1,0,15638.0,INDONESIA
A14,12,A32,A43,208.0,A61,A75,4,A93,A101,4,A123,38,A143,A152,1,A173,1,A191,A201,1,0,1,6476.0,INDONESIA
A14,18,A34,A43,545.0,A61,A73,4,A93,A101,2,A123,24,A143,A152,2,A173,1,A191,A201,1,0,0,8491.0,INDONESIA
A14,15,A32,A43,544.0,A65,A75,4,A93,A101,2,A123,35,A143,A152,1,A173,1,A191,A201,1,0,0,16691.0,INDONESIA
A12,30,A31,A42,961.0,A64,A73,4,A93,A101,2,A123,34,A142,A152,1,A173,2,A192,A201,1,0,1,13219.0,INDONESIA
A12,9,A32,A43,330.0,A61,A75,4,A93,A101,4,A123,27,A143,A152,2,A172,1,A191,A201,1,0,0,10229.0,INDONESIA
A14,30,A34,A43,1552.0,A61,A74,3,A93,A102,2,A123,38,A143,A152,1,A173,1,A191,A201,1,0,0,38632.0,INDONESIA
A11,24,A31,A42,854.0,A63,A72,4,A93,A101,4,A124,30,A143,A153,1,A173,2,A192,A201,2,1,1,21917.0,INDONESIA
A12,18,A32,A49,903.0,A62,A73,4,A93,A101,4,A123,34,A143,A152,1,A173,1,A191,A201,1,0,0,13760.0,INDONESIA
A12,24,A32,A42,1153.0,A61,A74,3,A91,A101,3,A123,43,A143,A152,1,A173,1,A192,A201,2,1,0,17963.0,INDONESIA
A14,12,A32,A43,501.0,A61,A74,4,A93,A101,2,A123,31,A143,A151,2,A174,2,A192,A201,1,0,0,15647.0,INDONESIA
A14,18,A34,A41,1183.0,A61,A74,3,A93,A101,1,A123,27,A143,A152,2,A173,1,A191,A201,1,0,0,21199.0,INDONESIA
A11,12,A30,A40,287.0,A61,A73,4,A93,A101,4,A123,48,A141,A152,2,A173,1,A191,A201,2,1,1,9046.0,INDONESIA
A11,24,A31,A42,797.0,A63,A73,4,A93,A101,4,A121,22,A142,A152,1,A173,1,A192,A201,1,0,0,24569.0,INDONESIA
A12,27,A32,A49,678.0,A61,A72,4,A92,A101,1,A122,32,A143,A152,1,A173,2,A192,A201,1,0,1,15177.0,INDONESIA
A14,48,A34,A41,3658.0,A62,A73,2,A92,A101,4,A123,24,A141,A151,2,A172,1,A191,A201,2,1,1,55488.0,INDONESIA
A14,24,A34,A43,662.0,A65,A75,4,A93,A101,4,A122,53,A143,A152,2,A173,1,A191,A201,1,0,0,16625.0,INDONESIA
A11,21,A32,A40,976.0,A65,A74,2,A93,A102,2,A121,24,A143,A152,1,A172,1,A191,A202,1,0,1,22616.0,INDONESIA
A12,42,A31,A41,3202.0,A61,A71,1,A93,A101,2,A124,55,A141,A153,1,A174,1,A192,A201,1,0,0,93582.0,INDONESIA
A14,15,A34,A41,987.0,A64,A75,3,A93,A101,4,A124,23,A143,A151,2,A173,1,A192,A201,1,0,0,27924.0,INDONESIA
A14,6,A32,A40,204.0,A61,A71,1,A92,A101,4,A121,54,A143,A152,1,A171,1,A192,A201,1,0,0,3370.0,INDONESIA
A12,15,A31,A40,2314.0,A62,A71,1,A93,A101,2,A122,34,A143,A152,1,A174,2,A192,A201,2,1,1,45904.0,INDONESIA
A14,24,A34,A41,616.0,A65,A74,4,A93,A101,4,A123,43,A143,A152,2,A173,2,A192,A201,1,0,0,11456.0,INDONESIA
A14,9,A32,A42,607.0,A62,A72,2,A92,A101,4,A122,22,A143,A151,1,A173,1,A191,A201,1,0,1,15136.0,INDONESIA
A13,6,A34,A46,290.0,A61,A73,2,A92,A101,4,A122,50,A143,A152,1,A172,1,A191,A201,1,0,0,5556.0,INDONESIA
A11,18,A32,A43,518.0,A61,A73,4,A92,A101,4,A123,25,A141,A151,2,A173,1,A191,A201,2,1,1,9844.0,INDONESIA
A11,12,A32,A42,413.0,A65,A75,2,A91,A101,4,A122,49,A143,A152,1,A172,1,A192,A201,1,0,0,7233.0,INDONESIA
A12,36,A34,A40,908.0,A61,A72,4,A91,A101,4,A123,27,A143,A152,2,A173,1,A191,A201,2,1,1,12181.0,INDONESIA
A14,21,A34,A40,3292.0,A65,A75,4,A93,A101,4,A124,30,A143,A153,1,A174,1,A192,A201,2,1,0,101969.0,INDONESIA
A11,12,A32,A43,287.0,A61,A73,2,A93,A101,2,A121,20,A143,A151,1,A174,2,A192,A201,1,0,0,5528.0,INDONESIA
A13,6,A32,A42,689.0,A61,A73,2,A93,A101,2,A121,41,A143,A152,1,A173,1,A192,A201,1,0,1,10515.0,INDONESIA
A14,48,A34,A43,1025.0,A65,A75,4,A93,A101,1,A121,47,A143,A152,1,A173,1,A192,A201,1,0,1,22339.0,INDONESIA
A14,22,A32,A43,702.0,A63,A75,3,A93,A101,4,A123,40,A143,A152,1,A173,1,A191,A201,1,0,1,10924.0,INDONESIA
A11,24,A32,A43,439.0,A61,A75,4,A92,A101,4,A123,55,A143,A152,1,A173,1,A191,A201,1,0,1,5909.0,INDONESIA
A13,10,A34,A43,380.0,A65,A74,4,A93,A101,2,A122,27,A143,A152,2,A173,1,A192,A201,1,0,0,11038.0,INDONESIA
A12,48,A32,A49,4622.0,A61,A73,2,A93,A101,2,A123,23,A143,A152,1,A173,1,A192,A201,2,1,1,136121.0,INDONESIA
A14,12,A32,A43,736.0,A62,A74,3,A93,A101,1,A124,35,A143,A152,1,A173,1,A191,A201,1,0,1,17635.0,INDONESIA
A14,36,A34,A40,912.0,A61,A74,4,A93,A101,4,A123,37,A143,A152,2,A173,1,A192,A201,1,0,0,12959.0,INDONESIA
A14,24,A34,A410,1723.0,A61,A71,4,A93,A102,2,A124,27,A141,A152,2,A174,1,A192,A201,1,0,1,29804.0,INDONESIA
A12,18,A32,A49,576.0,A64,A73,4,A93,A101,2,A122,35,A143,A152,1,A172,1,A192,A201,1,0,0,16117.0,INDONESIA
A13,42,A30,A49,1878.0,A61,A72,2,A91,A101,1,A122,33,A143,A152,2,A173,1,A191,A201,1,0,0,32439.0,INDONESIA
A14,12,A32,A40,1187.0,A65,A72,2,A93,A101,3,A122,45,A143,A152,1,A174,2,A192,A201,1,0,1,28917.0,INDONESIA
A11,24,A34,A41,2171.0,A61,A75,2,A92,A101,4,A124,44,A143,A153,2,A174,2,A192,A201,1,0,0,37892.0,INDONESIA
A12,12,A32,A43,315.0,A63,A73,3,A91,A101,1,A123,26,A143,A152,1,A173,1,A192,A201,1,0,1,6223.0,INDONESIA
A14,36,A33,A43,1285.0,A61,A73,4,A92,A101,4,A121,34,A143,A152,2,A173,1,A191,A201,1,0,0,20790.0,INDONESIA
A14,48,A32,A49,1493.0,A61,A71,3,A93,A101,2,A123,33,A141,A151,1,A174,1,A192,A201,2,1,0,47144.0,INDONESIA
A11,12,A32,A40,1099.0,A64,A73,1,A93,A101,3,A122,31,A143,A152,1,A173,2,A191,A201,1,0,0,15162.0,INDONESIA
A13,6,A32,A40,211.0,A64,A72,2,A94,A101,2,A121,27,A143,A152,1,A171,1,A191,A202,1,0,1,4542.0,INDONESIA
A11,18,A34,A42,673.0,A61,A73,4,A92,A101,4,A121,24,A143,A151,2,A173,1,A191,A201,2,1,0,11939.0,INDONESIA
A11,12,A32,A43,244.0,A62,A72,4,A94,A101,3,A124,33,A143,A152,1,A172,1,A192,A201,2,1,1,7800.0,INDONESIA
A11,15,A32,A42,540.0,A61,A72,4,A92,A103,1,A122,46,A143,A151,1,A173,1,A191,A201,1,0,0,14624.0,INDONESIA
A13,30,A33,A49,522.0,A61,A75,4,A93,A101,4,A121,66,A143,A152,1,A174,1,A192,A201,2,1,0,15089.0,INDONESIA
A14,12,A31,A48,1062.0,A63,A73,4,A92,A101,3,A121,35,A143,A152,1,A172,2,A191,A201,1,0,0,16890.0,INDONESIA
A11,9,A34,A40,848.0,A61,A73,2,A93,A101,2,A121,36,A143,A151,2,A173,2,A191,A201,1,0,1,22189.0,INDONESIA
A12,12,A32,A43,2095.0,A65,A71,2,A93,A101,1,A124,52,A143,A152,1,A174,1,A192,A201,2,1,0,58611.0,INDONESIA
A14,36,A34,A41,3553.0,A65,A73,4,A93,A101,2,A123,30,A143,A152,1,A174,1,A192,A201,1,0,0,110919.0,INDONESIA
A12,30,A32,A40,704.0,A61,A73,4,A92,A103,2,A124,24,A141,A152,1,A173,1,A191,A201,2,1,1,22342.0,INDONESIA
A14,24,A34,A41,677.0,A65,A74,4,A93,A101,4,A123,43,A143,A152,2,A173,2,A192,A201,1,0,0,13682.0,INDONESIA
A14,6,A32,A43,592.0,A61,A74,2,A94,A101,2,A121,29,A143,A151,1,A173,1,A191,A201,1,0,0,13083.0,INDONESIA
A13,6,A34,A40,369.0,A61,A73,1,A93,A101,1,A121,74,A143,A152,3,A171,2,A191,A202,1,0,1,11317.0,INDONESIA
A14,15,A33,A43,481.0,A61,A73,4,A94,A101,3,A121,33,A141,A152,2,A173,1,A191,A201,1,0,1,10725.0,INDONESIA
A14,12,A34,A43,707.0,A65,A75,1,A93,A102,4,A121,49,A143,A152,1,A173,1,A192,A201,1,0,0,9424.0,INDONESIA
A12,30,A32,A43,992.0,A65,A75,2,A92,A101,4,A123,25,A143,A152,1,A173,1,A191,A201,1,0,0,20662.0,INDONESIA
A11,12,A34,A40,642.0,A61,A73,3,A93,A101,2,A121,39,A143,A151,2,A172,2,A191,A202,1,0,0,12055.0,INDONESIA
A12,24,A34,A410,3061.0,A61,A73,2,A93,A102,3,A123,39,A143,A152,2,A174,2,A192,A201,2,1,0,79717.0,INDONESIA
A11,24,A32,A410,502.0,A61,A75,4,A92,A103,4,A121,58,A143,A152,1,A172,1,A192,A201,1,0,0,12118.0,INDONESIA
A12,12,A32,A43,506.0,A61,A73,1,A92,A101,1,A123,22,A143,A152,1,A173,1,A192,A201,1,0,0,11303.0,INDONESIA
A12,54,A30,A49,4413.0,A61,A72,3,A93,A101,4,A124,58,A143,A151,1,A173,1,A192,A201,2,1,0,100144.0,INDONESIA
A12,20,A32,A41,1907.0,A65,A71,1,A91,A101,4,A121,60,A143,A152,1,A174,1,A192,A201,1,0,0,25945.0,INDONESIA
A14,15,A32,A44,271.0,A65,A72,4,A92,A101,1,A121,24,A143,A152,1,A173,1,A191,A201,1,0,0,6379.0,INDONESIA
A13,6,A32,A40,244.0,A64,A72,2,A94,A101,2,A121,27,A143,A152,1,A171,1,A191,A202,1,0,0,4825.0,INDONESIA
A12,12,A34,A44,457.0,A61,A74,4,A93,A101,3,A122,26,A143,A152,1,A173,1,A191,A201,1,0,1,8309.0,INDONESIA
A14,5,A32,A49,1093.0,A61,A74,1,A93,A101,4,A121,74,A143,A152,1,A172,1,A191,A201,1,0,0,28099.0,INDONESIA
A11,18,A32,A42,938.0,A61,A72,1,A92,A101,4,A123,22,A143,A151,1,A173,1,A191,A201,1,0,1,26001.0,INDONESIA
A12,12,A32,A41,622.0,A65,A73,4,A93,A101,2,A123,30,A143,A152,1,A173,1,A191,A201,1,0,0,17062.0,INDONESIA
A12,12,A32,A43,397.0,A65,A73,2,A94,A101,1,A121,25,A143,A152,1,A173,1,A192,A201,2,1,1,9466.0,INDONESIA
A14,33,A34,A41,2457.0,A61,A74,3,A93,A101,2,A123,35,A143,A152,2,A174,1,A192,A201,1,0,0,34904.0,INDONESIA
A14,18,A32,A45,557.0,A61,A72,4,A92,A101,4,A121,23,A143,A152,1,A173,1,A191,A201,2,1,1,10355.0,INDONESIA
A14,48,A34,A41,720.0,A65,A75,4,A93,A101,3,A123,38,A143,A152,2,A173,2,A192,A201,1,0,0,14999.0,INDONESIA
A14,12,A34,A46,811.0,A61,A75,2,A92,A101,4,A124,57,A141,A153,3,A172,1,A191,A201,1,0,1,14880.0,INDONESIA
A14,9,A32,A46,1227.0,A65,A75,1,A93,A101,4,A121,64,A143,A152,1,A172,1,A191,A201,1,0,0,28007.0,INDONESIA
A12,48,A32,A43,1865.0,A61,A73,2,A92,A101,2,A121,22,A143,A152,1,A173,1,A191,A201,2,1,1,34953.0,INDONESIA
A13,18,A32,A40,612.0,A61,A75,3,A92,A101,2,A123,23,A143,A152,1,A174,1,A191,A201,1,0,1,8064.0,INDONESIA
A14,48,A34,A43,1188.0,A65,A75,4,A93,A101,1,A121,47,A143,A152,1,A173,1,A192,A201,1,0,0,25578.0,INDONESIA
A14,24,A32,A40,479.0,A62,A72,4,A94,A101,3,A121,33,A143,A152,1,A173,1,A192,A201,1,0,0,15275.0,INDONESIA
A14,24,A32,A41,3064.0,A65,A73,2,A91,A101,4,A124,48,A143,A153,1,A173,1,A192,A201,1,0,0,78481.0,INDONESIA
A14,7,A33,A43,246.0,A65,A75,3,A93,A101,4,A124,36,A143,A153,1,A173,1,A191,A201,1,0,0,7678.0,INDONESIA
A12,36,A32,A46,1181.0,A65,A73,2,A94,A101,2,A123,27,A143,A152,1,A173,1,A191,A201,1,0,1,17426.0,INDONESIA
A14,6,A32,A43,133.0,A61,A73,3,A92,A101,1,A121,29,A143,A152,1,A173,1,A191,A201,1,0,0,3668.0,INDONESIA
A11,36,A34,A42,750.0,A61,A73,3,A94,A101,2,A122,46,A143,A152,2,A173,1,A192,A201,1,0,0,20325.0,INDONESIA
A13,30,A34,A43,959.0,A61,A75,4,A93,A101,4,A122,47,A143,A152,1,A173,1,A191,A201,1,0,0,21151.0,INDONESIA
A14,24,A32,A41,1773.0,A65,A71,2,A92,A101,4,A122,26,A143,A151,1,A174,1,A192,A201,1,0,0,53627.0,INDONESIA
A14,12,A32,A43,255.0,A61,A75,4,A93,A101,4,A123,38,A143,A152,1,A173,1,A191,A201,1,0,0,6134.0,INDONESIA
A12,6,A32,A40,4538.0,A65,A71,1,A93,A101,2,A122,23,A143,A152,1,A171,1,A192,A201,2,1,1,108852.0,INDONESIA
A14,24,A32,A43,1680.0,A65,A72,1,A92,A101,1,A123,44,A143,A152,2,A173,1,A192,A201,2,1,1,34652.0,INDONESIA
A11,6,A34,A43,109.0,A63,A75,4,A93,A101,4,A123,52,A143,A152,2,A173,1,A191,A201,1,0,0,1862.0,INDONESIA
A12,12,A32,A43,294.0,A61,A73,4,A92,A103,4,A121,49,A143,A152,2,A173,1,A192,A201,1,0,0,9308.0,INDONESIA
A12,12,A32,A43,186.0,A61,A72,4,A94,A103,1,A121,26,A141,A152,1,A172,1,A191,A201,1,0,1,5957.0,INDONESIA
A13,4,A32,A40,396.0,A65,A72,1,A93,A101,2,A121,29,A143,A152,1,A172,2,A191,A202,1,0,1,12504.0,INDONESIA
A11,18,A32,A43,559.0,A61,A73,4,A92,A101,4,A123,25,A141,A151,2,A173,1,A191,A201,2,1,0,9373.0,INDONESIA
A12,18,A34,A49,484.0,A65,A73,4,A94,A101,4,A121,28,A141,A152,2,A173,1,A191,A201,1,0,0,6944.0,INDONESIA
A11,24,A32,A42,964.0,A61,A73,2,A91,A101,2,A121,24,A143,A151,1,A172,1,A191,A201,1,0,0,16161.0,INDONESIA
A12,21,A33,A40,764.0,A61,A73,1,A91,A101,4,A122,47,A143,A152,2,A173,1,A191,A201,1,0,1,10139.0,INDONESIA
A14,24,A32,A43,617.0,A62,A73,4,A93,A101,4,A123,29,A143,A151,1,A174,1,A192,A201,1,0,0,19967.0,INDONESIA
A12,24,A30,A49,1167.0,A61,A73,1,A93,A101,4,A121,36,A143,A152,3,A172,1,A192,A201,2,1,0,32011.0,INDONESIA
A11,24,A32,A42,622.0,A62,A71,1,A91,A101,1,A122,33,A143,A152,1,A173,1,A191,A201,2,1,0,19976.0,INDONESIA
A11,12,A32,A42,433.0,A61,A73,4,A93,A103,1,A122,21,A143,A152,1,A172,1,A191,A201,1,0,0,10092.0,INDONESIA
A14,24,A33,A40,192.0,A65,A75,4,A94,A101,4,A123,54,A143,A152,2,A173,1,A192,A201,1,0,0,5528.0,INDONESIA
A14,18,A34,A43,1631.0,A61,A75,3,A93,A101,4,A123,33,A143,A152,2,A173,1,A192,A201,1,0,0,22642.0,INDONESIA
A14,36,A32,A46,478.0,A61,A73,4,A93,A101,4,A124,37,A142,A153,1,A173,1,A192,A201,2,1,1,7918.0,INDONESIA
A14,6,A34,A43,581.0,A61,A75,2,A94,A101,2,A121,30,A143,A151,2,A173,1,A191,A201,1,0,0,12807.0,INDONESIA
A12,36,A32,A46,3657.0,A62,A73,1,A93,A101,4,A124,47,A143,A153,1,A173,2,A192,A201,2,1,0,82594.0,INDONESIA
A12,24,A32,A42,1164.0,A61,A74,3,A91,A101,3,A123,43,A143,A152,1,A173,1,A192,A201,2,1,0,23788.0,INDONESIA
A12,36,A32,A46,1011.0,A65,A73,2,A94,A101,2,A123,27,A143,A152,1,A173,1,A191,A201,1,0,1,30218.0,INDONESIA
A12,14,A32,A49,449.0,A63,A75,1,A94,A101,2,A121,35,A143,A152,1,A173,1,A192,A201,1,0,1,12738.0,INDONESIA
A13,15,A32,A49,918.0,A61,A74,2,A93,A101,4,A122,26,A143,A151,1,A173,1,A192,A201,1,0,1,19216.0,INDONESIA
A11,24,A30,A42,1098.0,A61,A75,3,A93,A101,4,A124,23,A141,A151,2,A173,2,A191,A201,2,1,1,29098.0,INDONESIA
A11,10,A34,A40,348.0,A61,A74,4,A93,A102,3,A122,49,A143,A152,2,A173,1,A192,A201,1,0,0,10702.0,INDONESIA
A12,48,A30,A40,2246.0,A63,A72,1,A92,A101,1,A123,30,A143,A152,2,A173,1,A191,A201,1,0,0,45104.0,INDONESIA
A14,10,A32,A40,409.0,A61,A73,2,A92,A101,4,A123,64,A143,A152,1,A173,1,A192,A201,1,0,0,9360.0,INDONESIA
A14,18,A32,A43,370.0,A65,A72,4,A92,A101,2,A121,21,A143,A151,1,A173,1,A192,A201,1,0,0,11096.0,INDONESIA
A14,24,A32,A42,309.0,A65,A74,4,A93,A101,2,A123,31,A142,A152,1,A173,1,A192,A201,1,0,0,9683.0,INDONESIA
A14,6,A31,A40,224.0,A65,A73,1,A93,A103,2,A121,26,A142,A152,1,A172,2,A191,A201,1,0,1,5357.0,INDONESIA
A14,36,A34,A40,1058.0,A61,A74,4,A93,A101,4,A123,37,A143,A152,2,A173,1,A192,A201,1,0,0,17157.0,INDONESIA
A11,12,A32,A43,453.0,A63,A75,3,A94,A101,1,A121,35,A143,A152,1,A173,1,A191,A201,1,0,0,9079.0,INDONESIA
A14,24,A32,A49,331.0,A61,A74,4,A93,A101,1,A121,25,A143,A152,1,A173,1,A192,A201,1,0,1,5654.0,INDONESIA
A11,18,A32,A40,622.0,A62,A74,4,A93,A101,3,A123,30,A143,A152,1,A174,2,A192,A201,1,0,0,18305.0,INDONESIA
A14,18,A32,A43,478.0,A61,A72,3,A94,A101,4,A121,39,A143,A152,1,A173,1,A192,A201,1,0,1,10427.0,INDONESIA
A14,12,A32,A41,1554.0,A65,A72,1,A92,A101,4,A123,20,A143,A151,1,A173,1,A191,A201,1,0,0,48840.0,INDONESIA
A12,36,A32,A43,1621.0,A61,A72,4,A92,A101,1,A124,30,A143,A152,1,A174,1,A192,A201,1,0,1,31053.0,INDONESIA
A11,18,A32,A42,691.0,A64,A73,4,A93,A101,2,A123,28,A143,A152,1,A173,1,A191,A201,1,0,0,20093.0,INDONESIA
A14,28,A34,A43,916.0,A61,A75,4,A93,A101,2,A123,29,A143,A152,2,A173,1,A191,A201,1,0,1,13662.0,INDONESIA
A14,24,A32,A43,399.0,A62,A74,4,A94,A101,3,A122,26,A143,A152,1,A173,1,A192,A201,1,0,0,6934.0,INDONESIA
A14,10,A32,A43,605.0,A61,A73,1,A93,A101,4,A122,38,A143,A152,1,A173,1,A192,A202,1,0,1,15524.0,INDONESIA
A13,24,A34,A40,390.0,A65,A74,4,A93,A101,2,A121,37,A141,A152,2,A172,2,A191,A201,2,1,0,7685.0,INDONESIA
A11,24,A34,A43,362.0,A64,A75,4,A92,A101,4,A122,57,A143,A151,2,A174,1,A192,A201,1,0,0,6479.0,INDONESIA
A11,48,A32,A40,1274.0,A61,A74,4,A93,A101,4,A124,46,A143,A153,1,A173,2,A191,A201,2,1,0,39099.0,INDONESIA
A11,10,A34,A42,636.0,A65,A72,2,A92,A102,3,A121,27,A143,A151,2,A173,1,A191,A202,1,0,0,14464.0,INDONESIA
A14,24,A34,A42,1679.0,A61,A75,4,A93,A101,4,A123,33,A143,A152,1,A173,1,A192,A201,1,0,0,52229.0,INDONESIA
A14,12,A34,A40,408.0,A61,A75,4,A93,A101,4,A121,61,A143,A152,2,A172,1,A191,A201,1,0,1,12479.0,INDONESIA
A14,18,A33,A43,771.0,A61,A71,2,A94,A101,3,A121,34,A143,A152,2,A173,1,A191,A201,1,0,0,13978.0,INDONESIA
A14,24,A34,A41,1143.0,A61,A75,4,A92,A101,2,A123,41,A143,A151,2,A174,1,A192,A201,1,0,0,18025.0,INDONESIA
A14,36,A34,A41,1860.0,A61,A75,2,A93,A101,2,A122,35,A143,A152,2,A173,2,A192,A201,1,0,0,29450.0,INDONESIA
A14,12,A34,A42,400.0,A63,A74,3,A92,A101,4,A123,37,A143,A151,1,A173,1,A192,A201,1,0,0,6198.0,INDONESIA
A14,36,A34,A41,1771.0,A61,A75,2,A93,A101,2,A122,35,A143,A152,2,A173,2,A192,A201,1,0,0,51025.0,INDONESIA
A11,12,A32,A41,865.0,A61,A75,3,A93,A101,4,A124,35,A143,A153,1,A173,1,A192,A201,2,1,0,13313.0,INDONESIA
A14,10,A32,A42,567.0,A61,A73,2,A93,A101,2,A121,25,A141,A151,1,A172,1,A191,A201,2,1,0,8936.0,INDONESIA
A12,54,A30,A49,4076.0,A61,A72,3,A93,A101,4,A124,58,A143,A151,1,A173,1,A192,A201,2,1,0,106730.0,INDONESIA
A14,18,A32,A43,404.0,A61,A72,3,A92,A101,1,A121,26,A143,A152,1,A173,1,A191,A201,1,0,1,10494.0,INDONESIA
A11,24,A32,A40,328.0,A61,A72,4,A92,A101,4,A122,24,A143,A151,1,A173,1,A191,A201,2,1,0,9283.0,INDONESIA
A14,24,A34,A45,562.0,A61,A73,4,A91,A101,2,A121,33,A143,A152,2,A173,1,A192,A201,1,0,1,16272.0,INDONESIA
A12,20,A33,A410,866.0,A61,A73,2,A93,A101,3,A123,29,A141,A152,2,A173,1,A192,A201,1,0,1,17476.0,INDONESIA
A11,18,A32,A43,670.0,A61,A73,4,A93,A101,4,A124,65,A143,A153,2,A173,1,A191,A201,2,1,0,12965.0,INDONESIA
A11,24,A32,A43,1155.0,A61,A73,2,A92,A101,4,A123,28,A143,A152,1,A173,1,A191,A201,1,0,0,17529.0,INDONESIA
A14,24,A33,A41,1262.0,A61,A74,3,A93,A101,3,A123,35,A143,A152,2,A172,1,A192,A201,1,0,1,35337.0,INDONESIA
A14,12,A34,A43,176.0,A61,A75,4,A93,A101,4,A121,56,A143,A152,1,A173,1,A191,A201,1,0,1,3397.0,INDONESIA
A12,12,A32,A40,276.0,A62,A72,4,A92,A101,2,A122,23,A141,A152,1,A172,1,A191,A201,2,1,1,5986.0,INDONESIA
A12,60,A33,A43,2580.0,A65,A73,2,A93,A101,2,A124,27,A143,A153,1,A174,1,A191,A201,1,0,1,34086.0,INDONESIA
A12,24,A32,A40,773.0,A61,A73,3,A92,A101,4,A122,20,A143,A151,1,A172,1,A192,A201,2,1,1,20474.0,INDONESIA
A13,12,A31,A49,189.0,A61,A72,4,A92,A101,1,A121,26,A143,A152,1,A171,1,A191,A201,2,1,0,5466.0,INDONESIA
A14,10,A32,A40,533.0,A61,A73,3,A93,A101,2,A121,31,A143,A152,1,A172,2,A191,A202,1,0,1,9782.0,INDONESIA
A11,8,A34,A410,327.0,A61,A75,3,A93,A101,4,A124,51,A141,A153,2,A174,2,A192,A201,1,0,0,8595.0,INDONESIA
A12,45,A32,A43,780.0,A62,A73,4,A93,A103,4,A122,21,A143,A151,1,A173,1,A191,A201,2,1,0,15915.0,INDONESIA
A12,16,A34,A40,358.0,A61,A71,2,A93,A101,3,A123,68,A143,A153,3,A171,1,A192,A201,1,0,0,9092.0,INDONESIA
A12,18,A32,A49,648.0,A64,A73,4,A93,A101,2,A122,35,A143,A152,1,A172,1,A192,A201,1,0,1,20627.0,INDONESIA
A11,36,A32,A42,1004.0,A61,A73,1,A93,A103,2,A122,37,A143,A152,1,A173,2,A191,A201,1,0,0,17432.0,INDONESIA
A11,12,A33,A40,412.0,A61,A73,4,A93,A101,2,A121,43,A143,A152,2,A172,2,A191,A201,1,0,0,12009.0,INDONESIA
A14,14,A33,A40,207.0,A61,A73,4,A93,A101,2,A123,27,A143,A152,2,A172,1,A191,A201,1,0,0,5554.0,INDONESIA
A14,36,A32,A41,2185.0,A61,A73,1,A92,A101,2,A122,30,A141,A152,1,A173,1,A191,A201,1,0,0,67627.0,INDONESIA
A12,36,A33,A40,855.0,A62,A75,4,A93,A101,3,A124,30,A143,A153,1,A173,1,A191,A201,1,0,0,27243.0,INDONESIA
A14,24,A32,A43,749.0,A63,A75,3,A93,A101,2,A123,35,A141,A152,2,A173,1,A192,A201,2,1,0,19608.0,INDONESIA
A14,24,A33,A49,2284.0,A61,A72,2,A93,A101,2,A123,27,A141,A152,2,A173,1,A192,A201,2,1,0,70786.0,INDONESIA
A11,15,A32,A40,1303.0,A61,A73,3,A92,A101,2,A122,29,A143,A152,1,A173,1,A192,A201,2,1,0,37724.0,INDONESIA
A14,18,A30,A49,1384.0,A61,A73,2,A93,A101,2,A123,36,A142,A152,2,A173,2,A191,A201,2,1,0,39934.0,INDONESIA
A11,24,A32,A40,308.0,A61,A72,4,A92,A101,4,A122,24,A143,A151,1,A173,1,A191,A201,2,1,0,8311.0,INDONESIA
A12,30,A33,A49,806.0,A62,A75,4,A93,A101,2,A122,41,A142,A152,2,A173,1,A191,A201,1,0,0,18690.0,INDONESIA
A11,6,A34,A40,180.0,A61,A74,4,A92,A101,3,A122,37,A143,A152,2,A173,1,A191,A202,1,0,0,4385.0,INDONESIA
A14,15,A32,A46,1431.0,A62,A73,3,A93,A101,2,A122,40,A143,A152,1,A174,1,A192,A201,2,1,1,23152.0,INDONESIA
A11,8,A34,A410,368.0,A61,A75,3,A93,A101,4,A124,51,A141,A153,2,A174,2,A192,A201,1,0,0,6449.0,INDONESIA
A12,24,A34,A49,914.0,A65,A74,4,A93,A101,3,A124,34,A143,A152,2,A173,2,A192,A201,1,0,0,23539.0,INDONESIA
A14,21,A32,A41,684.0,A65,A75,4,A93,A101,4,A121,46,A143,A152,1,A174,1,A192,A201,1,0,0,14776.0,INDONESIA
A14,11,A34,A40,410.0,A61,A72,4,A92,A101,4,A123,35,A143,A152,2,A174,1,A191,A201,1,0,1,6799.0,INDONESIA
A13,15,A32,A43,627.0,A61,A72,2,A92,A101,3,A121,25,A143,A152,1,A172,1,A191,A201,2,1,0,19159.0,INDONESIA
A11,12,A34,A40,1186.0,A61,A73,3,A92,A102,2,A121,29,A143,A152,2,A173,1,A191,A201,2,1,0,29281.0,INDONESIA
A12,24,A32,A41,3098.0,A61,A73,1,A92,A101,4,A123,23,A143,A151,2,A174,1,A191,A201,2,1,0,45580.0,INDONESIA
A14,24,A34,A49,1478.0,A61,A73,3,A93,A101,2,A121,74,A143,A152,1,A174,1,A192,A201,1,0,0,34002.0,INDONESIA
A14,6,A34,A40,113.0,A62,A73,4,A92,A101,4,A123,52,A143,A152,2,A172,1,A191,A201,1,0,0,2341.0,INDONESIA
A11,24,A33,A43,280.0,A61,A72,4,A94,A101,4,A121,48,A142,A152,1,A173,1,A191,A201,2,1,0,4906.0,INDONESIA
A11,42,A34,A45,958.0,A61,A71,4,A93,A102,4,A123,65,A143,A152,2,A171,1,A191,A201,1,0,0,18069.0,INDONESIA
A11,36,A32,A42,1361.0,A61,A71,4,A93,A101,3,A122,30,A143,A152,1,A174,1,A192,A201,1,0,0,31198.0,INDONESIA
A12,10,A32,A40,2026.0,A61,A71,2,A93,A101,4,A124,70,A141,A153,1,A174,1,A192,A201,1,0,0,37094.0,INDONESIA
A12,12,A32,A43,423.0,A61,A72,1,A94,A101,1,A121,23,A143,A151,1,A173,1,A191,A201,2,1,0,8669.0,INDONESIA
A14,4,A34,A40,377.0,A61,A74,2,A93,A101,1,A121,42,A143,A152,3,A172,2,A191,A201,1,0,0,5280.0,INDONESIA
A11,48,A31,A49,2064.0,A61,A74,2,A92,A103,4,A123,37,A143,A151,1,A173,1,A191,A201,2,1,0,63621.0,INDONESIA
A14,15,A32,A42,557.0,A65,A74,1,A92,A101,4,A121,33,A141,A151,1,A172,1,A191,A201,1,0,0,7958.0,INDONESIA
A11,12,A31,A48,106.0,A61,A75,4,A94,A101,1,A123,45,A141,A152,1,A172,1,A191,A201,1,0,0,2628.0,INDONESIA
A11,6,A34,A43,108.0,A63,A75,4,A93,A101,4,A123,52,A143,A152,2,A173,1,A191,A201,1,0,1,3365.0,INDONESIA
A11,18,A32,A43,344.0,A61,A73,4,A94,A101,3,A121,26,A141,A152,1,A173,1,A191,A201,2,1,0,9587.0,INDONESIA
A14,4,A34,A40,1153.0,A61,A74,1,A92,A101,1,A121,37,A143,A152,1,A173,2,A191,A201,1,0,0,36576.0,INDONESIA
A13,36,A32,A43,1502.0,A61,A75,4,A93,A101,2,A123,31,A143,A152,1,A173,1,A191,A201,1,0,0,30564.0,INDONESIA
A12,15,A32,A43,418.0,A65,A72,4,A93,A101,1,A122,23,A143,A152,1,A173,1,A191,A201,1,0,0,12828.0,INDONESIA
A11,24,A32,A42,1205.0,A61,A73,4,A93,A101,4,A122,28,A143,A152,1,A173,1,A191,A201,1,0,0,32516.0,INDONESIA
A14,12,A32,A43,213.0,A61,A73,4,A93,A101,2,A121,30,A141,A152,2,A173,1,A191,A201,1,0,0,6391.0,INDONESIA
A12,12,A32,A43,463.0,A61,A72,1,A94,A101,1,A121,23,A143,A151,1,A173,1,A191,A201,2,1,0,6689.0,INDONESIA
A11,6,A31,A46,404.0,A61,A75,4,A92,A101,4,A124,35,A143,A153,1,A173,1,A191,A201,2,1,1,8143.0,INDONESIA
A11,48,A30,A42,2303.0,A61,A73,3,A93,A101,4,A124,53,A143,A153,2,A173,2,A191,A201,2,1,1,61103.0,INDONESIA
A11,36,A34,A42,1532.0,A61,A73,3,A93,A103,2,A122,28,A143,A152,2,A173,1,A191,A201,1,0,0,35773.0,INDONESIA
A11,27,A34,A49,743.0,A61,A75,4,A93,A101,4,A123,43,A142,A152,4,A174,2,A192,A201,1,0,0,18203.0,INDONESIA
A12,24,A33,A43,499.0,A62,A74,3,A92,A101,2,A122,23,A143,A151,2,A173,1,A192,A201,1,0,0,11463.0,INDONESIA
A12,24,A33,A43,531.0,A62,A74,3,A92,A101,2,A122,23,A143,A151,2,A173,1,A192,A201,1,0,0,13560.0,INDONESIA
A14,24,A32,A43,307.0,A65,A75,4,A93,A101,2,A123,25,A143,A152,2,A173,1,A191,A201,1,0,0,5968.0,INDONESIA
A11,21,A33,A46,896.0,A61,A72,2,A93,A101,1,A122,26,A143,A152,2,A173,1,A191,A201,2,1,1,13447.0,INDONESIA
A11,48,A32,A43,2003.0,A61,A74,1,A94,A103,1,A121,34,A143,A152,2,A173,1,A192,A201,2,1,0,39651.0,INDONESIA
A12,12,A34,A40,620.0,A63,A74,3,A91,A101,3,A123,36,A143,A152,1,A174,1,A192,A201,1,0,0,9630.0,INDONESIA
A14,15,A31,A43,427.0,A62,A75,4,A93,A101,4,A123,34,A141,A152,1,A172,2,A191,A201,1,0,0,10828.0,INDONESIA
A11,24,A31,A42,995.0,A61,A74,3,A93,A101,4,A123,27,A141,A152,1,A173,1,A191,A201,2,1,1,27232.0,INDONESIA
A14,18,A32,A43,483.0,A61,A72,3,A94,A101,4,A121,39,A143,A152,1,A173,1,A192,A201,1,0,1,11119.0,INDONESIA
A12,9,A32,A43,327.0,A61,A75,4,A93,A101,4,A123,27,A143,A152,2,A172,1,A191,A201,1,0,0,6224.0,INDONESIA
A13,6,A32,A42,701.0,A61,A73,2,A93,A101,2,A121,41,A143,A152,1,A173,1,A192,A201,1,0,1,13977.0,INDONESIA
A12,48,A32,A410,1602.0,A65,A71,3,A93,A101,4,A124,40,A141,A153,1,A171,1,A192,A201,1,0,0,52062.0,INDONESIA
A11,24,A32,A410,536.0,A61,A75,4,A92,A103,4,A121,58,A143,A152,1,A172,1,A192,A201,1,0,0,6886.0,INDONESIA
A14,10,A34,A42,555.0,A65,A73,2,A94,A101,1,A123,26,A143,A152,2,A173,1,A191,A202,1,0,0,14048.0,INDONESIA
A11,36,A34,A41,2673.0,A61,A74,4,A93,A101,4,A123,24,A143,A152,2,A173,1,A192,A201,2,1,1,83605.0,INDONESIA
A12,48,A32,A43,1794.0,A61,A73,2,A92,A101,2,A121,22,A143,A152,1,A173,1,A191,A201,2,1,0,26525.0,INDONESIA
A14,18,A32,A43,504.0,A61,A73,4,A93,A101,2,A124,32,A143,A153,1,A174,1,A192,A201,1,0,0,12979.0,INDONESIA
A14,10,A32,A41,781.0,A62,A73,1,A93,A102,2,A121,32,A143,A152,1,A173,2,A191,A201,1,0,0,23504.0,INDONESIA
A14,11,A34,A40,396.0,A61,A72,4,A92,A101,4,A123,35,A143,A152,2,A174,1,A191,A201,1,0,0,8061.0,INDONESIA
A14,60,A32,A40,3367.0,A61,A75,2,A93,A101,4,A122,42,A143,A152,1,A174,1,A192,A201,1,0,0,96699.0,INDONESIA
A11,36,A32,A41,2755.0,A61,A73,2,A93,A101,2,A122,26,A143,A152,1,A173,2,A191,A201,2,1,0,57184.0,INDONESIA
A11,6,A32,A41,411.0,A63,A71,1,A92,A101,2,A122,23,A143,A151,1,A171,1,A192,A201,1,0,0,7128.0,INDONESIA
A14,24,A33,A40,528.0,A61,A75,4,A93,A101,4,A124,60,A143,A153,2,A173,1,A192,A201,1,0,1,15768.0,INDONESIA
A14,9,A34,A40,547.0,A61,A73,4,A93,A101,4,A123,48,A143,A152,3,A173,1,A192,A201,1,0,0,7505.0,INDONESIA
A14,18,A34,A42,1117.0,A61,A72,3,A91,A101,2,A123,35,A143,A152,2,A174,1,A192,A201,1,0,0,18073.0,INDONESIA
A14,6,A32,A42,1184.0,A61,A72,1,A92,A101,4,A122,32,A143,A152,1,A173,1,A191,A201,2,1,0,20478.0,INDONESIA
A14,24,A34,A49,1558.0,A61,A73,3,A93,A101,2,A121,74,A143,A152,1,A174,1,A192,A201,1,0,0,24222.0,INDONESIA
A14,6,A32,A43,152.0,A61,A73,3,A92,A101,1,A121,29,A143,A152,1,A173,1,A191,A201,1,0,1,2393.0,INDONESIA
A12,7,A32,A43,876.0,A61,A73,2,A93,A103,2,A121,35,A143,A152,1,A173,1,A191,A201,1,0,0,15413.0,INDONESIA
A12,12,A32,A43,310.0,A61,A74,4,A93,A103,3,A121,29,A143,A152,2,A173,1,A191,A202,1,0,1,6216.0,INDONESIA
A14,18,A34,A41,1048.0,A65,A71,2,A93,A101,4,A124,38,A143,A152,1,A174,1,A192,A201,1,0,1,25230.0,INDONESIA
A14,6,A34,A43,453.0,A61,A73,1,A92,A101,1,A123,28,A143,A152,2,A173,1,A192,A201,1,0,0,11042.0,INDONESIA
A14,12,A34,A40,389.0,A63,A73,4,A93,A101,4,A121,44,A143,A152,1,A173,1,A192,A201,1,0,0,5153.0,INDONESIA
A11,12,A32,A43,196.0,A62,A72,4,A94,A101,3,A124,33,A143,A152,1,A172,1,A192,A201,2,1,0,3121.0,INDONESIA
A12,36,A32,A42,2767.0,A62,A72,4,A93,A102,1,A124,29,A143,A151,1,A174,1,A192,A201,2,1,0,39225.0,INDONESIA
A11,18,A32,A42,639.0,A61,A73,1,A92,A101,4,A121,20,A141,A151,1,A173,1,A191,A201,2,1,1,15210.0,INDONESIA
A14,24,A32,A41,853.0,A61,A75,4,A93,A101,4,A123,35,A143,A152,1,A174,1,A192,A201,1,0,0,25909.0,INDONESIA
A14,6,A32,A43,446.0,A62,A75,2,A93,A101,4,A124,42,A141,A153,1,A173,2,A192,A201,1,0,0,13550.0,INDONESIA
A14,15,A32,A41,411.0,A65,A75,4,A93,A101,4,A124,45,A141,A153,1,A173,2,A191,A201,1,0,0,12168.0,INDONESIA
A12,20,A30,A41,1723.0,A62,A75,3,A94,A101,4,A123,31,A141,A152,2,A173,1,A192,A201,1,0,0,47625.0,INDONESIA
A12,12,A32,A42,310.0,A64,A72,1,A92,A101,4,A121,19,A143,A151,1,A172,1,A191,A201,1,0,0,7901.0,INDONESIA
A14,24,A32,A43,625.0,A62,A73,4,A93,A101,4,A123,29,A143,A151,1,A174,1,A192,A201,1,0,1,15573.0,INDONESIA
A12,24,A32,A40,1144.0,A62,A74,2,A93,A101,3,A123,38,A141,A152,2,A173,1,A192,A201,1,0,1,23448.0,INDONESIA
A11,15,A32,A43,322.0,A61,A72,4,A94,A101,2,A121,27,A143,A152,1,A173,1,A191,A202,1,0,0,7243.0,INDONESIA
A12,12,A32,A42,933.0,A65,A75,1,A92,A101,2,A122,25,A141,A152,1,A173,1,A192,A201,2,1,0,16263.0,INDONESIA
A12,18,A32,A46,410.0,A65,A73,4,A93,A101,4,A124,61,A143,A153,1,A173,1,A191,A201,1,0,1,12730.0,INDONESIA
A12,12,A32,A40,390.0,A64,A75,4,A93,A101,4,A121,54,A143,A152,1,A173,1,A192,A201,1,1,1,8197.0,INDONESIA
A11,36,A32,A40,3060.0,A61,A74,2,A93,A101,1,A123,24,A143,A152,1,A173,1,A192,A201,2,1,1,40989.0,INDONESIA
A14,24,A32,A41,888.0,A61,A72,4,A92,A101,1,A124,29,A143,A152,1,A174,1,A192,A201,1,0,0,18215.0,INDONESIA
A14,18,A32,A49,591.0,A61,A74,4,A93,A101,1,A123,34,A142,A152,2,A173,1,A192,A201,1,0,1,17164.0,INDONESIA
A14,6,A33,A49,541.0,A62,A73,1,A93,A101,2,A121,34,A143,A152,2,A172,1,A191,A201,1,0,0,11017.0,INDONESIA
A11,20,A32,A42,595.0,A65,A74,4,A93,A101,4,A123,39,A143,A152,1,A173,1,A192,A201,1,0,0,7587.0,INDONESIA
A12,18,A34,A42,1158.0,A61,A75,3,A92,A101,4,A122,37,A143,A152,1,A173,1,A192,A201,1,0,1,36158.0,INDONESIA
A12,36,A32,A41,2829.0,A61,A72,1,A94,A101,4,A123,28,A143,A151,1,A174,1,A192,A201,2,1,0,48171.0,INDONESIA
A11,36,A34,A42,1438.0,A61,A73,3,A93,A103,2,A122,28,A143,A152,2,A173,1,A191,A201,1,0,1,37372.0,INDONESIA
A13,21,A34,A46,671.0,A61,A72,2,A91,A101,1,A123,33,A143,A151,1,A173,1,A191,A201,2,1,1,11043.0,INDONESIA
A11,11,A34,A40,1199.0,A61,A73,2,A93,A101,2,A121,36,A143,A151,2,A173,2,A191,A201,1,0,0,19102.0,INDONESIA
A14,15,A34,A43,387.0,A61,A73,4,A92,A101,2,A123,43,A143,A152,1,A172,1,A191,A201,1,0,1,5597.0,INDONESIA
A14,27,A33,A41,2634.0,A64,A73,2,A93,A101,2,A123,27,A143,A152,2,A173,1,A191,A201,1,0,1,60880.0,INDONESIA
A14,15,A34,A43,454.0,A61,A73,4,A93,A101,4,A124,35,A143,A153,2,A173,1,A192,A201,1,0,1,12499.0,INDONESIA
A12,12,A32,A48,256.0,A65,A75,4,A93,A101,4,A122,38,A143,A152,2,A173,1,A191,A201,1,0,1,4621.0,INDONESIA
A12,12,A32,A43,484.0,A61,A72,1,A94,A101,1,A121,23,A143,A151,1,A173,1,A191,A201,2,1,0,14882.0,INDONESIA
A11,21,A32,A40,1126.0,A65,A74,2,A93,A102,2,A121,24,A143,A152,1,A172,1,A191,A202,1,0,1,30576.0,INDONESIA
A14,11,A34,A43,348.0,A62,A71,4,A92,A101,4,A121,57,A143,A152,3,A172,1,A191,A201,1,0,0,10521.0,INDONESIA
A11,12,A32,A42,492.0,A61,A73,2,A92,A102,3,A122,30,A143,A152,1,A173,1,A191,A201,1,0,0,10593.0,INDONESIA
A11,12,A34,A40,1529.0,A61,A75,3,A93,A102,4,A122,43,A143,A151,2,A173,1,A192,A201,2,1,0,32468.0,INDONESIA
A13,24,A34,A42,1041.0,A65,A75,4,A93,A102,4,A124,20,A143,A151,2,A173,1,A191,A201,1,0,1,14361.0,INDONESIA
A12,24,A33,A49,1571.0,A65,A73,4,A93,A101,2,A122,37,A141,A152,2,A174,1,A192,A201,1,0,1,37270.0,INDONESIA
A13,15,A32,A43,661.0,A61,A72,2,A92,A101,3,A121,25,A143,A152,1,A172,1,A191,A201,2,1,1,18372.0,INDONESIA
A12,12,A32,A40,2524.0,A65,A71,1,A92,A101,2,A121,24,A143,A151,1,A171,1,A191,A201,1,0,0,38361.0,INDONESIA
A14,9,A34,A40,571.0,A61,A73,4,A93,A101,4,A123,48,A143,A152,3,A173,1,A192,A201,1,0,1,16189.0,INDONESIA
A11,6,A34,A40,1249.0,A65,A72,1,A93,A101,3,A121,44,A143,A152,2,A172,2,A191,A201,1,0,0,25020.0,INDONESIA
A14,6,A34,A40,115.0,A62,A73,4,A92,A101,4,A123,52,A143,A152,2,A172,1,A191,A201,1,1,1,1970.0,INDONESIA
A11,30,A32,A43,674.0,A61,A75,1,A93,A103,3,A122,39,A143,A152,1,A173,2,A191,A201,1,0,1,14351.0,INDONESIA
A11,12,A30,A40,282.0,A61,A73,4,A93,A101,4,A123,48,A141,A152,2,A173,1,A191,A201,2,1,1,6473.0,INDONESIA
A14,48,A32,A49,1214.0,A65,A73,4,A91,A101,2,A121,38,A141,A152,1,A173,1,A191,A201,2,1,1,34988.0,INDONESIA
A11,27,A32,A43,1066.0,A61,A73,3,A93,A101,2,A123,27,A143,A152,1,A174,1,A191,A201,1,0,0,29143.0,INDONESIA
A14,48,A33,A43,3446.0,A63,A74,4,A93,A101,1,A123,37,A143,A152,1,A174,1,A192,A201,1,0,1,88551.0,INDONESIA
A11,12,A31,A40,215.0,A61,A72,4,A93,A101,2,A123,46,A141,A152,2,A173,1,A192,A201,2,1,1,4798.0,INDONESIA
A14,6,A34,A43,612.0,A65,A73,1,A93,A101,2,A121,34,A143,A152,2,A172,2,A191,A201,1,0,1,10742.0,INDONESIA
A14,15,A34,A43,378.0,A61,A73,4,A92,A101,2,A123,43,A143,A152,1,A172,1,A191,A201,1,0,1,9307.0,INDONESIA
A14,12,A33,A41,490.0,A61,A73,4,A94,A101,4,A121,41,A143,A151,1,A173,1,A191,A201,1,0,0,14712.0,INDONESIA
A14,21,A34,A40,4022.0,A65,A75,4,A93,A101,4,A124,30,A143,A153,1,A174,1,A192,A201,2,1,1,97260.0,INDONESIA
A11,12,A34,A42,657.0,A61,A75,3,A93,A101,3,A122,60,A143,A152,2,A173,1,A191,A201,2,1,0,11240.0,INDONESIA
A13,15,A32,A43,662.0,A61,A72,2,A92,A101,3,A121,25,A143,A152,1,A172,1,A191,A201,2,1,0,19393.0,INDONESIA
A13,10,A34,A40,263.0,A61,A75,4,A93,A101,4,A124,63,A143,A153,2,A173,1,A192,A201,1,0,0,8209.0,INDONESIA
A12,24,A32,A40,390.0,A61,A72,4,A93,A101,1,A122,26,A143,A152,1,A173,1,A191,A201,1,0,1,10157.0,INDONESIA
A12,24,A33,A43,438.0,A62,A74,3,A92,A101,2,A122,23,A143,A151,2,A173,1,A192,A201,1,0,0,7441.0,INDONESIA
A12,12,A32,A43,370.0,A63,A73,3,A91,A101,1,A123,26,A143,A152,1,A173,1,A192,A201,1,0,0,9212.0,INDONESIA
A14,6,A32,A43,141.0,A61,A73,3,A92,A101,1,A121,29,A143,A152,1,A173,1,A191,A201,1,0,0,2300.0,INDONESIA
A12,18,A32,A41,748.0,A61,A73,1,A94,A101,3,A123,21,A143,A151,1,A173,1,A192,A201,1,0,0,23276.0,INDONESIA
A11,18,A34,A45,402.0,A61,A71,2,A92,A101,4,A124,55,A143,A153,3,A171,2,A191,A201,2,1,0,5535.0,INDONESIA
A13,24,A34,A42,1199.0,A65,A75,4,A93,A102,4,A124,20,A143,A151,2,A173,1,A191,A201,1,0,0,16532.0,INDONESIA
A11,9,A34,A43,305.0,A61,A73,4,A93,A101,4,A121,25,A143,A152,2,A172,1,A191,A201,1,0,0,8587.0,INDONESIA
A14,6,A34,A43,333.0,A62,A73,1,A92,A101,1,A122,27,A143,A152,2,A173,1,A191,A201,1,0,1,6350.0,INDONESIA
A12,12,A32,A43,1810.0,A65,A71,2,A93,A101,1,A124,52,A143,A152,1,A174,1,A192,A201,2,1,0,56385.0,INDONESIA
A11,24,A32,A42,1142.0,A61,A73,4,A93,A101,4,A122,28,A143,A152,1,A173,1,A191,A201,1,0,0,23128.0,INDONESIA
A11,21,A32,A42,1073.0,A61,A74,1,A92,A101,4,A123,26,A143,A151,1,A172,1,A191,A201,1,0,0,31221.0,INDONESIA
A11,24,A34,A43,349.0,A64,A75,4,A92,A101,4,A122,57,A143,A151,2,A174,1,A192,A201,1,0,0,10022.0,INDONESIA
A11,18,A31,A42,443.0,A61,A73,4,A93,A101,3,A123,44,A141,A152,1,A173,1,A191,A201,2,1,1,13476.0,INDONESIA
A14,30,A32,A43,780.0,A63,A75,4,A93,A101,2,A123,30,A141,A152,1,A174,1,A191,A201,1,0,0,24902.0,INDONESIA
A14,18,A34,A42,1195.0,A61,A72,3,A91,A101,2,A123,35,A143,A152,2,A174,1,A192,A201,1,0,0,32687.0,INDONESIA
A11,24,A31,A49,872.0,A61,A73,4,A93,A101,2,A122,31,A143,A151,1,A173,1,A192,A201,2,1,0,24671.0,INDONESIA
A12,60,A33,A43,2928.0,A65,A73,2,A93,A101,2,A124,27,A143,A153,1,A174,1,A191,A201,1,0,0,52699.0,INDONESIA
A14,4,A34,A40,412.0,A61,A74,2,A93,A101,1,A121,42,A143,A152,3,A172,2,A191,A201,1,0,0,11544.0,INDONESIA
A11,24,A31,A42,1005.0,A61,A74,3,A93,A101,4,A123,27,A141,A152,1,A173,1,A191,A201,2,1,1,23352.0,INDONESIA
A11,42,A34,A45,958.0,A61,A71,4,A93,A102,4,A123,65,A143,A152,2,A171,1,A191,A201,1,0,0,21511.0,INDONESIA
A11,36,A32,A42,1049.0,A61,A73,1,A93,A103,2,A122,37,A143,A152,1,A173,2,A191,A201,1,0,0,29274.0,INDONESIA
A14,6,A32,A43,405.0,A62,A75,2,A93,A101,4,A124,42,A141,A153,1,A173,2,A192,A201,1,0,0,5681.0,INDONESIA
A14,24,A32,A41,850.0,A64,A73,2,A92,A101,4,A123,28,A143,A151,1,A173,1,A192,A201,1,0,1,26123.0,INDONESIA
A14,36,A33,A41,2777.0,A65,A74,3,A93,A101,2,A123,31,A142,A152,1,A174,2,A192,A201,1,0,0,64015.0,INDONESIA
A14,12,A32,A40,579.0,A65,A75,4,A92,A101,4,A124,52,A143,A153,1,A174,1,A192,A201,1,0,0,13379.0,INDONESIA
A14,18,A32,A43,501.0,A61,A72,3,A92,A101,1,A121,26,A143,A152,1,A173,1,A191,A201,1,0,1,6749.0,INDONESIA
A14,24,A32,A49,1557.0,A64,A73,2,A93,A101,3,A122,54,A143,A152,3,A174,1,A192,A201,2,1,0,25424.0,INDONESIA
A12,24,A33,A49,1525.0,A65,A73,4,A93,A101,2,A122,37,A141,A152,2,A174,1,A192,A201,1,0,0,48000.0,INDONESIA
A14,12,A32,A42,577.0,A61,A73,3,A93,A101,2,A121,24,A143,A151,1,A172,1,A191,A201,1,0,1,11619.0,INDONESIA
A11,36,A32,A41,2313.0,A65,A75,3,A93,A101,4,A124,47,A143,A153,1,A173,1,A191,A201,2,1,1,45560.0,INDONESIA
A14,12,A34,A46,746.0,A61,A75,2,A92,A101,4,A124,57,A141,A153,3,A172,1,A191,A201,1,0,1,16447.0,INDONESIA
A11,12,A32,A40,402.0,A61,A73,4,A94,A101,3,A121,27,A143,A152,1,A172,1,A191,A201,1,0,0,11360.0,INDONESIA
A14,12,A32,A40,793.0,A65,A75,4,A93,A101,3,A123,50,A143,A152,1,A173,1,A192,A201,1,0,0,17037.0,INDONESIA
A14,9,A32,A43,830.0,A61,A73,1,A93,A101,2,A121,32,A143,A152,1,A173,2,A191,A201,1,0,0,19239.0,INDONESIA
A14,24,A32,A42,974.0,A63,A75,4,A93,A101,3,A124,32,A143,A151,1,A173,1,A192,A201,1,0,0,23639.0,INDONESIA
A11,12,A32,A42,428.0,A61,A73,2,A92,A101,4,A123,20,A143,A151,1,A173,1,A191,A201,2,1,1,8614.0,INDONESIA
A14,24,A34,A45,1545.0,A61,A75,3,A93,A101,4,A124,44,A143,A153,2,A173,1,A191,A201,1,0,0,42055.0,INDONESIA
A14,24,A33,A49,2615.0,A61,A72,2,A93,A101,2,A123,27,A141,A152,2,A173,1,A192,A201,2,1,1,51451.0,INDONESIA
A14,60,A34,A40,3865.0,A65,A75,2,A93,A101,4,A124,63,A141,A153,1,A174,1,A192,A201,1,0,0,74048.0,INDONESIA
A12,60,A32,A40,4563.0,A61,A74,4,A93,A101,2,A124,27,A143,A152,1,A174,1,A192,A201,2,1,1,115440.0,INDONESIA
A11,36,A32,A41,2300.0,A61,A73,2,A93,A101,2,A122,26,A143,A152,1,A173,2,A191,A201,2,1,0,74626.0,INDONESIA
A13,6,A33,A43,198.0,A61,A72,2,A92,A101,1,A122,29,A141,A152,1,A173,1,A191,A201,1,0,0,2604.0,INDONESIA
A11,18,A34,A43,605.0,A61,A74,4,A94,A101,1,A122,32,A143,A152,2,A174,1,A192,A201,1,0,1,14443.0,INDONESIA
A12,12,A32,A40,437.0,A64,A75,4,A93,A101,4,A121,54,A143,A152,1,A173,1,A192,A201,1,0,1,8909.0,INDONESIA
A14,4,A34,A40,382.0,A61,A74,2,A93,A101,1,A121,42,A143,A152,3,A172,2,A191,A201,1,0,0,8715.0,INDONESIA
A14,36,A34,A40,2689.0,A61,A73,4,A92,A101,2,A121,25,A142,A152,2,A173,1,A192,A201,2,1,1,44258.0,INDONESIA
A11,18,A32,A43,514.0,A61,A73,4,A92,A101,4,A123,25,A141,A151,2,A173,1,A191,A201,2,1,0,11955.0,INDONESIA
A14,18,A34,A43,538.0,A61,A73,4,A93,A101,2,A123,24,A143,A152,2,A173,1,A191,A201,1,0,0,15195.0,INDONESIA
A14,36,A32,A43,1223.0,A61,A75,4,A93,A101,2,A123,28,A143,A152,1,A173,1,A191,A201,1,0,0,25546.0,INDONESIA
A11,12,A32,A40,973.0,A64,A73,1,A93,A101,3,A122,31,A143,A152,1,A173,2,A191,A201,1,0,0,13827.0,INDONESIA
A14,6,A34,A40,118.0,A62,A73,4,A92,A101,4,A123,52,A143,A152,2,A172,1,A191,A201,1,0,1,1952.0,INDONESIA
A12,12,A32,A40,353.0,A61,A75,1,A91,A101,1,A121,46,A143,A151,2,A173,1,A191,A201,2,1,0,6875.0,INDONESIA
A11,24,A32,A42,2210.0,A65,A72,1,A92,A101,2,A122,30,A143,A152,1,A173,1,A192,A202,1,0,0,30067.0,INDONESIA
A14,24,A34,A41,663.0,A65,A74,4,A93,A101,4,A123,43,A143,A152,2,A173,2,A192,A201,1,0,1,11590.0,INDONESIA
A11,48,A32,A44,995.0,A61,A73,3,A93,A101,4,A123,54,A143,A152,1,A173,1,A191,A201,2,1,0,31011.0,INDONESIA
A14,24,A32,A43,516.0,A61,A72,4,A92,A101,3,A123,38,A142,A152,1,A173,1,A192,A201,1,0,1,7683.0,INDONESIA
A11,48,A30,A41,1434.0,A61,A75,3,A93,A101,4,A124,24,A143,A153,2,A173,2,A191,A201,2,1,0,46163.0,INDONESIA
A12,12,A32,A43,473.0,A65,A73,2,A94,A101,1,A121,25,A143,A152,1,A173,1,A192,A201,2,1,0,8866.0,INDONESIA
A14,6,A32,A41,351.0,A63,A73,2,A93,A101,4,A122,50,A143,A151,1,A173,1,A191,A201,1,0,0,4913.0,INDONESIA
A14,24,A32,A41,869.0,A61,A72,4,A92,A101,1,A124,29,A143,A152,1,A174,1,A192,A201,1,0,0,16942.0,INDONESIA
A11,6,A34,A42,877.0,A61,A73,1,A91,A101,4,A121,44,A143,A151,1,A174,1,A192,A201,2,1,1,15862.0,INDONESIA
A11,12,A32,A40,668.0,A61,A72,4,A93,A101,1,A121,33,A143,A152,1,A172,2,A191,A201,2,1,0,20232.0,INDONESIA
A14,24,A34,A45,1884.0,A61,A75,3,A93,A101,4,A124,44,A143,A153,2,A173,1,A191,A201,1,0,0,47896.0,INDONESIA
A14,30,A34,A43,1454.0,A61,A74,4,A92,A101,4,A123,26,A143,A151,1,A174,1,A192,A201,1,0,0,25268.0,INDONESIA
A14,24,A32,A42,1100.0,A61,A74,2,A92,A101,4,A122,25,A143,A151,1,A173,1,A192,A201,1,0,1,27358.0,INDONESIA
A13,6,A34,A40,408.0,A61,A73,1,A93,A101,1,A121,74,A143,A152,3,A171,2,A191,A202,1,0,0,12958.0,INDONESIA
A11,9,A32,A43,423.0,A61,A74,3,A93,A101,4,A121,59,A143,A152,1,A173,1,A191,A201,1,0,1,11036.0,INDONESIA
A12,6,A32,A43,144.0,A61,A74,3,A94,A103,3,A121,28,A141,A152,1,A172,1,A191,A201,1,0,0,2979.0,INDONESIA
A13,12,A32,A43,1013.0,A61,A73,3,A94,A101,1,A123,24,A143,A152,1,A173,1,A191,A201,1,0,0,23826.0,INDONESIA
A12,24,A34,A43,354.0,A62,A72,4,A93,A101,4,A124,38,A141,A152,2,A173,2,A191,A201,2,1,0,7281.0,INDONESIA
A12,45,A34,A43,1499.0,A61,A72,4,A93,A101,2,A122,25,A143,A152,2,A172,1,A191,A201,2,1,0,46387.0,INDONESIA
A14,12,A34,A43,345.0,A65,A75,4,A92,A101,2,A121,38,A143,A152,2,A173,1,A192,A201,1,0,0,5483.0,INDONESIA
A14,12,A34,A46,216.0,A61,A73,4,A93,A101,2,A123,32,A143,A152,2,A173,1,A191,A201,1,0,0,4662.0,INDONESIA
A11,24,A32,A42,899.0,A61,A72,4,A92,A101,4,A121,23,A143,A151,1,A172,1,A192,A201,2,1,0,13029.0,INDONESIA
A12,13,A34,A43,249.0,A61,A72,4,A93,A103,4,A121,23,A143,A152,2,A173,1,A191,A201,1,0,0,7523.0,INDONESIA
A11,16,A34,A40,829.0,A61,A75,2,A93,A103,4,A122,43,A141,A151,1,A173,1,A192,A201,2,1,0,14259.0,INDONESIA
A13,12,A32,A42,764.0,A61,A73,1,A92,A101,2,A123,46,A143,A152,1,A172,1,A191,A201,1,1,1,15382.0,INDONESIA
A12,15,A33,A45,513.0,A64,A73,3,A94,A101,3,A122,61,A142,A152,2,A173,1,A191,A201,2,1,0,15643.0,INDONESIA
A13,24,A32,A42,1152.0,A61,A72,2,A92,A101,4,A123,26,A143,A152,1,A173,1,A191,A201,1,0,0,33327.0,INDONESIA
A14,18,A34,A43,374.0,A61,A71,4,A92,A101,4,A123,65,A143,A152,2,A171,1,A191,A201,1,0,0,10064.0,INDONESIA
A12,24,A32,A43,545.0,A61,A75,4,A92,A101,4,A123,20,A143,A152,1,A173,1,A192,A201,1,0,0,11121.0,INDONESIA
A11,36,A32,A46,562.0,A65,A75,4,A93,A101,4,A124,40,A143,A152,1,A174,1,A192,A201,2,1,1,11242.0,INDONESIA
A11,30,A30,A42,1264.0,A61,A73,2,A91,A103,2,A121,32,A143,A152,2,A173,1,A191,A201,1,0,1,39520.0,INDONESIA
A11,39,A34,A42,4144.0,A65,A74,4,A93,A101,4,A122,30,A143,A152,2,A174,1,A192,A201,1,0,0,61831.0,INDONESIA
A11,36,A32,A41,2768.0,A65,A75,3,A93,A101,4,A124,47,A143,A153,1,A173,1,A191,A201,2,1,0,72756.0,INDONESIA
A12,24,A32,A43,581.0,A61,A72,1,A94,A101,1,A122,22,A143,A152,1,A173,1,A192,A201,2,1,1,17208.0,INDONESIA
A11,12,A32,A41,1111.0,A61,A75,3,A93,A101,4,A124,35,A143,A153,1,A173,1,A192,A201,2,1,1,28979.0,INDONESIA
A11,24,A34,A43,316.0,A64,A75,4,A92,A101,4,A122,57,A143,A151,2,A174,1,A192,A201,1,0,1,10073.0,INDONESIA
A11,42,A34,A45,990.0,A61,A71,4,A93,A102,4,A123,65,A143,A152,2,A171,1,A191,A201,1,0,0,28960.0,INDONESIA
A14,18,A34,A41,1041.0,A61,A74,3,A93,A101,1,A123,27,A143,A152,2,A173,1,A191,A201,1,0,0,17426.0,INDONESIA
A14,11,A34,A43,320.0,A62,A71,4,A92,A101,4,A121,57,A143,A152,3,A172,1,A191,A201,1,0,1,7670.0,INDONESIA
A12,12,A32,A42,572.0,A61,A73,4,A93,A101,2,A122,37,A143,A152,1,A172,1,A191,A201,2,1,1,8565.0,INDONESIA
A14,12,A34,A42,1841.0,A65,A75,2,A93,A101,4,A122,49,A143,A151,1,A173,1,A192,A201,1,0,1,35948.0,INDONESIA
A11,18,A32,A41,2110.0,A65,A75,1,A93,A101,4,A122,51,A143,A153,1,A173,2,A192,A201,2,1,1,62657.0,INDONESIA
A12,24,A33,A42,727.0,A65,A72,4,A93,A101,2,A122,29,A141,A152,1,A172,1,A191,A201,1,0,0,14079.0,INDONESIA
A11,13,A34,A49,553.0,A61,A72,3,A93,A101,1,A122,28,A141,A152,2,A172,1,A191,A201,1,0,0,14070.0,INDONESIA
A14,12,A34,A43,383.0,A65,A75,4,A92,A101,2,A121,38,A143,A152,2,A173,1,A192,A201,1,0,0,9914.0,INDONESIA
A14,12,A32,A43,262.0,A61,A75,4,A93,A101,4,A123,38,A143,A152,1,A173,1,A191,A201,1,0,0,5478.0,INDONESIA
A11,36,A32,A41,1539.0,A61,A75,2,A93,A101,4,A124,42,A143,A153,1,A173,2,A191,A201,1,0,0,20800.0,INDONESIA
A11,36,A32,A42,1459.0,A61,A74,4,A93,A101,2,A122,29,A143,A152,1,A173,1,A191,A201,2,1,0,45458.0,INDONESIA
A12,42,A34,A49,2046.0,A61,A74,2,A92,A101,1,A121,41,A141,A152,2,A172,1,A191,A201,1,0,1,56072.0,INDONESIA
A14,12,A34,A43,238.0,A65,A75,4,A93,A101,4,A121,65,A143,A152,4,A173,1,A191,A201,1,0,1,4109.0,INDONESIA
A14,18,A34,A43,467.0,A64,A75,4,A93,A101,4,A123,46,A143,A152,2,A173,1,A191,A201,1,0,0,10069.0,INDONESIA
A11,18,A34,A40,1208.0,A61,A75,1,A92,A101,4,A121,33,A141,A151,3,A173,1,A192,A201,2,1,0,21361.0,INDONESIA
A12,9,A31,A41,1328.0,A61,A75,2,A92,A101,4,A124,74,A141,A153,1,A174,2,A192,A201,2,1,0,18720.0,INDONESIA
A14,18,A32,A49,534.0,A62,A73,3,A92,A101,4,A122,24,A143,A151,1,A172,1,A191,A201,1,0,0,9457.0,INDONESIA
A12,60,A32,A40,4555.0,A61,A74,4,A93,A101,2,A124,27,A143,A152,1,A174,1,A192,A201,2,1,0,71377.0,INDONESIA
A11,12,A32,A43,174.0,A62,A74,4,A94,A101,1,A122,20,A143,A152,1,A173,1,A191,A201,2,1,1,3638.0,INDONESIA
A13,10,A32,A40,1090.0,A61,A72,1,A93,A103,1,A122,37,A143,A152,1,A172,2,A191,A201,1,0,1,15483.0,INDONESIA
A14,18,A32,A49,498.0,A61,A74,4,A93,A101,1,A123,34,A142,A152,2,A173,1,A192,A201,1,0,1,14284.0,INDONESIA
A14,7,A34,A43,227.0,A65,A75,4,A93,A101,2,A122,46,A143,A151,2,A172,1,A192,A201,1,0,0,6499.0,INDONESIA
A14,30,A32,A41,1350.0,A65,A74,2,A92,A101,4,A122,24,A142,A151,1,A172,1,A191,A201,1,0,0,22973.0,INDONESIA
A14,18,A32,A42,520.0,A61,A72,4,A94,A102,1,A122,43,A143,A152,1,A172,2,A191,A201,2,1,0,11498.0,INDONESIA
A11,30,A32,A42,746.0,A61,A74,4,A92,A101,4,A121,23,A143,A151,1,A173,1,A191,A201,2,1,1,18441.0,INDONESIA
A14,36,A34,A43,3215.0,A61,A73,2,A92,A101,2,A123,31,A142,A152,2,A173,1,A191,A201,1,0,0,41619.0,INDONESIA
A14,12,A32,A42,455.0,A61,A74,3,A92,A101,4,A121,31,A143,A152,1,A172,1,A191,A201,1,0,0,13577.0,INDONESIA
A14,24,A34,A41,611.0,A65,A74,4,A93,A101,4,A123,43,A143,A152,2,A173,2,A192,A201,1,0,0,8937.0,INDONESIA
A14,12,A34,A46,222.0,A61,A73,4,A93,A101,2,A123,32,A143,A152,2,A173,1,A191,A201,1,0,0,6807.0,INDONESIA
A13,24,A34,A49,438.0,A64,A73,2,A91,A101,4,A121,36,A143,A152,2,A173,1,A192,A201,1,0,0,6801.0,INDONESIA
A12,36,A33,A49,1195.0,A61,A73,2,A91,A101,2,A121,30,A142,A152,2,A174,1,A192,A201,2,1,0,22482.0,INDONESIA
A14,36,A32,A42,1062.0,A61,A73,4,A92,A101,2,A123,28,A143,A152,1,A174,1,A192,A201,2,1,1,23411.0,INDONESIA
A14,24,A34,A40,675.0,A61,A73,4,A92,A101,4,A123,37,A143,A152,1,A173,1,A192,A201,1,0,0,20184.0,INDONESIA
A14,9,A32,A42,618.0,A62,A72,2,A92,A101,4,A122,22,A143,A151,1,A173,1,A191,A201,1,0,0,15342.0,INDONESIA
A12,48,A32,A43,949.0,A61,A74,4,A93,A101,4,A121,28,A143,A152,2,A173,1,A191,A201,2,1,0,18381.0,INDONESIA
A12,48,A32,A40,2247.0,A65,A74,1,A92,A101,2,A123,24,A143,A152,1,A173,1,A191,A201,1,0,0,56866.0,INDONESIA
A14,15,A32,A42,715.0,A63,A73,2,A92,A101,4,A123,20,A143,A151,1,A173,1,A191,A201,1,0,0,18523.0,INDONESIA
A11,10,A34,A40,750.0,A61,A72,1,A93,A101,3,A121,48,A143,A151,2,A172,2,A191,A202,1,0,0,13580.0,INDONESIA
A11,48,A32,A46,2295.0,A61,A74,4,A93,A101,1,A124,50,A143,A153,1,A174,1,A192,A201,1,0,1,43689.0,INDONESIA
A12,12,A32,A40,274.0,A61,A75,4,A93,A101,4,A123,41,A141,A152,1,A172,2,A191,A201,2,1,0,5505.0,INDONESIA
A14,24,A34,A410,1954.0,A61,A71,4,A93,A102,2,A124,27,A141,A152,2,A174,1,A192,A201,1,0,1,38742.0,INDONESIA
A11,36,A32,A42,742.0,A61,A75,2,A93,A101,2,A122,41,A141,A152,1,A173,2,A191,A201,2,1,1,13489.0,INDONESIA
A14,33,A34,A41,2068.0,A61,A74,3,A93,A101,2,A123,35,A143,A152,2,A174,1,A192,A201,1,0,0,64940.0,INDONESIA
A12,27,A34,A43,647.0,A63,A73,4,A93,A101,2,A122,23,A143,A152,2,A172,1,A191,A201,2,1,0,11223.0,INDONESIA
A14,15,A34,A46,496.0,A62,A73,4,A92,A101,3,A123,31,A143,A152,1,A173,1,A191,A201,1,0,0,7959.0,INDONESIA
A12,24,A32,A40,991.0,A62,A74,2,A93,A101,3,A123,38,A141,A152,2,A173,1,A192,A201,1,0,0,21194.0,INDONESIA
A12,26,A32,A41,2736.0,A61,A72,2,A93,A101,3,A123,30,A143,A152,2,A173,1,A191,A201,1,0,1,82204.0,INDONESIA
A11,36,A32,A40,925.0,A61,A74,2,A93,A101,4,A124,39,A141,A153,1,A174,2,A192,A201,1,0,1,23728.0,INDONESIA
A14,18,A34,A40,286.0,A61,A72,4,A92,A101,1,A122,30,A143,A152,2,A173,1,A191,A201,1,0,0,8465.0,INDONESIA
A13,24,A32,A43,392.0,A62,A75,4,A92,A101,2,A124,47,A143,A153,1,A173,1,A192,A201,1,0,0,9718.0,INDONESIA
A14,15,A34,A42,500.0,A65,A75,4,A93,A101,4,A122,63,A143,A152,1,A173,1,A191,A201,1,0,0,13462.0,INDONESIA
A14,39,A32,A41,787.0,A63,A73,4,A93,A101,4,A123,24,A143,A152,1,A173,1,A191,A201,1,0,0,17083.0,INDONESIA
A14,11,A34,A43,343.0,A62,A71,4,A92,A101,4,A121,57,A143,A152,3,A172,1,A191,A201,1,0,0,7333.0,INDONESIA
A11,11,A34,A40,1261.0,A61,A73,2,A93,A101,2,A121,36,A143,A151,2,A173,2,A191,A201,1,0,0,20683.0,INDONESIA
A13,6,A34,A40,426.0,A62,A75,2,A91,A101,4,A123,28,A143,A152,2,A173,2,A192,A201,1,0,1,10576.0,INDONESIA
A14,30,A31,A41,2248.0,A65,A71,4,A92,A101,1,A121,53,A141,A152,1,A174,1,A192,A201,2,1,0,37334.0,INDONESIA
A12,24,A32,A43,696.0,A61,A72,1,A94,A101,1,A122,22,A143,A152,1,A173,1,A192,A201,2,1,1,13805.0,INDONESIA
A14,12,A34,A43,162.0,A63,A75,4,A93,A101,4,A122,42,A143,A152,2,A173,2,A192,A201,1,0,0,4823.0,INDONESIA
A12,12,A32,A43,346.0,A61,A72,2,A93,A101,1,A123,22,A142,A152,1,A173,1,A191,A201,2,1,0,6355.0,INDONESIA
A11,24,A34,A43,419.0,A64,A75,4,A92,A101,4,A122,57,A143,A151,2,A174,1,A192,A201,1,0,0,11104.0,INDONESIA
A14,15,A34,A43,383.0,A61,A73,4,A93,A101,2,A122,31,A143,A152,2,A173,1,A191,A201,1,0,0,11404.0,INDONESIA
A14,30,A34,A41,2001.0,A65,A75,1,A93,A101,4,A123,63,A143,A152,2,A173,1,A191,A201,1,0,1,32277.0,INDONESIA
A14,18,A34,A42,476.0,A61,A73,4,A92,A101,2,A124,28,A143,A152,2,A173,1,A191,A201,1,0,1,15461.0,INDONESIA
A11,36,A33,A46,2252.0,A61,A73,4,A93,A101,3,A122,29,A142,A152,1,A173,1,A192,A201,2,1,0,53273.0,INDONESIA
A14,33,A34,A41,2481.0,A61,A74,3,A93,A101,2,A123,35,A143,A152,2,A174,1,A192,A201,1,0,1,59601.0,INDONESIA
A11,36,A34,A41,2890.0,A61,A74,4,A93,A101,4,A123,24,A143,A152,2,A173,1,A192,A201,2,1,0,70308.0,INDONESIA
A14,6,A32,A40,1161.0,A61,A73,2,A93,A103,3,A122,26,A143,A151,1,A173,1,A191,A201,1,0,0,37373.0,INDONESIA
A12,48,A30,A49,3544.0,A65,A73,2,A93,A101,2,A123,48,A141,A152,1,A174,1,A192,A201,1,0,1,83008.0,INDONESIA
A11,12,A32,A44,220.0,A62,A71,4,A92,A101,3,A122,22,A143,A152,1,A173,1,A191,A201,2,1,0,3913.0,INDONESIA
A14,36,A34,A43,2817.0,A61,A73,2,A92,A101,2,A123,31,A142,A152,2,A173,1,A191,A201,1,0,0,61581.0,INDONESIA
A14,18,A32,A40,807.0,A65,A74,4,A93,A101,3,A122,32,A143,A152,1,A173,1,A191,A202,1,0,0,21389.0,INDONESIA
A14,10,A32,A40,376.0,A65,A73,4,A93,A103,4,A122,27,A143,A152,1,A172,1,A191,A201,2,1,1,5498.0,INDONESIA
A14,21,A32,A43,1011.0,A65,A75,4,A93,A101,3,A122,41,A143,A152,1,A173,1,A192,A201,1,0,0,16301.0,INDONESIA
A12,18,A32,A43,408.0,A61,A75,4,A94,A103,2,A121,32,A143,A152,1,A172,1,A191,A201,1,0,0,8028.0,INDONESIA
A12,9,A32,A43,466.0,A61,A72,4,A92,A101,2,A123,22,A143,A152,1,A173,1,A192,A201,2,1,1,8777.0,INDONESIA
A11,18,A32,A42,661.0,A61,A71,4,A93,A101,1,A123,25,A143,A152,1,A171,1,A191,A201,2,1,1,19501.0,INDONESIA
A11,24,A31,A40,341.0,A61,A71,1,A92,A102,4,A124,29,A143,A151,2,A171,1,A191,A201,2,1,1,6283.0,INDONESIA
A14,18,A32,A43,381.0,A65,A72,4,A92,A101,2,A121,21,A143,A151,1,A173,1,A192,A201,1,0,1,10524.0,INDONESIA
A14,6,A32,A42,1290.0,A61,A72,1,A92,A101,4,A122,32,A143,A152,1,A173,1,A191,A201,2,1,0,21254.0,INDONESIA
A12,27,A30,A49,2135.0,A61,A75,2,A92,A101,4,A124,42,A143,A153,2,A174,1,A192,A201,2,1,0,47257.0,INDONESIA
A12,15,A32,A45,756.0,A62,A73,3,A92,A101,2,A121,25,A143,A152,1,A172,1,A191,A201,1,0,0,22047.0,INDONESIA
A14,6,A34,A40,68.0,A64,A73,2,A92,A101,2,A121,41,A141,A152,2,A172,1,A191,A201,1,0,0,1748.0,INDONESIA
A14,15,A33,A42,255.0,A64,A74,3,A92,A101,2,A122,30,A143,A152,2,A173,1,A191,A201,1,0,0,5306.0,INDONESIA
A11,24,A32,A40,368.0,A65,A73,4,A92,A101,4,A121,25,A143,A151,1,A173,1,A191,A201,2,1,1,8159.0,INDONESIA
A14,12,A34,A40,352.0,A61,A75,4,A93,A101,4,A121,61,A143,A152,2,A172,1,A191,A201,1,0,1,8906.0,INDONESIA
A11,12,A34,A43,125.0,A61,A74,4,A92,A101,3,A121,58,A143,A152,4,A172,1,A192,A201,1,0,0,3958.0,INDONESIA
A14,12,A32,A46,390.0,A61,A75,4,A93,A101,4,A122,47,A141,A152,3,A173,2,A192,A201,1,0,0,11366.0,INDONESIA
A14,6,A32,A42,520.0,A64,A73,4,A91,A101,2,A121,33,A143,A152,1,A173,1,A191,A201,1,0,1,12232.0,INDONESIA
A11,9,A32,A43,397.0,A61,A74,3,A93,A101,4,A121,59,A143,A152,1,A173,1,A191,A201,1,0,1,8507.0,INDONESIA
A11,8,A34,A40,1130.0,A61,A74,1,A93,A101,4,A121,39,A143,A152,2,A172,1,A191,A202,1,0,0,21469.0,INDONESIA
A14,48,A34,A46,1749.0,A61,A73,1,A93,A101,3,A124,31,A141,A153,1,A173,1,A192,A201,1,0,0,44455.0,INDONESIA
A11,21,A34,A40,176.0,A61,A75,4,A93,A101,4,A121,65,A143,A152,2,A173,1,A191,A201,1,0,1,4702.0,INDONESIA
A12,39,A33,A46,3455.0,A62,A74,2,A93,A101,3,A124,32,A143,A151,1,A173,1,A192,A201,1,0,0,109224.0,INDONESIA
A11,12,A34,A40,219.0,A61,A75,4,A93,A101,3,A122,35,A143,A152,2,A173,1,A191,A201,2,1,0,6687.0,INDONESIA
A14,5,A32,A49,1170.0,A61,A74,1,A93,A101,4,A121,74,A143,A152,1,A172,1,A191,A201,1,0,0,30549.0,INDONESIA
A12,36,A33,A49,3393.0,A62,A74,1,A93,A101,3,A122,31,A143,A152,2,A172,2,A192,A201,1,0,1,75327.0,INDONESIA
A11,18,A32,A43,617.0,A65,A74,2,A94,A101,4,A123,23,A143,A151,2,A172,1,A191,A201,1,0,1,9326.0,INDONESIA
A11,24,A32,A42,867.0,A61,A72,4,A93,A101,1,A124,22,A141,A153,1,A173,1,A191,A201,1,0,0,24390.0,INDONESIA
A12,24,A32,A41,4194.0,A61,A75,4,A92,A101,2,A124,44,A143,A153,1,A174,1,A192,A201,2,1,0,103230.0,INDONESIA
A14,15,A34,A43,473.0,A61,A75,4,A93,A101,4,A123,46,A143,A152,2,A173,1,A192,A201,1,0,1,10180.0,INDONESIA
A14,21,A34,A40,4106.0,A65,A75,4,A93,A101,4,A124,30,A143,A153,1,A174,1,A192,A201,2,1,0,118406.0,INDONESIA
A12,6,A32,A43,153.0,A61,A72,3,A94,A101,3,A121,26,A143,A152,1,A172,1,A191,A202,1,0,0,2222.0,INDONESIA
A12,30,A34,A40,1149.0,A61,A71,4,A94,A101,2,A123,28,A143,A152,2,A174,1,A191,A201,2,1,0,29393.0,INDONESIA
A12,6,A31,A46,138.0,A64,A72,4,A92,A101,2,A122,24,A141,A151,1,A173,2,A191,A201,2,1,0,2105.0,INDONESIA
A11,40,A34,A46,1788.0,A61,A73,4,A93,A101,3,A124,27,A141,A152,1,A173,1,A192,A201,2,1,1,45632.0,INDONESIA
A14,15,A34,A42,521.0,A65,A75,4,A93,A101,4,A122,63,A143,A152,1,A173,1,A191,A201,1,0,0,7955.0,INDONESIA
A12,24,A32,A41,3535.0,A61,A75,4,A92,A101,2,A124,44,A143,A153,1,A174,1,A192,A201,2,1,0,86469.0,INDONESIA
A14,39,A32,A41,865.0,A63,A73,4,A93,A101,4,A123,24,A143,A152,1,A173,1,A191,A201,1,0,0,16709.0,INDONESIA
A11,24,A32,A43,1023.0,A61,A73,2,A92,A101,4,A123,28,A143,A152,1,A173,1,A191,A201,1,0,0,25196.0,INDONESIA
A12,24,A32,A42,1127.0,A61,A74,3,A91,A101,3,A123,43,A143,A152,1,A173,1,A192,A201,2,1,1,18841.0,INDONESIA
A12,24,A32,A42,1251.0,A65,A73,1,A92,A101,4,A122,48,A143,A152,1,A172,1,A192,A201,1,0,1,28440.0,INDONESIA
A12,18,A34,A42,1245.0,A61,A75,3,A92,A101,4,A122,37,A143,A152,1,A173,1,A192,A201,1,0,0,24423.0,INDONESIA
A14,36,A32,A42,867.0,A61,A73,4,A92,A101,2,A123,28,A143,A152,1,A174,1,A192,A201,2,1,1,25787.0,INDONESIA
A11,18,A32,A40,289.0,A61,A72,1,A92,A101,2,A123,23,A143,A152,1,A172,1,A191,A201,2,1,0,6673.0,INDONESIA
A14,36,A32,A42,1115.0,A61,A73,4,A92,A101,2,A123,28,A143,A152,1,A174,1,A192,A201,2,1,1,20973.0,INDONESIA
A12,12,A32,A40,393.0,A64,A75,4,A93,A101,4,A121,54,A143,A152,1,A173,1,A192,A201,1,0,0,10750.0,INDONESIA
A14,6,A34,A43,326.0,A62,A73,1,A92,A101,1,A122,27,A143,A152,2,A173,1,A191,A201,1,0,1,9720.0,INDONESIA
A12,36,A32,A46,991.0,A65,A73,2,A94,A101,2,A123,27,A143,A152,1,A173,1,A191,A201,1,0,0,23477.0,INDONESIA
A14,24,A33,A41,1533.0,A61,A74,3,A93,A101,3,A123,35,A143,A152,2,A172,1,A192,A201,1,0,0,44949.0,INDONESIA
A14,6,A34,A40,629.0,A63,A73,1,A94,A101,2,A123,24,A143,A152,1,A173,1,A191,A201,1,0,0,14974.0,INDONESIA
A13,12,A32,A42,615.0,A61,A73,1,A92,A101,2,A123,46,A143,A152,1,A172,1,A191,A201,1,0,1,16031.0,INDONESIA
A14,36,A33,A42,2475.0,A63,A74,2,A92,A101,4,A123,40,A143,A152,2,A173,1,A192,A201,1,0,1,33749.0,INDONESIA
A12,7,A32,A43,771.0,A61,A73,3,A93,A103,2,A121,34,A143,A152,1,A173,1,A191,A201,1,0,1,11438.0,INDONESIA
A14,30,A34,A43,2041.0,A61,A74,3,A93,A102,2,A123,38,A143,A152,1,A173,1,A191,A201,1,0,0,55596.0,INDONESIA
A11,36,A34,A41,2629.0,A61,A74,4,A93,A101,4,A123,24,A143,A152,2,A173,1,A192,A201,2,1,0,37798.0,INDONESIA
A14,12,A32,A46,218.0,A61,A75,4,A93,A101,4,A123,41,A141,A152,1,A172,2,A191,A201,2,1,0,3328.0,INDONESIA
A11,30,A34,A41,3261.0,A61,A75,3,A93,A101,4,A124,38,A143,A153,3,A174,2,A192,A201,1,0,1,76072.0,INDONESIA
A12,9,A34,A43,317.0,A61,A75,2,A93,A101,4,A121,37,A143,A152,3,A172,1,A191,A201,1,0,0,9409.0,INDONESIA
A12,24,A33,A40,530.0,A65,A73,4,A92,A101,4,A123,42,A143,A151,2,A173,1,A192,A201,1,0,1,10612.0,INDONESIA
A11,12,A30,A43,2124.0,A61,A73,4,A93,A101,2,A122,28,A143,A151,2,A173,1,A192,A201,2,1,1,28111.0,INDONESIA
A14,12,A34,A42,406.0,A61,A72,2,A92,A101,4,A122,22,A143,A151,2,A172,1,A191,A201,1,0,1,8177.0,INDONESIA
A12,24,A32,A40,1163.0,A62,A74,2,A93,A101,3,A123,38,A141,A152,2,A173,1,A192,A201,1,0,1,26756.0,INDONESIA
A14,6,A34,A43,329.0,A62,A73,1,A92,A101,1,A122,27,A143,A152,2,A173,1,A191,A201,1,0,1,9150.0,INDONESIA
A11,6,A34,A42,983.0,A61,A73,1,A91,A101,4,A121,44,A143,A151,1,A174,1,A192,A201,2,1,0,28353.0,INDONESIA
A14,24,A32,A43,612.0,A61,A74,4,A93,A101,2,A123,28,A143,A152,1,A173,1,A192,A201,1,0,0,13563.0,INDONESIA
A11,12,A31,A40,223.0,A61,A72,4,A93,A101,2,A123,46,A141,A152,2,A173,1,A192,A201,2,1,1,5259.0,INDONESIA
A11,30,A32,A43,737.0,A61,A75,1,A93,A103,3,A122,39,A143,A152,1,A173,2,A191,A201,1,0,0,14620.0,INDONESIA
A11,15,A32,A49,264.0,A61,A73,4,A92,A101,4,A122,22,A143,A152,1,A172,1,A191,A201,1,0,0,7472.0,INDONESIA
A14,15,A34,A46,520.0,A62,A73,4,A92,A101,3,A123,31,A143,A152,1,A173,1,A191,A201,1,0,1,7361.0,INDONESIA
A11,12,A32,A43,194.0,A61,A73,4,A94,A101,2,A121,40,A143,A152,1,A172,1,A191,A201,1,0,1,4274.0,INDONESIA
A12,24,A32,A410,3448.0,A61,A73,2,A93,A102,3,A123,29,A141,A152,2,A174,1,A192,A201,2,1,0,53929.0,INDONESIA
A14,20,A34,A40,1094.0,A65,A72,2,A91,A101,4,A121,44,A143,A152,2,A173,1,A192,A201,1,0,1,15809.0,INDONESIA
A14,24,A34,A43,830.0,A64,A75,2,A93,A101,2,A123,34,A143,A152,1,A173,1,A191,A201,1,0,0,25870.0,INDONESIA
A11,30,A32,A45,3613.0,A61,A72,1,A91,A101,1,A124,34,A143,A152,1,A172,1,A192,A201,2,1,0,47555.0,INDONESIA
A12,18,A34,A42,401.0,A61,A72,4,A92,A101,1,A122,27,A143,A152,2,A173,1,A191,A201,1,0,1,7532.0,INDONESIA
A11,6,A34,A40,1624.0,A65,A72,1,A93,A101,3,A121,44,A143,A152,2,A172,2,A191,A201,1,0,0,38520.0,INDONESIA
A14,12,A32,A49,473.0,A61,A74,2,A93,A101,4,A123,36,A143,A152,1,A173,1,A192,A201,1,0,0,9208.0,INDONESIA
A14,18,A34,A43,573.0,A61,A73,4,A93,A101,2,A123,24,A143,A152,2,A173,1,A191,A201,1,0,0,17345.0,INDONESIA
A14,18,A32,A41,885.0,A65,A73,2,A93,A101,1,A122,31,A143,A152,1,A173,1,A192,A201,1,0,0,27716.0,INDONESIA
A14,24,A34,A43,628.0,A62,A75,4,A93,A101,4,A122,52,A141,A152,2,A173,1,A191,A201,1,0,0,17758.0,INDONESIA
A11,27,A32,A43,1142.0,A61,A73,3,A93,A101,2,A123,27,A143,A152,1,A174,1,A191,A201,1,0,1,18222.0,INDONESIA
A12,27,A32,A49,1311.0,A61,A73,4,A93,A101,2,A123,36,A143,A152,1,A173,2,A192,A201,2,1,0,39532.0,INDONESIA
A14,24,A34,A42,534.0,A61,A74,4,A93,A101,3,A122,40,A143,A152,2,A173,1,A191,A201,1,0,1,7650.0,INDONESIA
A11,30,A30,A49,2181.0,A65,A72,2,A93,A101,3,A123,25,A141,A152,3,A173,1,A191,A201,1,0,0,38508.0,INDONESIA
A12,12,A32,A40,415.0,A61,A75,1,A91,A101,1,A121,46,A143,A151,2,A173,1,A191,A201,2,1,0,6601.0,INDONESIA
A11,24,A32,A40,410.0,A61,A72,4,A92,A101,4,A122,24,A143,A151,1,A173,1,A191,A201,2,1,0,5780.0,INDONESIA
A14,6,A32,A42,1290.0,A61,A72,1,A92,A101,4,A122,32,A143,A152,1,A173,1,A191,A201,2,1,0,28909.0,INDONESIA
A14,21,A33,A41,843.0,A61,A73,3,A93,A101,2,A121,28,A142,A152,2,A172,1,A191,A201,1,0,0,25410.0,INDONESIA
A14,12,A33,A45,509.0,A64,A75,4,A93,A101,4,A124,55,A143,A153,2,A173,2,A191,A201,2,1,0,14796.0,INDONESIA
A14,12,A34,A40,407.0,A61,A75,4,A93,A101,4,A121,61,A143,A152,2,A172,1,A191,A201,1,0,1,9715.0,INDONESIA
A14,24,A32,A43,1790.0,A65,A72,1,A92,A101,1,A123,44,A143,A152,2,A173,1,A192,A201,2,1,0,36511.0,INDONESIA
A13,24,A32,A43,424.0,A62,A75,4,A92,A101,2,A124,47,A143,A153,1,A173,1,A192,A201,1,0,0,12386.0,INDONESIA
A13,36,A32,A43,1563.0,A61,A73,4,A93,A101,1,A123,24,A143,A152,1,A173,1,A191,A201,1,0,1,29230.0,INDONESIA
A12,48,A31,A49,2163.0,A61,A75,4,A92,A101,3,A124,59,A143,A151,1,A173,1,A191,A201,2,1,0,47831.0,INDONESIA
A11,18,A32,A40,374.0,A61,A72,4,A92,A101,3,A123,23,A143,A151,1,A173,1,A192,A201,2,1,0,8058.0,INDONESIA
A11,24,A32,A41,756.0,A65,A75,2,A92,A101,4,A121,26,A143,A151,1,A173,1,A191,A201,1,0,1,11392.0,INDONESIA
A14,12,A34,A49,609.0,A61,A71,4,A93,A101,2,A123,42,A142,A152,2,A174,1,A192,A201,2,1,1,14691.0,INDONESIA
A14,15,A34,A41,1126.0,A64,A75,3,A93,A101,4,A124,23,A143,A151,2,A173,1,A192,A201,1,0,0,33653.0,INDONESIA
A14,9,A32,A43,752.0,A62,A75,3,A93,A102,4,A123,35,A143,A152,1,A173,1,A192,A201,1,0,1,11632.0,INDONESIA
A11,30,A32,A43,673.0,A61,A75,1,A93,A103,3,A122,39,A143,A152,1,A173,2,A191,A201,1,0,0,20910.0,INDONESIA
A14,6,A31,A43,456.0,A63,A75,2,A93,A101,4,A122,45,A141,A152,1,A172,2,A191,A201,1,0,1,9770.0,INDONESIA
A14,4,A34,A40,423.0,A61,A74,2,A93,A101,1,A121,42,A143,A152,3,A172,2,A191,A201,1,0,0,9946.0,INDONESIA
A12,8,A32,A49,257.0,A61,A72,3,A94,A101,2,A121,26,A143,A152,1,A173,1,A192,A201,1,0,1,5160.0,INDONESIA
A12,48,A32,A43,3143.0,A64,A74,1,A93,A102,2,A124,27,A141,A152,2,A173,1,A192,A201,2,1,1,84443.0,INDONESIA
A14,24,A33,A40,762.0,A61,A75,4,A93,A101,4,A123,47,A143,A152,2,A172,2,A191,A201,2,1,0,9571.0,INDONESIA
A11,24,A31,A42,965.0,A61,A74,3,A93,A101,4,A123,27,A141,A152,1,A173,1,A191,A201,2,1,0,29531.0,INDONESIA
A12,36,A33,A40,590.0,A61,A75,4,A93,A101,4,A124,57,A141,A153,2,A173,1,A192,A201,2,1,0,11972.0,INDONESIA
A11,12,A34,A40,707.0,A61,A73,4,A93,A101,2,A122,30,A143,A152,2,A173,1,A191,A201,1,0,1,14277.0,INDONESIA
A13,42,A34,A41,1527.0,A61,A75,4,A93,A101,4,A124,56,A143,A153,1,A173,1,A191,A201,1,0,1,33518.0,INDONESIA
A12,9,A34,A46,304.0,A64,A75,4,A93,A101,3,A124,32,A143,A153,2,A173,2,A191,A201,2,1,0,6730.0,INDONESIA
A12,9,A32,A42,689.0,A65,A74,2,A93,A101,1,A123,24,A143,A152,1,A173,1,A192,A201,1,0,0,11935.0,INDONESIA
A12,18,A34,A49,485.0,A65,A73,4,A94,A101,4,A121,28,A141,A152,2,A173,1,A191,A201,1,0,1,13176.0,INDONESIA
A14,12,A32,A43,654.0,A61,A74,4,A93,A101,2,A123,31,A143,A151,2,A174,2,A192,A201,1,0,0,9738.0,INDONESIA
A14,24,A32,A43,744.0,A63,A75,3,A93,A101,2,A123,35,A141,A152,2,A173,1,A192,A201,2,1,1,13026.0,INDONESIA
A12,18,A32,A43,974.0,A63,A72,1,A94,A101,3,A121,25,A143,A151,1,A173,1,A191,A201,1,0,0,28271.0,INDONESIA
A11,6,A32,A40,357.0,A62,A75,3,A93,A101,2,A122,43,A143,A152,1,A173,1,A192,A201,1,0,0,5402.0,INDONESIA
A14,24,A34,A43,409.0,A64,A73,4,A92,A101,1,A121,43,A143,A152,2,A172,1,A191,A201,1,0,0,6782.0,INDONESIA
A14,6,A32,A40,1088.0,A61,A73,2,A93,A103,3,A122,26,A143,A151,1,A173,1,A191,A201,1,0,0,20463.0,INDONESIA
A14,6,A32,A48,361.0,A65,A71,4,A93,A101,4,A122,36,A143,A152,1,A174,2,A192,A201,1,0,1,10059.0,INDONESIA
A11,24,A34,A43,413.0,A64,A75,4,A92,A101,4,A122,57,A143,A151,2,A174,1,A192,A201,1,0,1,7474.0,INDONESIA
A12,24,A31,A46,633.0,A61,A74,4,A92,A101,4,A124,34,A141,A153,1,A172,1,A191,A201,2,1,0,14594.0,INDONESIA
A12,11,A33,A43,1269.0,A61,A74,2,A93,A101,4,A122,51,A143,A152,1,A173,1,A191,A201,1,0,1,18551.0,INDONESIA
A12,36,A32,A46,727.0,A61,A74,3,A93,A101,1,A123,32,A143,A152,2,A173,2,A191,A201,1,0,0,22311.0,INDONESIA
A14,36,A32,A41,1499.0,A61,A73,2,A93,A101,2,A124,32,A143,A153,1,A174,1,A192,A201,1,0,1,41704.0,INDONESIA
A12,6,A34,A48,269.0,A65,A74,1,A92,A101,3,A122,39,A143,A152,2,A172,1,A191,A201,1,0,1,7860.0,INDONESIA
A14,18,A33,A42,599.0,A61,A74,4,A92,A101,1,A121,22,A143,A152,1,A173,1,A191,A201,2,1,0,13213.0,INDONESIA
A11,18,A34,A42,556.0,A61,A73,4,A92,A101,4,A121,24,A143,A151,2,A173,1,A191,A201,2,1,0,16495.0,INDONESIA
A11,18,A31,A40,447.0,A61,A74,4,A93,A101,4,A124,32,A143,A153,2,A172,2,A191,A201,2,1,1,8883.0,INDONESIA
A14,12,A32,A40,337.0,A61,A73,3,A94,A101,2,A121,27,A143,A152,2,A173,1,A192,A201,1,0,1,9009.0,INDONESIA
A14,12,A32,A40,177.0,A61,A73,4,A91,A101,2,A121,49,A143,A152,1,A172,1,A191,A201,1,0,0,4874.0,INDONESIA
A11,6,A34,A40,291.0,A61,A75,1,A92,A101,4,A124,39,A143,A152,2,A173,1,A192,A201,1,0,1,5918.0,INDONESIA
A13,24,A32,A42,1224.0,A61,A72,2,A92,A101,4,A123,26,A143,A152,1,A173,1,A191,A201,1,0,0,23932.0,INDONESIA
A13,4,A32,A40,501.0,A65,A72,1,A93,A101,2,A121,29,A143,A152,1,A172,2,A191,A202,1,0,0,12779.0,INDONESIA
A12,20,A32,A41,2168.0,A65,A71,1,A91,A101,4,A121,60,A143,A152,1,A174,1,A192,A201,1,0,1,42012.0,INDONESIA
A11,12,A31,A43,213.0,A61,A73,4,A92,A101,4,A121,24,A141,A152,1,A172,1,A191,A201,2,1,0,6890.0,INDONESIA
A14,15,A32,A44,289.0,A65,A72,4,A92,A101,1,A121,24,A143,A152,1,A173,1,A191,A201,1,0,1,4097.0,INDONESIA
A11,12,A32,A42,848.0,A61,A71,3,A92,A101,4,A124,55,A143,A153,1,A174,1,A191,A201,1,0,1,13926.0,INDONESIA
A11,18,A32,A42,580.0,A61,A73,1,A92,A101,4,A121,20,A141,A151,1,A173,1,A191,A201,2,1,0,11351.0,INDONESIA
A12,18,A32,A43,362.0,A61,A73,4,A92,A103,4,A121,26,A143,A152,1,A172,2,A191,A201,1,0,0,6236.0,INDONESIA
A14,4,A32,A42,157.0,A61,A72,1,A92,A101,3,A121,23,A143,A151,1,A172,2,A191,A201,1,0,0,3383.0,INDONESIA
A14,12,A32,A40,392.0,A63,A73,2,A92,A101,2,A122,26,A143,A152,1,A173,1,A191,A201,2,1,0,8078.0,INDONESIA
A12,7,A32,A43,820.0,A61,A73,3,A93,A103,2,A121,34,A143,A152,1,A173,1,A191,A201,1,0,0,16610.0,INDONESIA
A13,12,A31,A49,173.0,A61,A72,4,A92,A101,1,A121,26,A143,A152,1,A171,1,A191,A201,2,1,0,3365.0,INDONESIA
A11,12,A34,A40,1267.0,A61,A75,3,A93,A102,4,A122,43,A143,A151,2,A173,1,A192,A201,2,1,0,35566.0,INDONESIA
A12,12,A32,A49,242.0,A62,A74,2,A92,A101,4,A121,23,A143,A151,1,A172,1,A191,A201,1,0,0,7121.0,INDONESIA
A14,6,A32,A42,503.0,A64,A73,4,A91,A101,2,A121,33,A143,A152,1,A173,1,A191,A201,1,0,0,6791.0,INDONESIA
A14,24,A34,A41,1257.0,A61,A75,4,A92,A101,2,A123,41,A143,A151,2,A174,1,A192,A201,1,0,1,24728.0,INDONESIA
A14,6,A34,A40,2249.0,A61,A74,1,A93,A101,3,A124,45,A143,A152,2,A174,2,A192,A201,1,0,1,50515.0,INDONESIA
A12,12,A32,A42,645.0,A61,A73,4,A93,A101,2,A122,37,A143,A152,1,A172,1,A191,A201,2,1,0,13871.0,INDONESIA
A13,12,A32,A40,366.0,A61,A72,4,A93,A101,1,A121,26,A143,A152,1,A173,1,A191,A201,1,0,0,6508.0,INDONESIA
A11,12,A31,A40,236.0,A61,A72,4,A93,A101,2,A123,46,A141,A152,2,A173,1,A192,A201,2,1,0,4872.0,INDONESIA
A11,9,A32,A40,397.0,A61,A72,3,A93,A101,2,A124,27,A143,A153,1,A174,1,A192,A201,2,1,0,6652.0,INDONESIA
A12,6,A33,A40,320.0,A61,A71,4,A93,A101,4,A122,47,A143,A152,1,A174,1,A192,A201,2,1,0,6631.0,INDONESIA
A11,24,A31,A40,731.0,A62,A74,2,A93,A101,3,A123,32,A141,A152,1,A173,1,A191,A201,1,0,0,19550.0,INDONESIA
A14,42,A32,A43,1934.0,A65,A74,2,A94,A101,4,A122,29,A143,A151,1,A173,1,A192,A201,1,1,1,29338.0,INDONESIA
A14,6,A34,A40,70.0,A64,A73,2,A92,A101,2,A121,41,A141,A152,2,A172,1,A191,A201,1,0,1,2229.0,INDONESIA
A13,24,A34,A43,974.0,A65,A73,3,A93,A101,2,A123,31,A143,A152,2,A173,1,A192,A201,1,0,0,26025.0,INDONESIA
A14,18,A34,A43,313.0,A64,A73,4,A93,A101,3,A121,46,A143,A152,2,A173,1,A191,A201,1,0,0,4261.0,INDONESIA
A11,12,A32,A40,367.0,A61,A73,4,A94,A101,3,A121,27,A143,A152,1,A172,1,A191,A201,1,0,1,8002.0,INDONESIA
A13,12,A31,A49,210.0,A61,A72,4,A92,A101,1,A121,26,A143,A152,1,A171,1,A191,A201,2,1,0,4447.0,INDONESIA
A11,45,A30,A49,3616.0,A61,A75,2,A93,A101,4,A123,29,A143,A151,2,A173,1,A191,A201,2,1,0,108131.0,INDONESIA
A14,30,A34,A43,1981.0,A61,A74,4,A92,A101,2,A123,25,A143,A152,2,A173,1,A191,A201,1,0,0,27610.0,INDONESIA
A14,12,A32,A42,468.0,A61,A74,3,A92,A101,4,A121,31,A143,A152,1,A172,1,A191,A201,1,0,0,8160.0,INDONESIA
A14,39,A32,A41,2413.0,A62,A75,4,A93,A101,2,A123,45,A143,A152,1,A174,1,A192,A201,1,0,0,71977.0,INDONESIA
A12,36,A33,A49,1530.0,A61,A73,2,A91,A101,2,A121,30,A142,A152,2,A174,1,A192,A201,2,1,1,21617.0,INDONESIA
A14,24,A32,A40,503.0,A64,A74,4,A92,A101,3,A123,34,A143,A152,1,A173,2,A192,A201,1,0,1,15282.0,INDONESIA
A11,24,A32,A43,478.0,A61,A75,4,A92,A101,4,A123,55,A143,A152,1,A173,1,A191,A201,1,0,0,15347.0,INDONESIA
A11,21,A34,A40,521.0,A61,A75,4,A94,A101,3,A123,30,A143,A152,2,A173,1,A192,A201,1,0,0,8768.0,INDONESIA
A12,8,A32,A42,356.0,A61,A73,3,A92,A101,4,A121,24,A143,A152,1,A173,1,A191,A201,2,1,1,9928.0,INDONESIA
A11,36,A34,A42,2108.0,A61,A72,4,A92,A102,4,A124,23,A143,A151,2,A172,1,A192,A201,2,1,0,49911.0,INDONESIA
A11,24,A31,A410,447.0,A65,A75,4,A93,A101,3,A123,40,A142,A152,1,A174,1,A192,A201,2,1,1,13312.0,INDONESIA
A11,18,A32,A40,657.0,A62,A74,4,A93,A101,3,A123,30,A143,A152,1,A174,2,A192,A201,1,0,0,19745.0,INDONESIA
A14,39,A32,A41,762.0,A63,A73,4,A93,A101,4,A123,24,A143,A152,1,A173,1,A191,A201,1,0,0,11223.0,INDONESIA
A11,24,A32,A41,769.0,A65,A75,4,A93,A101,4,A124,49,A141,A153,1,A173,2,A192,A201,1,0,0,24658.0,INDONESIA
A11,24,A32,A43,952.0,A61,A73,2,A92,A101,4,A123,28,A143,A152,1,A173,1,A191,A201,1,0,0,20578.0,INDONESIA
A11,18,A32,A42,803.0,A61,A71,4,A93,A101,1,A123,25,A143,A152,1,A171,1,A191,A201,2,1,1,24429.0,INDONESIA
A14,12,A32,A43,218.0,A61,A73,4,A94,A101,2,A121,28,A143,A152,1,A173,1,A191,A201,1,0,1,6249.0,INDONESIA
A14,24,A34,A40,740.0,A62,A74,4,A94,A101,3,A122,27,A143,A152,2,A173,1,A192,A201,1,0,0,12257.0,INDONESIA
A11,24,A32,A42,1267.0,A61,A73,2,A93,A101,2,A123,27,A142,A152,1,A173,1,A191,A201,1,0,1,25260.0,INDONESIA
A11,24,A32,A40,1041.0,A61,A72,4,A92,A101,1,A122,27,A143,A152,1,A173,1,A191,A201,2,1,0,20864.0,INDONESIA
A14,24,A34,A42,464.0,A61,A74,4,A93,A101,3,A122,40,A143,A152,2,A173,1,A191,A201,1,0,0,11007.0,INDONESIA
A14,12,A33,A41,453.0,A61,A73,4,A94,A101,4,A121,41,A143,A151,1,A173,1,A191,A201,1,0,0,8808.0,INDONESIA
A14,11,A32,A49,607.0,A64,A75,1,A91,A101,2,A121,28,A143,A152,1,A173,1,A192,A201,1,0,0,11729.0,INDONESIA
A11,12,A32,A43,196.0,A61,A75,4,A93,A101,4,A121,57,A142,A152,1,A172,1,A191,A201,2,1,0,3452.0,INDONESIA
A12,48,A31,A49,1741.0,A61,A75,4,A92,A101,3,A124,59,A143,A151,1,A173,1,A191,A201,2,1,0,56469.0,INDONESIA
A12,36,A30,A43,1263.0,A61,A73,4,A92,A101,1,A123,42,A143,A152,1,A173,1,A192,A201,2,1,1,34233.0,INDONESIA
A14,15,A32,A41,1109.0,A62,A72,1,A92,A101,4,A123,23,A143,A152,1,A173,1,A192,A201,1,0,1,26239.0,INDONESIA
A11,9,A32,A42,660.0,A61,A73,3,A93,A101,2,A121,25,A143,A152,1,A173,1,A191,A201,1,0,0,18948.0,INDONESIA
A11,18,A32,A42,1079.0,A61,A72,1,A92,A101,4,A123,22,A143,A151,1,A173,1,A191,A201,1,0,0,24220.0,INDONESIA
A11,18,A31,A42,447.0,A61,A73,4,A93,A101,3,A123,44,A141,A152,1,A173,1,A191,A201,2,1,0,9941.0,INDONESIA
A13,24,A34,A40,406.0,A65,A74,4,A93,A101,2,A121,37,A141,A152,2,A172,2,A191,A201,2,1,1,7909.0,INDONESIA
A14,48,A34,A41,3825.0,A62,A73,2,A92,A101,4,A123,24,A141,A151,2,A172,1,A191,A201,2,1,0,89619.0,INDONESIA
A14,10,A32,A41,906.0,A65,A72,1,A92,A101,4,A121,31,A143,A151,1,A173,1,A191,A201,1,0,0,19126.0,INDONESIA
A14,33,A33,A49,789.0,A61,A73,2,A92,A101,2,A123,26,A143,A152,2,A173,1,A192,A201,1,0,1,21934.0,INDONESIA
A13,12,A32,A43,791.0,A61,A73,3,A94,A101,1,A123,24,A143,A152,1,A173,1,A191,A201,1,0,1,20508.0,INDONESIA
A11,18,A31,A43,626.0,A61,A72,3,A93,A102,4,A124,36,A141,A153,1,A174,1,A192,A201,1,0,0,10525.0,INDONESIA
A13,18,A32,A43,610.0,A61,A73,4,A93,A102,2,A121,37,A142,A152,1,A173,1,A191,A201,2,1,0,17557.0,INDONESIA
A13,10,A32,A40,1205.0,A61,A72,1,A93,A103,1,A122,37,A143,A152,1,A172,2,A191,A201,1,0,0,15082.0,INDONESIA
A14,15,A32,A46,1549.0,A62,A73,3,A93,A101,2,A122,40,A143,A152,1,A174,1,A192,A201,2,1,0,38984.0,INDONESIA
A11,12,A32,A43,648.0,A61,A73,4,A93,A101,3,A122,24,A143,A152,1,A172,1,A191,A201,1,0,1,16708.0,INDONESIA
A14,12,A34,A49,410.0,A61,A73,4,A92,A103,2,A121,29,A143,A152,2,A174,1,A192,A201,1,0,1,8810.0,INDONESIA
A11,36,A32,A410,4572.0,A61,A71,2,A91,A102,3,A123,43,A143,A152,1,A174,1,A191,A201,1,0,0,110795.0,INDONESIA
A11,36,A32,A42,1769.0,A61,A74,4,A93,A101,2,A122,29,A143,A152,1,A173,1,A191,A201,2,1,1,28282.0,INDONESIA
A14,6,A30,A43,110.0,A61,A75,4,A94,A101,4,A123,39,A143,A152,1,A172,1,A191,A201,1,0,0,2867.0,INDONESIA
A13,42,A34,A41,1649.0,A61,A75,4,A93,A101,4,A124,56,A143,A153,1,A173,1,A191,A201,1,0,1,28038.0,INDONESIA
A14,42,A32,A43,1907.0,A65,A74,2,A94,A101,4,A122,29,A143,A151,1,A173,1,A192,A201,1,0,0,27226.0,INDONESIA
A14,10,A34,A42,701.0,A65,A73,2,A94,A101,1,A123,26,A143,A152,2,A173,1,A191,A202,1,0,0,10224.0,INDONESIA
A11,12,A32,A42,375.0,A61,A73,2,A92,A101,4,A123,20,A143,A151,1,A173,1,A191,A201,2,1,1,10696.0,INDONESIA
A11,10,A34,A40,308.0,A61,A74,4,A93,A102,3,A122,49,A143,A152,2,A173,1,A192,A201,1,0,0,5846.0,INDONESIA
A11,15,A32,A40,528.0,A61,A72,2,A93,A101,3,A121,36,A143,A152,1,A173,1,A191,A201,1,0,0,9011.0,INDONESIA
A11,48,A34,A41,1998.0,A61,A75,4,A92,A101,4,A124,58,A142,A153,2,A172,1,A191,A201,2,1,1,36649.0,INDONESIA
A11,21,A32,A40,1174.0,A65,A74,2,A93,A102,2,A121,24,A143,A152,1,A172,1,A191,A202,1,0,0,33457.0,INDONESIA
A14,36,A34,A40,2202.0,A61,A75,4,A93,A101,4,A123,34,A143,A152,2,A174,1,A192,A201,1,0,1,52474.0,INDONESIA
A12,6,A31,A46,136.0,A64,A72,4,A92,A101,2,A122,24,A141,A151,1,A173,2,A191,A201,2,1,0,1826.0,INDONESIA
A11,18,A30,A49,792.0,A61,A74,3,A93,A101,1,A122,31,A141,A152,1,A173,1,A192,A201,1,0,1,21105.0,INDONESIA
A12,30,A32,A42,1232.0,A61,A72,2,A94,A101,1,A122,22,A143,A152,1,A173,1,A191,A201,1,0,0,17800.0,INDONESIA
A14,18,A34,A40,303.0,A61,A72,4,A92,A101,1,A122,30,A143,A152,2,A173,1,A191,A201,1,0,0,5158.0,INDONESIA
A12,6,A32,A43,113.0,A65,A75,4,A93,A101,4,A122,38,A143,A152,1,A173,1,A191,A201,1,0,1,2355.0,INDONESIA
A12,24,A34,A410,3803.0,A61,A73,2,A93,A102,3,A123,39,A143,A152,2,A174,2,A192,A201,2,1,1,64736.0,INDONESIA
A11,24,A32,A42,987.0,A61,A75,4,A93,A101,2,A122,39,A143,A151,1,A174,1,A192,A201,2,1,0,24479.0,INDONESIA
A12,12,A32,A43,431.0,A61,A72,1,A94,A101,1,A121,23,A143,A151,1,A173,1,A191,A201,2,1,0,6067.0,INDONESIA
A12,24,A34,A410,3790.0,A61,A73,2,A93,A102,3,A123,39,A143,A152,2,A174,2,A192,A201,2,1,1,122409.0,INDONESIA
A12,60,A32,A40,3834.0,A61,A74,4,A93,A101,2,A124,27,A143,A152,1,A174,1,A192,A201,2,1,1,73962.0,INDONESIA
A14,4,A34,A40,1161.0,A61,A74,1,A92,A101,1,A121,37,A143,A152,1,A173,2,A191,A201,1,1,1,28853.0,INDONESIA
A12,6,A31,A46,144.0,A64,A72,4,A92,A101,2,A122,24,A141,A151,1,A173,2,A191,A201,2,1,1,3403.0,INDONESIA
A12,24,A33,A43,409.0,A62,A74,3,A92,A101,2,A122,23,A143,A151,2,A173,1,A192,A201,1,0,1,5539.0,INDONESIA
A13,12,A33,A40,694.0,A61,A73,2,A92,A101,2,A123,36,A142,A152,2,A173,1,A192,A201,1,0,1,22334.0,INDONESIA
A12,30,A30,A49,1111.0,A62,A73,4,A92,A101,4,A123,26,A143,A151,2,A172,1,A191,A201,2,1,1,18790.0,INDONESIA
A12,36,A32,A45,678.0,A61,A72,4,A93,A101,1,A124,33,A143,A151,1,A172,1,A191,A201,2,1,0,15283.0,INDONESIA
A12,18,A32,A45,1125.0,A61,A71,2,A92,A101,4,A123,67,A143,A152,1,A173,1,A192,A201,1,0,1,21920.0,INDONESIA
A14,12,A34,A40,200.0,A62,A74,4,A92,A101,3,A123,51,A143,A152,2,A173,1,A192,A201,1,0,0,3932.0,INDONESIA
A11,9,A32,A43,375.0,A61,A74,3,A93,A101,4,A121,59,A143,A152,1,A173,1,A191,A201,1,0,0,5940.0,INDONESIA
A12,24,A32,A40,813.0,A61,A73,3,A92,A101,4,A122,20,A143,A151,1,A172,1,A192,A201,2,1,1,20078.0,INDONESIA
A13,24,A34,A43,967.0,A65,A73,3,A93,A101,2,A123,31,A143,A152,2,A173,1,A192,A201,1,0,0,19660.0,INDONESIA
A12,48,A30,A410,5773.0,A61,A73,1,A92,A101,2,A122,32,A141,A152,1,A174,1,A192,A202,2,1,0,136901.0,INDONESIA
A14,24,A32,A40,1933.0,A61,A73,1,A93,A101,4,A122,43,A143,A152,1,A172,2,A191,A201,1,0,1,53705.0,INDONESIA
A11,24,A32,A42,1074.0,A61,A73,2,A93,A101,2,A123,27,A142,A152,1,A173,1,A191,A201,1,0,0,29764.0,INDONESIA
A11,12,A32,A40,400.0,A61,A74,2,A91,A101,3,A123,36,A143,A152,1,A173,1,A191,A201,2,1,0,7975.0,INDONESIA
A11,18,A32,A41,2413.0,A65,A75,1,A93,A101,4,A122,51,A143,A153,1,A173,2,A192,A201,2,1,0,45293.0,INDONESIA
A14,9,A32,A42,427.0,A61,A75,1,A93,A101,4,A123,20,A143,A152,1,A173,1,A191,A201,1,0,0,10518.0,INDONESIA
A11,12,A32,A43,229.0,A62,A74,4,A94,A101,1,A122,20,A143,A152,1,A173,1,A191,A201,2,1,0,5932.0,INDONESIA
A14,6,A33,A49,501.0,A62,A73,1,A93,A101,2,A121,34,A143,A152,2,A172,1,A191,A201,1,0,1,14679.0,INDONESIA
A14,21,A30,A40,1501.0,A65,A73,1,A92,A101,4,A122,29,A141,A152,2,A173,1,A192,A201,2,1,0,40223.0,INDONESIA
A14,10,A32,A40,385.0,A61,A73,2,A92,A101,4,A123,64,A143,A152,1,A173,1,A192,A201,1,0,0,5668.0,INDONESIA
A11,10,A34,A42,705.0,A65,A72,2,A92,A102,3,A121,27,A143,A151,2,A173,1,A191,A202,1,0,0,20486.0,INDONESIA
A14,4,A34,A40,1019.0,A61,A74,1,A92,A101,1,A121,37,A143,A152,1,A173,2,A191,A201,1,0,0,24590.0,INDONESIA
A12,12,A34,A41,464.0,A62,A72,3,A93,A101,4,A122,44,A143,A152,1,A173,1,A191,A201,1,0,0,11428.0,INDONESIA
A14,12,A34,A46,713.0,A61,A74,2,A93,A101,3,A121,49,A143,A152,1,A172,2,A191,A201,1,0,0,17325.0,INDONESIA
A14,36,A32,A40,262.0,A63,A75,4,A93,A101,4,A122,36,A143,A152,1,A173,1,A191,A201,1,0,0,6626.0,INDONESIA
A12,18,A30,A42,1400.0,A61,A73,1,A92,A101,4,A123,33,A141,A152,2,A173,1,A192,A201,1,0,0,44200.0,BRAZIL
A14,4,A32,A42,224.0,A61,A72,1,A92,A101,3,A121,23,A143,A151,1,A172,2,A191,A201,1,0,1,4859.0,BRAZIL
A11,48,A32,A43,2629.0,A61,A74,1,A94,A103,1,A121,34,A143,A152,2,A173,1,A192,A201,2,1,1,96578.0,BRAZIL
A14,10,A34,A42,903.0,A61,A72,1,A92,A101,3,A121,23,A143,A151,2,A173,1,A191,A201,1,0,0,39961.0,BRAZIL
A12,20,A33,A410,1074.0,A61,A73,2,A93,A101,3,A123,29,A141,A152,2,A173,1,A192,A201,1,0,0,48394.0,BRAZIL
A14,14,A33,A40,368.0,A61,A73,4,A93,A101,2,A123,27,A143,A152,2,A172,1,A191,A201,1,0,1,9599.0,BRAZIL
A12,30,A30,A49,1709.0,A61,A73,2,A92,A101,1,A123,28,A143,A152,2,A173,1,A191,A201,1,0,0,70463.0,BRAZIL
A14,30,A34,A41,3269.0,A65,A75,1,A93,A101,4,A123,63,A143,A152,2,A173,1,A191,A201,1,0,0,116411.0,BRAZIL
A14,18,A33,A49,969.0,A61,A73,4,A94,A101,2,A123,28,A143,A152,1,A173,1,A192,A201,2,1,0,38028.0,BRAZIL
A11,12,A32,A42,303.0,A61,A73,2,A93,A103,3,A122,38,A143,A152,1,A172,2,A191,A201,1,0,0,5422.0,BRAZIL
A14,33,A34,A41,2719.0,A61,A74,3,A93,A101,2,A123,35,A143,A152,2,A174,1,A192,A201,1,0,0,60141.0,BRAZIL
A12,6,A32,A43,344.0,A61,A73,2,A92,A103,3,A121,64,A143,A152,1,A173,1,A191,A201,1,0,0,11394.0,BRAZIL
A11,12,A32,A40,553.0,A61,A72,3,A92,A101,1,A121,37,A143,A152,1,A172,1,A191,A201,2,1,0,19021.0,BRAZIL
A14,15,A32,A46,1819.0,A62,A73,3,A93,A101,2,A122,40,A143,A152,1,A174,1,A192,A201,2,1,1,37146.0,BRAZIL
A11,8,A34,A410,458.0,A61,A75,3,A93,A101,4,A124,51,A141,A153,2,A174,2,A192,A201,1,0,0,8331.0,BRAZIL
A14,12,A34,A40,562.0,A61,A75,4,A93,A101,4,A121,61,A143,A152,2,A172,1,A191,A201,1,0,0,23380.0,BRAZIL
A12,9,A32,A40,573.0,A65,A72,4,A93,A101,2,A121,35,A143,A152,1,A171,1,A191,A201,1,1,1,20853.0,BRAZIL
A11,8,A34,A40,273.0,A61,A75,4,A93,A101,4,A121,47,A143,A152,2,A172,1,A191,A201,1,0,1,4815.0,BRAZIL
A12,21,A32,A49,496.0,A61,A75,2,A92,A101,4,A122,39,A143,A152,1,A173,2,A191,A201,2,1,0,15495.0,BRAZIL
A11,12,A32,A44,332.0,A62,A71,4,A92,A101,3,A122,22,A143,A152,1,A173,1,A191,A201,2,1,1,8262.0,BRAZIL
A11,36,A34,A42,2298.0,A61,A72,4,A92,A102,4,A124,23,A143,A151,2,A172,1,A192,A201,2,1,1,41651.0,BRAZIL
A11,6,A34,A42,1486.0,A61,A73,1,A91,A101,4,A121,44,A143,A151,1,A174,1,A192,A201,2,1,0,27730.0,BRAZIL
A14,24,A33,A40,288.0,A65,A75,4,A94,A101,4,A123,54,A143,A152,2,A173,1,A192,A201,1,1,1,7348.0,BRAZIL
A14,10,A32,A46,253.0,A63,A75,4,A93,A101,4,A124,46,A143,A153,1,A173,1,A192,A201,1,1,1,9313.0,BRAZIL
A14,15,A32,A46,1929.0,A62,A73,3,A93,A101,2,A122,40,A143,A152,1,A174,1,A192,A201,2,1,0,71324.0,BRAZIL
A13,6,A32,A42,940.0,A61,A73,2,A93,A101,2,A121,41,A143,A152,1,A173,1,A192,A201,1,0,0,16553.0,BRAZIL
A14,21,A32,A42,855.0,A61,A75,4,A93,A101,2,A121,50,A143,A152,2,A173,1,A191,A201,1,0,0,16213.0,BRAZIL
A11,18,A32,A43,733.0,A61,A73,4,A92,A101,4,A123,25,A141,A151,2,A173,1,A191,A201,2,1,0,24887.0,BRAZIL
A14,42,A32,A43,2532.0,A65,A74,2,A94,A101,4,A122,29,A143,A151,1,A173,1,A192,A201,1,0,1,70236.0,BRAZIL
A12,15,A32,A43,620.0,A65,A72,4,A93,A101,1,A122,23,A143,A152,1,A173,1,A191,A201,1,0,0,15310.0,BRAZIL
A12,24,A34,A49,1067.0,A65,A74,4,A93,A101,3,A124,34,A143,A152,2,A173,2,A192,A201,1,0,0,32160.0,BRAZIL
A14,9,A32,A43,992.0,A62,A75,3,A93,A102,4,A123,35,A143,A152,1,A173,1,A192,A201,1,0,0,35509.0,BRAZIL
A11,24,A32,A41,1012.0,A65,A75,2,A92,A101,4,A121,26,A143,A151,1,A173,1,A191,A201,1,0,0,19233.0,BRAZIL
A14,12,A32,A40,279.0,A61,A73,4,A91,A101,2,A121,49,A143,A152,1,A172,1,A191,A201,1,0,0,8285.0,BRAZIL
A14,12,A31,A48,1179.0,A63,A73,4,A92,A101,3,A121,35,A143,A152,1,A172,2,A191,A201,1,0,0,33917.0,BRAZIL
A14,24,A32,A42,1433.0,A61,A74,2,A92,A101,4,A122,25,A143,A151,1,A173,1,A192,A201,1,0,0,29833.0,BRAZIL
A14,9,A34,A46,329.0,A63,A75,4,A93,A101,2,A123,52,A143,A152,2,A173,1,A192,A201,1,0,1,10300.0,BRAZIL
A14,12,A34,A40,631.0,A61,A75,4,A93,A101,1,A121,38,A143,A152,2,A172,2,A191,A201,1,0,1,19318.0,BRAZIL
A14,12,A34,A42,717.0,A64,A74,3,A92,A101,2,A122,35,A143,A152,1,A173,1,A191,A202,1,0,1,20116.0,BRAZIL
A14,12,A34,A49,852.0,A61,A71,4,A93,A101,2,A123,42,A142,A152,2,A174,1,A192,A201,2,1,0,33367.0,BRAZIL
A14,15,A32,A40,1992.0,A63,A75,1,A92,A101,4,A124,35,A143,A153,1,A173,1,A191,A201,1,0,0,45555.0,BRAZIL
A13,24,A32,A42,834.0,A61,A73,2,A93,A101,2,A121,26,A143,A152,1,A173,1,A191,A201,1,0,1,15303.0,BRAZIL
A14,24,A32,A43,2137.0,A65,A72,1,A92,A101,1,A123,44,A143,A152,2,A173,1,A192,A201,2,1,0,72977.0,BRAZIL
A14,12,A34,A43,294.0,A65,A75,4,A92,A101,3,A122,33,A141,A152,1,A172,2,A191,A201,2,1,1,8064.0,BRAZIL
A14,12,A32,A46,288.0,A61,A75,4,A93,A101,4,A123,41,A141,A152,1,A172,2,A191,A201,2,1,0,6961.0,BRAZIL
A13,21,A34,A46,854.0,A61,A72,2,A91,A101,1,A123,33,A143,A151,1,A173,1,A191,A201,2,1,0,16610.0,BRAZIL
A11,10,A34,A42,815.0,A65,A72,2,A92,A102,3,A121,27,A143,A151,2,A173,1,A191,A202,1,0,0,23600.0,BRAZIL
A12,48,A30,A49,5352.0,A61,A73,2,A93,A101,2,A123,25,A143,A152,1,A173,1,A192,A201,2,1,0,178181.0,BRAZIL
A14,24,A34,A43,835.0,A65,A75,4,A93,A101,4,A122,53,A143,A152,2,A173,1,A191,A201,1,0,0,18387.0,BRAZIL
A11,15,A32,A49,328.0,A61,A73,4,A92,A101,4,A122,22,A143,A152,1,A172,1,A191,A201,1,0,1,8804.0,BRAZIL
A12,6,A31,A46,183.0,A64,A72,4,A92,A101,2,A122,24,A141,A151,1,A173,2,A191,A201,2,1,0,6360.0,BRAZIL
A12,30,A32,A43,703.0,A65,A73,4,A92,A101,1,A123,26,A143,A152,1,A173,1,A191,A201,1,0,1,17120.0,BRAZIL
A14,24,A34,A43,1023.0,A62,A75,3,A93,A101,4,A121,36,A143,A152,1,A173,2,A192,A201,1,0,1,35424.0,BRAZIL
A14,24,A34,A43,915.0,A65,A75,4,A93,A101,4,A122,53,A143,A152,2,A173,1,A191,A201,1,0,0,40094.0,BRAZIL
A14,24,A34,A41,817.0,A65,A74,4,A93,A101,4,A123,43,A143,A152,2,A173,2,A192,A201,1,0,1,20998.0,BRAZIL
A13,12,A31,A49,251.0,A61,A72,4,A92,A101,1,A121,26,A143,A152,1,A171,1,A191,A201,2,1,0,6665.0,BRAZIL
A12,24,A32,A40,1419.0,A62,A74,2,A93,A101,3,A123,38,A141,A152,2,A173,1,A192,A201,1,0,0,56848.0,BRAZIL
A13,24,A32,A42,1659.0,A61,A72,2,A92,A101,4,A123,26,A143,A152,1,A173,1,A191,A201,1,0,0,52101.0,BRAZIL
A13,6,A32,A40,285.0,A64,A72,2,A94,A101,2,A121,27,A143,A152,1,A171,1,A191,A202,1,0,1,7621.0,BRAZIL
A14,18,A32,A43,625.0,A61,A72,3,A94,A101,4,A121,39,A143,A152,1,A173,1,A192,A201,1,0,0,27915.0,BRAZIL
A13,18,A32,A40,784.0,A61,A75,3,A92,A101,2,A123,23,A143,A152,1,A174,1,A191,A201,1,0,0,34646.0,BRAZIL
A14,36,A34,A43,1171.0,A65,A75,4,A93,A101,2,A123,51,A143,A152,1,A173,1,A192,A201,1,0,0,31026.0,BRAZIL
A14,12,A32,A43,311.0,A61,A73,4,A94,A101,2,A121,28,A143,A152,1,A173,1,A191,A201,1,0,0,5850.0,BRAZIL
A12,12,A32,A45,289.0,A61,A73,4,A93,A101,2,A123,30,A143,A152,1,A173,1,A191,A201,2,1,1,6991.0,BRAZIL
A12,15,A34,A43,541.0,A65,A75,4,A93,A103,4,A121,50,A143,A152,2,A173,1,A192,A201,1,0,0,11637.0,BRAZIL
A11,18,A32,A46,334.0,A61,A71,4,A92,A101,1,A121,27,A143,A152,1,A171,1,A191,A201,2,1,0,7510.0,BRAZIL
A14,24,A33,A49,3518.0,A61,A72,2,A93,A101,2,A123,27,A141,A152,2,A173,1,A192,A201,2,1,0,154276.0,BRAZIL
A14,12,A34,A46,1158.0,A61,A75,2,A92,A101,4,A124,57,A141,A153,3,A172,1,A191,A201,1,0,0,47674.0,BRAZIL
A12,24,A32,A43,869.0,A61,A75,4,A92,A101,4,A123,20,A143,A152,1,A173,1,A192,A201,1,0,1,23910.0,BRAZIL
A12,36,A34,A41,2231.0,A61,A73,3,A93,A101,4,A123,34,A143,A152,2,A173,1,A192,A201,1,0,0,40443.0,BRAZIL
A11,11,A34,A40,1516.0,A61,A73,1,A93,A101,2,A121,40,A143,A152,2,A172,2,A191,A201,1,0,1,56865.0,BRAZIL
A11,30,A32,A43,881.0,A61,A75,1,A93,A103,3,A122,39,A143,A152,1,A173,2,A191,A201,1,0,0,19970.0,BRAZIL
A12,12,A32,A49,369.0,A62,A74,2,A92,A101,4,A121,23,A143,A151,1,A172,1,A191,A201,1,0,0,13890.0,BRAZIL
A12,18,A32,A49,731.0,A64,A72,3,A94,A101,3,A121,36,A141,A152,1,A173,1,A192,A201,1,0,0,22011.0,BRAZIL
A11,12,A34,A40,999.0,A61,A73,4,A93,A101,4,A122,38,A141,A152,2,A172,1,A191,A202,1,0,0,21275.0,BRAZIL
A14,24,A34,A49,1684.0,A62,A73,3,A93,A101,3,A122,27,A143,A152,2,A172,1,A192,A201,1,0,1,29501.0,BRAZIL
A11,12,A32,A43,978.0,A61,A73,4,A93,A101,3,A122,24,A143,A152,1,A172,1,A191,A201,1,0,0,23324.0,BRAZIL
A14,11,A34,A43,445.0,A62,A71,4,A92,A101,4,A121,57,A143,A152,3,A172,1,A191,A201,1,0,0,19479.0,BRAZIL
A11,15,A34,A42,636.0,A61,A75,4,A93,A101,4,A123,44,A143,A152,2,A173,2,A192,A201,1,0,0,12590.0,BRAZIL
A14,24,A34,A42,2289.0,A61,A75,4,A93,A101,4,A123,33,A143,A152,1,A173,1,A192,A201,1,0,0,94756.0,BRAZIL
A13,6,A33,A43,309.0,A61,A72,2,A92,A101,1,A122,29,A141,A152,1,A173,1,A191,A201,1,1,1,5756.0,BRAZIL
A14,36,A32,A43,929.0,A63,A75,4,A93,A101,4,A123,39,A143,A152,1,A173,1,A191,A201,1,0,0,27649.0,BRAZIL
A12,24,A34,A49,1176.0,A65,A74,4,A93,A101,3,A124,34,A143,A152,2,A173,2,A192,A201,1,0,0,35954.0,BRAZIL
A14,9,A32,A49,619.0,A61,A74,3,A92,A101,2,A123,27,A143,A152,2,A173,1,A191,A201,1,0,0,22612.0,BRAZIL
A12,24,A33,A43,531.0,A62,A74,3,A92,A101,2,A122,23,A143,A151,2,A173,1,A192,A201,1,0,0,11756.0,BRAZIL
A14,6,A34,A43,843.0,A65,A73,1,A93,A101,2,A121,34,A143,A152,2,A172,2,A191,A201,1,0,0,16924.0,BRAZIL
A11,33,A34,A42,1949.0,A63,A73,1,A92,A101,4,A123,23,A143,A152,2,A173,1,A191,A201,2,1,0,61473.0,BRAZIL
A12,20,A33,A41,3146.0,A65,A74,3,A93,A101,4,A122,36,A141,A151,2,A174,2,A192,A201,1,0,0,124154.0,BRAZIL
A13,6,A34,A40,508.0,A61,A73,1,A93,A101,1,A121,74,A143,A152,3,A171,2,A191,A202,1,0,0,17224.0,BRAZIL
A14,36,A32,A49,2465.0,A62,A74,2,A93,A101,2,A123,31,A143,A152,2,A173,1,A192,A201,1,0,0,84280.0,BRAZIL
A11,6,A32,A40,443.0,A62,A75,3,A93,A101,2,A122,43,A143,A152,1,A173,1,A192,A201,1,0,1,15046.0,BRAZIL
A12,36,A32,A41,4114.0,A61,A72,1,A94,A101,4,A123,28,A143,A151,1,A174,1,A192,A201,2,1,1,184419.0,BRAZIL
A14,12,A32,A41,540.0,A64,A74,3,A93,A101,2,A122,55,A143,A152,1,A173,1,A191,A202,1,0,0,11777.0,BRAZIL
A13,9,A30,A43,568.0,A61,A72,4,A93,A101,2,A123,34,A143,A152,2,A174,1,A192,A201,2,1,0,14508.0,BRAZIL
A13,15,A32,A43,884.0,A61,A72,2,A92,A101,3,A121,25,A143,A152,1,A172,1,A191,A201,2,1,0,19164.0,BRAZIL
A12,10,A31,A43,381.0,A61,A73,4,A93,A101,4,A121,23,A142,A152,1,A172,1,A191,A201,1,1,1,8662.0,BRAZIL
A14,48,A33,A43,5205.0,A63,A74,4,A93,A101,1,A123,37,A143,A152,1,A174,1,A192,A201,1,0,0,170926.0,BRAZIL
A12,27,A32,A49,1042.0,A61,A72,4,A92,A101,1,A122,32,A143,A152,1,A173,2,A192,A201,1,0,0,33952.0,BRAZIL
A13,12,A32,A43,1201.0,A61,A73,3,A94,A101,1,A123,24,A143,A152,1,A173,1,A191,A201,1,0,0,43536.0,BRAZIL
A14,18,A32,A43,476.0,A65,A72,4,A92,A101,2,A121,21,A143,A151,1,A173,1,A192,A201,1,0,0,11452.0,BRAZIL
A14,24,A32,A40,508.0,A62,A75,4,A94,A101,4,A121,41,A143,A151,1,A172,1,A191,A201,1,0,0,15761.0,BRAZIL
A12,12,A34,A40,1264.0,A61,A72,1,A93,A101,3,A121,49,A141,A152,2,A172,2,A191,A201,1,0,0,35530.0,BRAZIL
A11,48,A32,A40,1455.0,A61,A74,4,A93,A101,4,A124,46,A143,A153,1,A173,2,A191,A201,2,1,0,64874.0,BRAZIL
A11,24,A31,A410,554.0,A65,A75,4,A93,A101,3,A123,40,A142,A152,1,A174,1,A192,A201,2,1,1,23029.0,BRAZIL
A12,12,A32,A43,562.0,A61,A72,1,A94,A101,1,A121,23,A143,A151,1,A173,1,A191,A201,2,1,1,18791.0,BRAZIL
A14,12,A32,A46,312.0,A61,A75,4,A93,A101,4,A123,41,A141,A152,1,A172,2,A191,A201,2,1,0,13093.0,BRAZIL
A11,18,A32,A42,1508.0,A61,A73,2,A93,A102,3,A123,42,A143,A152,1,A173,1,A191,A201,2,1,0,50575.0,BRAZIL
A13,36,A32,A43,1564.0,A61,A75,4,A93,A101,2,A123,31,A143,A152,1,A173,1,A191,A201,1,0,0,27961.0,BRAZIL
A14,12,A32,A43,385.0,A65,A73,4,A92,A101,2,A123,21,A143,A152,1,A173,1,A191,A201,1,0,1,15532.0,BRAZIL
A14,18,A32,A42,1333.0,A61,A75,4,A93,A101,4,A122,47,A141,A152,3,A173,2,A192,A201,1,0,0,28638.0,BRAZIL
A14,18,A32,A40,1040.0,A65,A74,4,A93,A101,3,A122,32,A143,A152,1,A173,1,A191,A202,1,0,0,36082.0,BRAZIL
A11,24,A31,A410,518.0,A65,A75,4,A93,A101,3,A123,40,A142,A152,1,A174,1,A192,A201,2,1,1,22811.0,BRAZIL
A12,24,A32,A40,568.0,A61,A72,4,A93,A101,2,A121,23,A142,A152,1,A172,1,A191,A201,2,1,0,24329.0,BRAZIL
A12,18,A34,A42,839.0,A61,A72,2,A93,A101,2,A121,31,A143,A152,2,A172,1,A191,A201,2,1,1,31178.0,BRAZIL
A12,36,A32,A41,4303.0,A61,A72,1,A94,A101,4,A123,28,A143,A151,1,A174,1,A192,A201,2,1,0,88738.0,BRAZIL
A14,60,A34,A40,4966.0,A65,A75,2,A93,A101,4,A124,63,A141,A153,1,A174,1,A192,A201,1,0,1,189965.0,BRAZIL
A14,60,A34,A40,6262.0,A65,A75,2,A93,A101,4,A124,63,A141,A153,1,A174,1,A192,A201,1,0,1,247516.0,BRAZIL
A12,36,A32,A46,4790.0,A62,A73,1,A93,A101,4,A124,47,A143,A153,1,A173,2,A192,A201,2,1,0,210152.0,BRAZIL
A14,24,A34,A41,2415.0,A64,A73,4,A93,A101,2,A121,27,A143,A152,2,A173,1,A191,A201,1,0,0,97809.0,BRAZIL
A12,12,A32,A40,289.0,A61,A74,2,A94,A101,3,A123,25,A141,A152,1,A172,1,A191,A201,2,1,0,6369.0,BRAZIL
A12,12,A32,A40,397.0,A64,A73,4,A94,A101,1,A121,22,A143,A152,1,A173,1,A191,A201,1,0,0,8477.0,BRAZIL
A12,11,A34,A40,502.0,A64,A73,4,A92,A101,4,A123,40,A143,A152,2,A173,1,A191,A201,1,0,1,9158.0,BRAZIL
A14,6,A32,A48,528.0,A65,A71,4,A93,A101,4,A122,36,A143,A152,1,A174,2,A192,A201,1,1,1,17535.0,BRAZIL
A11,30,A30,A42,1994.0,A61,A73,2,A91,A103,2,A121,32,A143,A152,2,A173,1,A191,A201,1,0,0,75663.0,BRAZIL
A12,12,A34,A40,329.0,A61,A74,2,A93,A101,3,A121,47,A143,A152,2,A172,2,A191,A201,1,0,0,5895.0,BRAZIL
A11,24,A32,A42,1503.0,A61,A75,4,A93,A101,2,A122,39,A143,A151,1,A174,1,A192,A201,2,1,0,63093.0,BRAZIL
A14,6,A34,A43,822.0,A65,A73,1,A93,A101,2,A121,34,A143,A152,2,A172,2,A191,A201,1,0,1,30864.0,BRAZIL
A11,24,A32,A42,1032.0,A62,A71,1,A91,A101,1,A122,33,A143,A152,1,A173,1,A191,A201,2,1,1,40949.0,BRAZIL
A12,12,A32,A42,370.0,A62,A72,4,A92,A101,4,A123,27,A141,A151,4,A173,1,A191,A201,2,1,0,16730.0,BRAZIL
A14,6,A32,A40,1389.0,A61,A73,2,A93,A103,3,A122,26,A143,A151,1,A173,1,A191,A201,1,0,1,41474.0,BRAZIL
A14,12,A32,A49,597.0,A61,A74,2,A93,A101,4,A123,36,A143,A152,1,A173,1,A192,A201,1,0,0,26771.0,BRAZIL
A11,12,A31,A40,286.0,A61,A72,4,A93,A101,2,A123,46,A141,A152,2,A173,1,A192,A201,2,1,0,11948.0,BRAZIL
A12,6,A31,A46,182.0,A64,A72,4,A92,A101,2,A122,24,A141,A151,1,A173,2,A191,A201,2,1,0,6746.0,BRAZIL
A14,15,A32,A43,531.0,A65,A73,4,A94,A101,2,A121,40,A143,A151,1,A173,1,A192,A201,1,0,0,23819.0,BRAZIL
A12,12,A32,A43,229.0,A61,A72,4,A94,A103,1,A121,26,A141,A152,1,A172,1,A191,A201,1,0,0,7566.0,BRAZIL
A11,9,A34,A43,471.0,A61,A73,4,A93,A101,4,A121,25,A143,A152,2,A172,1,A191,A201,1,0,1,15362.0,BRAZIL
A14,24,A32,A41,1016.0,A61,A75,4,A93,A101,4,A123,35,A143,A152,1,A174,1,A192,A201,1,0,0,27355.0,BRAZIL
A13,12,A32,A40,457.0,A61,A72,4,A93,A101,1,A121,26,A143,A152,1,A173,1,A191,A201,1,0,1,20143.0,BRAZIL
A13,12,A32,A43,526.0,A61,A73,3,A94,A101,4,A121,23,A143,A151,1,A173,1,A191,A201,1,0,1,15040.0,BRAZIL
A12,24,A32,A43,778.0,A61,A72,1,A94,A101,1,A122,22,A143,A152,1,A173,1,A192,A201,2,1,0,13709.0,BRAZIL
A11,36,A33,A49,819.0,A61,A74,2,A93,A101,1,A123,24,A143,A152,2,A173,1,A192,A201,2,1,1,28882.0,BRAZIL
A11,12,A32,A46,245.0,A61,A73,4,A93,A101,4,A123,40,A143,A151,1,A172,2,A191,A201,2,1,1,8283.0,BRAZIL
A12,48,A33,A46,2669.0,A61,A75,4,A93,A101,4,A124,50,A143,A153,1,A173,1,A191,A201,2,1,1,56375.0,BRAZIL
A12,12,A34,A41,729.0,A62,A72,3,A93,A101,4,A122,44,A143,A152,1,A173,1,A191,A201,1,0,0,12856.0,BRAZIL
A14,15,A34,A42,1074.0,A61,A74,2,A92,A102,3,A123,24,A141,A152,2,A173,1,A191,A201,1,0,0,19060.0,BRAZIL
A12,24,A32,A40,480.0,A61,A72,4,A93,A101,1,A122,26,A143,A152,1,A173,1,A191,A201,1,0,0,12348.0,BRAZIL
A14,36,A32,A49,2106.0,A62,A74,2,A93,A101,2,A123,31,A143,A152,2,A173,1,A192,A201,1,0,1,65432.0,BRAZIL
A14,24,A34,A42,1999.0,A61,A75,4,A93,A101,4,A123,33,A143,A152,1,A173,1,A192,A201,1,0,1,63775.0,BRAZIL
A14,30,A32,A43,744.0,A65,A75,4,A93,A101,4,A123,58,A143,A152,1,A173,1,A192,A201,1,0,0,23254.0,BRAZIL
A11,9,A32,A42,938.0,A61,A73,3,A93,A101,2,A121,25,A143,A152,1,A173,1,A191,A201,1,0,1,37790.0,BRAZIL
A12,36,A32,A43,1110.0,A62,A73,4,A92,A102,4,A124,50,A143,A153,1,A173,1,A191,A201,2,1,0,43144.0,BRAZIL
A12,12,A32,A42,335.0,A62,A72,4,A92,A101,4,A123,27,A141,A151,4,A173,1,A191,A201,2,1,0,10724.0,BRAZIL
A14,12,A34,A42,502.0,A63,A74,3,A92,A101,4,A123,37,A143,A151,1,A173,1,A192,A201,1,1,1,20525.0,BRAZIL
A11,24,A34,A43,419.0,A64,A75,4,A92,A101,4,A122,57,A143,A151,2,A174,1,A192,A201,1,0,1,9348.0,BRAZIL
A12,12,A32,A43,702.0,A61,A72,1,A94,A101,1,A121,23,A143,A151,1,A173,1,A191,A201,2,1,0,29439.0,BRAZIL
A14,21,A32,A41,2130.0,A65,A73,1,A93,A101,3,A123,26,A143,A152,1,A173,1,A191,A201,1,0,1,90217.0,BRAZIL
A13,9,A32,A43,433.0,A62,A75,2,A91,A101,4,A121,49,A143,A152,1,A173,1,A191,A201,1,0,0,9780.0,BRAZIL
A14,12,A34,A42,558.0,A61,A72,2,A92,A101,4,A122,22,A143,A151,2,A172,1,A191,A201,1,0,0,18447.0,BRAZIL
A11,24,A32,A42,762.0,A61,A72,4,A93,A102,1,A122,24,A143,A152,1,A172,1,A191,A202,1,0,0,31905.0,BRAZIL
A12,9,A32,A40,1428.0,A65,A73,1,A92,A101,2,A121,33,A143,A152,1,A172,1,A191,A201,1,0,1,38609.0,BRAZIL
A14,24,A34,A42,654.0,A61,A74,4,A93,A101,3,A122,40,A143,A152,2,A173,1,A191,A201,1,0,0,14964.0,BRAZIL
A11,12,A31,A43,893.0,A61,A73,4,A91,A101,1,A124,29,A143,A153,1,A173,1,A191,A201,2,1,1,39556.0,BRAZIL
A14,15,A34,A43,814.0,A61,A75,4,A93,A101,4,A123,46,A143,A152,2,A173,1,A192,A201,1,1,1,27341.0,BRAZIL
A14,6,A31,A43,724.0,A63,A75,2,A93,A101,4,A122,45,A141,A152,1,A172,2,A191,A201,1,0,0,14009.0,BRAZIL
A11,12,A32,A40,282.0,A61,A74,4,A93,A101,2,A121,26,A143,A152,1,A173,1,A191,A201,2,1,0,6147.0,BRAZIL
A14,60,A32,A40,2741.0,A65,A73,4,A93,A101,4,A124,34,A143,A153,1,A173,2,A192,A201,1,0,0,48704.0,BRAZIL
A14,6,A34,A40,886.0,A63,A73,1,A94,A101,2,A123,24,A143,A152,1,A173,1,A191,A201,1,0,0,25311.0,BRAZIL
A11,24,A31,A43,654.0,A61,A74,4,A93,A103,4,A123,24,A141,A151,1,A172,1,A191,A201,2,1,0,17152.0,BRAZIL
A12,48,A30,A410,6616.0,A61,A73,1,A92,A101,2,A122,32,A141,A152,1,A174,1,A192,A202,2,1,1,245022.0,BRAZIL
A11,24,A31,A41,1352.0,A61,A73,1,A92,A103,4,A123,22,A141,A151,1,A173,1,A191,A202,1,1,1,36678.0,BRAZIL
A12,36,A32,A46,814.0,A61,A74,3,A93,A101,1,A123,32,A143,A152,2,A173,2,A191,A201,1,0,0,18978.0,BRAZIL
A13,10,A32,A40,564.0,A62,A75,1,A92,A101,4,A124,48,A143,A153,1,A172,2,A191,A201,2,1,0,9905.0,BRAZIL
A11,12,A32,A40,471.0,A61,A74,2,A91,A101,3,A123,36,A143,A152,1,A173,1,A191,A201,2,1,1,13644.0,BRAZIL
A13,15,A32,A49,1023.0,A61,A74,2,A93,A101,4,A122,26,A143,A151,1,A173,1,A192,A201,1,0,1,40084.0,BRAZIL
A14,21,A32,A40,972.0,A63,A74,1,A92,A101,2,A123,31,A141,A152,1,A174,1,A191,A201,1,0,1,29067.0,BRAZIL
A12,30,A34,A40,1464.0,A61,A71,4,A94,A101,2,A123,28,A143,A152,2,A174,1,A191,A201,2,1,1,39691.0,BRAZIL
A12,9,A32,A43,885.0,A61,A73,2,A93,A101,2,A121,37,A143,A152,1,A172,2,A191,A201,1,0,1,24233.0,BRAZIL
A14,10,A32,A41,1227.0,A62,A73,1,A93,A102,2,A121,32,A143,A152,1,A173,2,A191,A201,1,0,0,43896.0,BRAZIL
A14,12,A34,A49,860.0,A61,A71,4,A93,A101,2,A123,42,A142,A152,2,A174,1,A192,A201,2,1,0,23646.0,BRAZIL
A11,12,A32,A40,459.0,A61,A73,4,A94,A101,3,A121,27,A143,A152,1,A172,1,A191,A201,1,0,0,13193.0,BRAZIL
A11,12,A32,A42,262.0,A61,A73,2,A93,A103,3,A122,38,A143,A152,1,A172,2,A191,A201,1,0,0,9980.0,BRAZIL
A12,48,A31,A40,5205.0,A65,A71,4,A93,A102,4,A124,36,A143,A153,1,A174,1,A192,A201,1,0,0,178819.0,BRAZIL
A14,24,A34,A43,662.0,A64,A73,4,A92,A101,1,A121,43,A143,A152,2,A172,1,A191,A201,1,0,1,21978.0,BRAZIL
A13,6,A33,A43,251.0,A61,A72,2,A92,A101,1,A122,29,A141,A152,1,A173,1,A191,A201,1,0,0,5908.0,BRAZIL
A14,21,A32,A43,1365.0,A65,A75,4,A93,A101,3,A122,41,A143,A152,1,A173,1,A192,A201,1,0,1,34845.0,BRAZIL
A11,15,A30,A40,382.0,A61,A75,4,A93,A101,3,A123,33,A143,A151,2,A173,2,A191,A201,2,1,0,15206.0,BRAZIL
A14,24,A32,A41,2971.0,A61,A74,3,A93,A101,3,A123,38,A143,A152,1,A174,1,A192,A201,1,0,0,76156.0,BRAZIL
A11,24,A32,A410,650.0,A61,A75,4,A92,A103,4,A121,58,A143,A152,1,A172,1,A192,A201,1,0,0,14454.0,BRAZIL
A11,12,A34,A41,621.0,A61,A75,4,A93,A101,4,A124,66,A143,A153,2,A174,1,A191,A201,1,0,0,27089.0,BRAZIL
A14,12,A32,A40,1455.0,A65,A72,2,A93,A101,3,A122,45,A143,A152,1,A174,2,A192,A201,1,0,0,56077.0,BRAZIL
A12,18,A32,A49,998.0,A62,A73,4,A93,A101,4,A123,34,A143,A152,1,A173,1,A191,A201,1,0,1,23185.0,BRAZIL
A14,24,A32,A41,4121.0,A65,A73,2,A91,A101,4,A124,48,A143,A153,1,A173,1,A192,A201,1,0,0,131336.0,BRAZIL
A14,24,A34,A43,1067.0,A65,A75,4,A93,A101,4,A122,53,A143,A152,2,A173,1,A191,A201,1,0,0,26381.0,BRAZIL
A14,30,A34,A43,2250.0,A61,A74,4,A92,A101,2,A123,25,A143,A152,2,A173,1,A191,A201,1,0,0,74967.0,BRAZIL
A12,36,A34,A43,867.0,A61,A75,4,A93,A101,4,A121,36,A143,A152,1,A173,1,A191,A201,1,0,0,36444.0,BRAZIL
A12,10,A32,A42,597.0,A61,A73,4,A91,A101,2,A123,31,A143,A152,1,A172,1,A191,A201,1,0,0,14424.0,BRAZIL
A14,24,A33,A40,274.0,A65,A75,4,A94,A101,4,A123,54,A143,A152,2,A173,1,A192,A201,1,0,0,11703.0,BRAZIL
A11,15,A32,A43,405.0,A61,A72,4,A94,A101,2,A121,27,A143,A152,1,A173,1,A191,A202,1,0,1,16598.0,BRAZIL
A12,12,A32,A43,410.0,A63,A73,3,A91,A101,1,A123,26,A143,A152,1,A173,1,A192,A201,1,0,1,10558.0,BRAZIL
A11,12,A32,A42,762.0,A61,A72,4,A92,A101,1,A123,22,A143,A151,1,A173,1,A191,A201,1,0,0,34192.0,BRAZIL
A12,15,A33,A45,649.0,A64,A73,3,A94,A101,3,A122,61,A142,A152,2,A173,1,A191,A201,2,1,1,27175.0,BRAZIL
A11,24,A32,A41,1263.0,A61,A74,2,A93,A101,1,A124,34,A143,A153,1,A174,1,A192,A201,1,0,1,28050.0,BRAZIL
A11,24,A32,A42,1140.0,A61,A75,4,A93,A101,2,A122,39,A143,A151,1,A174,1,A192,A201,2,1,1,25829.0,BRAZIL
A11,48,A34,A41,2578.0,A61,A75,4,A92,A101,4,A124,58,A142,A153,2,A172,1,A191,A201,2,1,1,46552.0,BRAZIL
A14,30,A32,A43,927.0,A63,A75,4,A93,A101,2,A123,30,A141,A152,1,A174,1,A191,A201,1,0,0,27529.0,BRAZIL
A11,6,A32,A43,908.0,A63,A73,2,A93,A101,3,A121,44,A143,A151,1,A173,2,A191,A201,1,0,1,27544.0,BRAZIL
A11,12,A31,A43,902.0,A61,A73,4,A91,A101,1,A124,29,A143,A153,1,A173,1,A191,A201,2,1,0,33550.0,BRAZIL
A14,30,A34,A43,1112.0,A61,A73,4,A92,A101,2,A123,33,A143,A152,1,A173,1,A192,A201,1,0,0,24273.0,BRAZIL
A13,30,A34,A43,1301.0,A65,A75,4,A93,A101,4,A122,49,A142,A152,2,A172,1,A191,A201,1,1,1,53811.0,BRAZIL
A11,13,A34,A49,770.0,A61,A72,3,A93,A101,1,A122,28,A141,A152,2,A172,1,A191,A201,1,0,0,31020.0,BRAZIL
A14,12,A32,A43,609.0,A61,A72,4,A92,A101,3,A123,34,A143,A152,1,A173,2,A191,A201,1,0,1,13234.0,BRAZIL
A11,12,A33,A40,601.0,A61,A73,4,A93,A101,2,A121,43,A143,A152,2,A172,2,A191,A201,1,0,0,18258.0,BRAZIL
A14,12,A32,A42,427.0,A63,A73,4,A92,A101,4,A123,29,A143,A151,1,A172,1,A191,A201,2,1,1,14330.0,BRAZIL
A14,18,A32,A45,882.0,A61,A72,4,A92,A101,4,A121,23,A143,A152,1,A173,1,A191,A201,2,1,0,19937.0,BRAZIL
A12,48,A33,A49,2412.0,A65,A73,4,A93,A101,4,A124,38,A143,A153,1,A173,2,A192,A201,1,0,1,88354.0,BRAZIL
A14,48,A34,A49,2949.0,A65,A75,4,A91,A101,2,A123,46,A141,A152,2,A174,2,A191,A201,1,0,1,55231.0,BRAZIL
A12,8,A32,A49,373.0,A61,A72,3,A94,A101,2,A121,26,A143,A152,1,A173,1,A192,A201,1,0,0,7842.0,BRAZIL
A13,18,A32,A42,1358.0,A61,A72,1,A92,A101,1,A122,45,A142,A152,1,A172,1,A191,A201,1,0,0,28700.0,BRAZIL
A11,24,A30,A42,1732.0,A61,A75,3,A93,A101,4,A124,23,A141,A151,2,A173,2,A191,A201,2,1,1,47596.0,BRAZIL
A14,18,A32,A43,548.0,A61,A73,4,A93,A101,2,A124,32,A143,A153,1,A174,1,A192,A201,1,0,0,15546.0,BRAZIL
A11,6,A34,A42,1157.0,A61,A73,1,A91,A101,4,A121,44,A143,A151,1,A174,1,A192,A201,2,1,0,36598.0,BRAZIL
A14,30,A34,A43,2590.0,A65,A74,2,A93,A101,3,A122,36,A143,A152,2,A173,1,A191,A201,1,0,1,59591.0,BRAZIL
A14,6,A34,A40,895.0,A63,A73,1,A94,A101,2,A123,24,A143,A152,1,A173,1,A191,A201,1,0,0,33947.0,BRAZIL
A11,36,A32,A40,3396.0,A61,A74,2,A93,A101,1,A123,24,A143,A152,1,A173,1,A192,A201,2,1,0,129391.0,BRAZIL
A14,15,A32,A43,630.0,A65,A73,4,A94,A101,2,A121,40,A143,A151,1,A173,1,A192,A201,1,0,1,18411.0,BRAZIL
A12,12,A30,A42,1211.0,A61,A72,4,A92,A101,3,A122,25,A143,A151,2,A173,1,A191,A201,2,1,1,42710.0,BRAZIL
A13,36,A32,A43,2677.0,A61,A73,4,A93,A101,1,A123,24,A143,A152,1,A173,1,A191,A201,1,0,0,54800.0,BRAZIL
A11,18,A32,A40,884.0,A62,A74,4,A93,A101,3,A123,30,A143,A152,1,A174,2,A192,A201,1,0,1,30344.0,BRAZIL
A11,24,A34,A40,530.0,A61,A75,4,A93,A101,4,A123,60,A143,A152,2,A172,1,A191,A201,2,1,0,14562.0,BRAZIL
A14,4,A32,A42,209.0,A61,A72,1,A92,A101,3,A121,23,A143,A151,1,A172,2,A191,A201,1,0,1,4110.0,BRAZIL
A14,12,A34,A43,214.0,A61,A75,4,A93,A101,4,A121,56,A143,A152,1,A173,1,A191,A201,1,0,0,9416.0,BRAZIL
A11,12,A32,A40,558.0,A61,A73,4,A92,A101,2,A121,24,A143,A152,1,A172,1,A191,A201,2,1,0,18543.0,BRAZIL
A11,12,A34,A40,1794.0,A61,A75,3,A93,A102,4,A122,43,A143,A151,2,A173,1,A192,A201,2,1,0,76254.0,BRAZIL
A14,10,A32,A46,324.0,A63,A75,4,A93,A101,4,A124,46,A143,A153,1,A173,1,A192,A201,1,0,1,6587.0,BRAZIL
A12,24,A32,A41,1567.0,A63,A72,3,A92,A101,4,A123,28,A143,A151,1,A173,1,A191,A201,2,1,0,51670.0,BRAZIL
A12,9,A32,A46,538.0,A61,A74,4,A92,A101,4,A122,67,A143,A152,2,A174,1,A192,A201,1,0,1,9722.0,BRAZIL
A14,15,A34,A43,707.0,A61,A75,4,A93,A101,4,A123,46,A143,A152,2,A173,1,A192,A201,1,0,0,13741.0,BRAZIL
A12,9,A32,A42,338.0,A61,A73,4,A92,A101,1,A122,30,A143,A152,1,A173,1,A191,A201,2,1,1,9327.0,BRAZIL
A12,10,A32,A40,3295.0,A61,A71,2,A93,A101,4,A124,70,A141,A153,1,A174,1,A192,A201,1,0,1,138249.0,BRAZIL
A12,12,A32,A43,484.0,A61,A75,3,A94,A103,3,A121,40,A141,A152,2,A172,1,A191,A201,1,0,0,11994.0,BRAZIL
A12,6,A32,A43,470.0,A61,A75,4,A93,A101,4,A123,28,A143,A152,1,A173,2,A191,A201,1,0,0,10475.0,BRAZIL
A14,18,A32,A42,955.0,A61,A73,3,A93,A101,4,A121,43,A143,A152,1,A173,1,A192,A201,1,1,1,22839.0,BRAZIL
A11,36,A32,A40,784.0,A61,A72,4,A92,A101,4,A123,34,A143,A152,1,A173,1,A192,A201,2,1,0,23232.0,BRAZIL
A12,18,A34,A42,1443.0,A61,A75,3,A92,A101,4,A122,37,A143,A152,1,A173,1,A192,A201,1,0,0,41480.0,BRAZIL
A14,18,A34,A40,523.0,A61,A73,3,A93,A101,2,A122,32,A141,A152,2,A173,1,A191,A201,2,1,0,21692.0,BRAZIL
A11,48,A32,A41,1667.0,A61,A74,4,A93,A101,3,A122,26,A143,A152,1,A173,2,A191,A201,1,0,0,58325.0,BRAZIL
A12,7,A32,A43,981.0,A61,A73,3,A93,A103,2,A121,34,A143,A152,1,A173,1,A191,A201,1,0,0,44101.0,BRAZIL
A12,10,A32,A40,2574.0,A61,A71,2,A93,A101,4,A124,70,A141,A153,1,A174,1,A192,A201,1,0,1,67038.0,BRAZIL
A11,36,A34,A41,3981.0,A61,A74,4,A93,A101,4,A123,24,A143,A152,2,A173,1,A192,A201,2,1,1,113205.0,BRAZIL
A12,36,A32,A43,1732.0,A61,A72,4,A92,A101,1,A124,30,A143,A152,1,A174,1,A192,A201,1,0,0,72943.0,BRAZIL
A12,48,A30,A49,5010.0,A61,A73,2,A93,A101,2,A123,25,A143,A152,1,A173,1,A192,A201,2,1,0,122957.0,BRAZIL
A14,12,A34,A43,393.0,A65,A75,4,A93,A101,4,A123,35,A143,A152,2,A173,1,A191,A201,1,0,0,8846.0,BRAZIL
A12,9,A32,A40,1345.0,A65,A73,1,A92,A101,2,A121,33,A143,A152,1,A172,1,A191,A201,1,0,1,35635.0,BRAZIL
A11,11,A34,A40,1552.0,A61,A73,2,A93,A101,2,A121,36,A143,A151,2,A173,2,A191,A201,1,0,0,66487.0,BRAZIL
A12,14,A32,A49,620.0,A63,A75,1,A94,A101,2,A121,35,A143,A152,1,A173,1,A192,A201,1,0,0,14269.0,BRAZIL
A13,10,A32,A42,479.0,A61,A72,4,A92,A101,2,A122,23,A143,A152,1,A173,1,A191,A201,1,0,0,18119.0,BRAZIL
A12,24,A33,A40,889.0,A65,A73,4,A92,A101,4,A123,42,A143,A151,2,A173,1,A192,A201,1,0,0,20212.0,BRAZIL
A14,12,A34,A46,997.0,A61,A75,2,A92,A101,4,A124,57,A141,A153,3,A172,1,A191,A201,1,0,0,33912.0,BRAZIL
A14,6,A32,A40,1441.0,A61,A73,2,A93,A103,3,A122,26,A143,A151,1,A173,1,A191,A201,1,0,0,52070.0,BRAZIL
A14,18,A32,A40,773.0,A61,A73,2,A94,A101,2,A122,30,A143,A152,1,A174,1,A192,A201,1,0,0,23425.0,BRAZIL
A11,15,A34,A42,357.0,A61,A73,2,A91,A101,3,A122,25,A143,A152,2,A173,1,A191,A201,1,0,0,9410.0,BRAZIL
A11,12,A32,A42,465.0,A61,A73,4,A93,A103,1,A122,21,A143,A152,1,A172,1,A191,A201,1,0,0,13025.0,BRAZIL
A12,24,A32,A43,1397.0,A63,A71,1,A92,A101,4,A124,23,A143,A151,1,A171,1,A191,A201,1,0,1,63465.0,BRAZIL
A11,30,A32,A42,1140.0,A61,A72,2,A91,A101,4,A122,31,A143,A152,1,A172,1,A191,A201,2,1,1,43726.0,BRAZIL
A11,24,A32,A49,2263.0,A61,A73,2,A94,A101,2,A123,21,A142,A152,1,A172,1,A191,A201,1,0,0,94836.0,BRAZIL
A11,24,A32,A42,1832.0,A61,A73,4,A93,A101,4,A122,28,A143,A152,1,A173,1,A191,A201,1,0,1,32432.0,BRAZIL
A12,36,A33,A49,1798.0,A61,A73,2,A91,A101,2,A121,30,A142,A152,2,A174,1,A192,A201,2,1,0,60442.0,BRAZIL
A11,20,A34,A42,1840.0,A61,A75,1,A92,A101,4,A122,24,A143,A152,2,A173,1,A191,A201,1,0,0,80202.0,BRAZIL
A14,60,A32,A40,3844.0,A61,A75,2,A93,A101,4,A122,42,A143,A152,1,A174,1,A192,A201,1,0,0,78486.0,BRAZIL
A12,24,A32,A410,4955.0,A61,A73,2,A93,A102,3,A123,29,A141,A152,2,A174,1,A192,A201,2,1,0,132460.0,BRAZIL
A13,24,A34,A42,1399.0,A65,A75,4,A93,A102,4,A124,20,A143,A151,2,A173,1,A191,A201,1,0,0,28914.0,BRAZIL
A12,6,A32,A43,215.0,A61,A72,3,A94,A101,3,A121,26,A143,A152,1,A172,1,A191,A202,1,0,1,9096.0,BRAZIL
A14,12,A34,A42,520.0,A61,A72,2,A92,A101,4,A122,22,A143,A151,2,A172,1,A191,A201,1,0,0,9747.0,BRAZIL
A11,6,A34,A40,371.0,A61,A75,1,A92,A101,4,A124,39,A143,A152,2,A173,1,A192,A201,1,0,0,12005.0,BRAZIL
A11,24,A31,A42,989.0,A63,A73,4,A93,A101,4,A121,22,A142,A152,1,A173,1,A192,A201,1,0,1,44934.0,BRAZIL
A14,36,A34,A43,1311.0,A65,A75,4,A93,A101,2,A123,51,A143,A152,1,A173,1,A192,A201,1,0,1,39480.0,BRAZIL
A12,12,A34,A42,1590.0,A61,A75,1,A93,A101,4,A123,28,A143,A151,3,A173,1,A192,A201,1,0,0,41430.0,BRAZIL
A14,9,A34,A46,426.0,A65,A75,4,A92,A101,4,A122,41,A143,A151,2,A172,1,A191,A201,1,0,0,10807.0,BRAZIL
A11,24,A31,A43,574.0,A61,A74,4,A93,A103,4,A123,24,A141,A151,1,A172,1,A191,A201,2,1,0,24297.0,BRAZIL
A12,9,A32,A43,652.0,A61,A72,4,A92,A101,2,A123,22,A143,A152,1,A173,1,A192,A201,2,1,1,12288.0,BRAZIL
A11,12,A32,A43,290.0,A61,A73,4,A94,A101,2,A121,40,A143,A152,1,A172,1,A191,A201,1,0,0,12742.0,BRAZIL
A12,36,A33,A40,2815.0,A61,A73,2,A92,A101,2,A122,54,A143,A151,1,A173,1,A191,A201,1,0,0,124199.0,BRAZIL
A14,18,A34,A43,888.0,A61,A73,2,A92,A101,1,A123,25,A143,A152,2,A173,1,A191,A201,1,0,1,16905.0,BRAZIL
A14,36,A33,A40,4799.0,A61,A75,2,A93,A101,2,A123,45,A143,A152,2,A173,2,A192,A201,1,0,0,87947.0,BRAZIL
A12,18,A34,A42,2959.0,A61,A71,4,A93,A101,4,A122,40,A142,A152,2,A174,1,A192,A201,1,0,1,78730.0,BRAZIL
A11,24,A32,A40,371.0,A65,A75,4,A92,A101,2,A123,29,A141,A152,1,A173,1,A191,A201,2,1,1,15196.0,BRAZIL
A12,54,A30,A49,6022.0,A61,A72,3,A93,A101,4,A124,58,A143,A151,1,A173,1,A192,A201,2,1,1,129566.0,BRAZIL
A14,6,A34,A43,630.0,A61,A74,1,A92,A101,2,A123,24,A143,A151,2,A173,1,A192,A201,1,0,0,19195.0,BRAZIL
A11,6,A32,A40,529.0,A65,A71,4,A92,A101,3,A122,75,A143,A152,1,A174,1,A192,A201,1,0,1,16328.0,BRAZIL
A13,36,A32,A43,1574.0,A61,A75,4,A93,A101,2,A123,31,A143,A152,1,A173,1,A191,A201,1,0,1,49742.0,BRAZIL
A13,12,A32,A43,478.0,A61,A73,3,A94,A101,4,A121,23,A143,A151,1,A173,1,A191,A201,1,0,0,14608.0,BRAZIL
A14,36,A32,A40,394.0,A63,A75,4,A93,A101,4,A122,36,A143,A152,1,A173,1,A191,A201,1,0,0,10035.0,BRAZIL
A14,18,A32,A45,676.0,A61,A72,4,A92,A101,4,A121,23,A143,A152,1,A173,1,A191,A201,2,1,0,15078.0,BRAZIL
A11,48,A32,A43,2773.0,A61,A73,3,A92,A101,2,A123,31,A143,A152,1,A173,1,A192,A201,2,1,0,99613.0,BRAZIL
A13,36,A32,A43,1954.0,A61,A75,4,A93,A101,2,A123,31,A143,A152,1,A173,1,A191,A201,1,0,0,74299.0,BRAZIL
A11,30,A32,A42,1384.0,A64,A75,4,A92,A101,4,A122,57,A143,A151,2,A173,1,A192,A201,1,0,1,53556.0,BRAZIL
A13,15,A32,A46,816.0,A61,A75,4,A93,A101,4,A123,40,A143,A151,1,A174,1,A192,A201,1,0,0,21515.0,BRAZIL
A14,24,A32,A43,1261.0,A65,A72,4,A93,A101,2,A123,25,A143,A152,2,A173,1,A191,A201,1,0,1,27788.0,BRAZIL
A11,48,A32,A41,1930.0,A61,A74,4,A93,A101,3,A122,26,A143,A152,1,A173,2,A191,A201,1,0,1,76273.0,BRAZIL
A14,12,A34,A43,460.0,A61,A73,4,A92,A101,2,A122,35,A143,A152,2,A173,1,A191,A201,1,0,0,19199.0,BRAZIL
A11,9,A32,A40,290.0,A61,A73,4,A93,A101,3,A123,28,A143,A152,1,A172,1,A191,A201,2,1,0,6780.0,BRAZIL
A13,12,A34,A40,587.0,A63,A71,2,A93,A101,4,A124,66,A141,A153,3,A171,1,A191,A201,1,0,0,19521.0,BRAZIL
A12,24,A32,A43,709.0,A61,A72,1,A94,A101,1,A122,22,A143,A152,1,A173,1,A192,A201,2,1,0,26590.0,BRAZIL
A11,36,A32,A40,1259.0,A61,A74,2,A93,A101,4,A124,39,A141,A153,1,A174,2,A192,A201,1,0,0,27354.0,BRAZIL
A14,12,A32,A43,774.0,A61,A74,4,A93,A101,2,A123,31,A143,A151,2,A174,2,A192,A201,1,0,0,20843.0,BRAZIL
A11,36,A32,A41,1889.0,A61,A75,2,A93,A101,4,A124,42,A143,A153,1,A173,2,A191,A201,1,0,1,79057.0,BRAZIL
A14,12,A32,A42,514.0,A63,A73,4,A92,A101,4,A123,29,A143,A151,1,A172,1,A191,A201,2,1,0,20539.0,BRAZIL
A11,24,A32,A40,1951.0,A61,A74,2,A93,A102,3,A122,31,A143,A152,1,A173,1,A192,A201,2,1,0,88460.0,BRAZIL
A12,48,A31,A40,5324.0,A65,A71,4,A93,A102,4,A124,36,A143,A153,1,A174,1,A192,A201,1,0,0,170293.0,BRAZIL
A12,9,A34,A46,490.0,A64,A75,4,A93,A101,3,A124,32,A143,A153,2,A173,2,A191,A201,2,1,1,14941.0,BRAZIL
A12,9,A34,A46,395.0,A64,A75,4,A93,A101,3,A124,32,A143,A153,2,A173,2,A191,A201,2,1,1,10892.0,BRAZIL
A14,4,A34,A43,642.0,A61,A74,2,A93,A101,1,A121,42,A143,A152,2,A172,2,A191,A201,1,0,1,12515.0,BRAZIL
A14,15,A34,A43,778.0,A61,A75,4,A93,A101,4,A123,46,A143,A152,2,A173,1,A192,A201,1,0,0,22092.0,BRAZIL
A14,7,A33,A43,347.0,A65,A75,3,A93,A101,4,A124,36,A143,A153,1,A173,1,A191,A201,1,0,0,14725.0,BRAZIL
A12,27,A32,A49,1088.0,A61,A72,4,A92,A101,1,A122,32,A143,A152,1,A173,2,A192,A201,1,0,0,35343.0,BRAZIL
A13,12,A32,A43,560.0,A61,A73,3,A94,A101,4,A121,23,A143,A151,1,A173,1,A191,A201,1,0,1,18476.0,BRAZIL
A12,6,A32,A43,414.0,A61,A75,4,A93,A101,4,A123,28,A143,A152,1,A173,2,A191,A201,1,0,1,15457.0,BRAZIL
A14,15,A32,A40,1423.0,A64,A74,2,A92,A101,3,A123,20,A143,A151,1,A173,1,A191,A201,1,0,0,26468.0,BRAZIL
A12,36,A32,A43,2080.0,A61,A72,4,A92,A101,1,A124,30,A143,A152,1,A174,1,A192,A201,1,0,0,45082.0,BRAZIL
A14,21,A33,A42,616.0,A62,A74,4,A93,A101,3,A121,34,A143,A152,2,A174,1,A191,A201,1,0,0,15226.0,BRAZIL
A14,24,A32,A43,948.0,A61,A74,4,A93,A101,2,A123,28,A143,A152,1,A173,1,A192,A201,1,0,0,39566.0,BRAZIL
A14,30,A32,A43,822.0,A65,A75,4,A93,A101,4,A123,58,A143,A152,1,A173,1,A192,A201,1,0,1,23094.0,BRAZIL
A14,24,A32,A40,959.0,A65,A72,4,A93,A101,1,A122,54,A143,A152,1,A173,1,A191,A201,1,0,0,24040.0,BRAZIL
A12,24,A32,A40,470.0,A61,A72,3,A92,A101,4,A123,25,A143,A152,1,A172,1,A192,A201,2,1,0,18060.0,BRAZIL
A11,12,A32,A48,336.0,A61,A74,4,A94,A101,4,A122,21,A143,A151,1,A173,1,A191,A201,2,1,1,9268.0,BRAZIL
A14,33,A34,A41,3012.0,A61,A74,3,A93,A101,2,A123,35,A143,A152,2,A174,1,A192,A201,1,0,0,77207.0,BRAZIL
A12,27,A32,A49,1786.0,A61,A73,4,A93,A101,2,A123,36,A143,A152,1,A173,2,A192,A201,2,1,1,45701.0,BRAZIL
A14,24,A31,A49,642.0,A61,A74,4,A93,A101,4,A123,50,A141,A152,1,A173,1,A192,A201,1,0,0,24298.0,BRAZIL
A11,18,A32,A43,703.0,A65,A74,2,A94,A101,4,A123,23,A143,A151,2,A172,1,A191,A201,1,0,0,16863.0,BRAZIL
A14,21,A32,A41,1106.0,A65,A75,4,A93,A101,4,A121,46,A143,A152,1,A174,1,A192,A201,1,0,1,45167.0,BRAZIL
A14,12,A34,A43,800.0,A61,A75,2,A93,A101,2,A124,26,A143,A152,2,A173,1,A191,A201,1,0,0,18598.0,BRAZIL
A12,12,A34,A40,396.0,A61,A74,2,A93,A101,3,A121,47,A143,A152,2,A172,2,A191,A201,1,0,0,9605.0,BRAZIL
A14,18,A32,A40,747.0,A61,A73,2,A94,A101,2,A122,30,A143,A152,1,A174,1,A192,A201,1,1,1,30440.0,BRAZIL
A14,30,A33,A49,1591.0,A62,A73,2,A93,A101,2,A122,26,A143,A152,2,A172,1,A191,A201,1,0,0,61628.0,BRAZIL
A14,24,A32,A40,509.0,A62,A72,4,A94,A101,3,A121,33,A143,A152,1,A173,1,A192,A201,1,0,0,9974.0,BRAZIL
A14,12,A32,A43,358.0,A65,A73,4,A92,A101,2,A123,21,A143,A152,1,A173,1,A191,A201,1,0,0,11736.0,BRAZIL
A14,18,A34,A43,419.0,A65,A73,4,A93,A101,3,A122,29,A143,A152,2,A173,1,A192,A201,1,0,1,9216.0,BRAZIL
A13,10,A34,A40,317.0,A61,A75,4,A93,A101,4,A124,63,A143,A153,2,A173,1,A192,A201,1,0,0,7022.0,BRAZIL
A14,12,A32,A40,1119.0,A65,A71,4,A93,A101,4,A124,38,A143,A152,1,A174,1,A192,A201,1,0,0,42631.0,BRAZIL
A14,24,A32,A43,646.0,A61,A74,3,A93,A101,1,A123,32,A141,A152,1,A173,2,A191,A201,1,0,0,29142.0,BRAZIL
A14,18,A32,A43,469.0,A65,A72,4,A92,A101,2,A121,21,A143,A151,1,A173,1,A192,A201,1,0,1,17610.0,BRAZIL
A13,12,A31,A43,163.0,A64,A73,3,A92,A101,3,A121,42,A143,A151,2,A173,1,A191,A201,1,0,0,6825.0,BRAZIL
A11,18,A32,A40,1603.0,A62,A73,3,A93,A101,4,A123,35,A143,A152,1,A172,2,A192,A201,1,0,1,60150.0,BRAZIL
A14,30,A34,A43,2303.0,A61,A74,4,A92,A101,2,A123,25,A143,A152,2,A173,1,A191,A201,1,0,0,40788.0,BRAZIL
A11,24,A32,A43,1037.0,A61,A72,4,A92,A101,4,A121,35,A143,A152,1,A173,1,A192,A201,2,1,0,41151.0,BRAZIL
A14,24,A32,A41,1934.0,A65,A71,2,A92,A101,4,A122,26,A143,A151,1,A174,1,A192,A201,1,0,1,69521.0,BRAZIL
A11,24,A31,A41,1278.0,A61,A73,1,A92,A103,4,A123,22,A141,A151,1,A173,1,A191,A202,1,0,0,22488.0,BRAZIL
A14,6,A32,A43,179.0,A61,A73,3,A92,A101,1,A121,29,A143,A152,1,A173,1,A191,A201,1,0,0,7867.0,BRAZIL
A14,24,A33,A41,1867.0,A61,A74,3,A93,A101,3,A123,35,A143,A152,2,A172,1,A192,A201,1,0,0,47144.0,BRAZIL
A13,6,A34,A40,570.0,A62,A75,2,A91,A101,4,A123,28,A143,A152,2,A173,2,A192,A201,1,0,0,19386.0,BRAZIL
A14,24,A34,A45,2253.0,A61,A75,3,A93,A101,4,A124,44,A143,A153,2,A173,1,A191,A201,1,0,1,65660.0,BRAZIL
A12,20,A32,A41,2954.0,A65,A71,1,A91,A101,4,A121,60,A143,A152,1,A174,1,A192,A201,1,0,0,103677.0,BRAZIL
A14,24,A32,A43,1229.0,A65,A72,4,A93,A101,2,A123,25,A143,A152,2,A173,1,A191,A201,1,0,0,40733.0,BRAZIL
A11,18,A31,A40,541.0,A61,A74,4,A93,A101,4,A124,32,A143,A153,2,A172,2,A191,A201,2,1,1,22644.0,BRAZIL
A11,18,A34,A45,452.0,A61,A71,2,A92,A101,4,A124,55,A143,A153,3,A171,2,A191,A201,2,1,0,19801.0,BRAZIL
A12,24,A34,A43,720.0,A61,A75,4,A93,A101,2,A122,48,A143,A152,2,A172,1,A191,A201,1,0,0,30563.0,BRAZIL
A11,24,A31,A410,554.0,A65,A75,4,A93,A101,3,A123,40,A142,A152,1,A174,1,A192,A201,2,1,0,22938.0,BRAZIL
A11,6,A32,A40,6224.0,A61,A75,1,A93,A101,4,A124,68,A141,A152,1,A174,1,A192,A201,2,1,1,169366.0,BRAZIL
A11,30,A32,A41,1728.0,A61,A73,4,A91,A101,4,A122,40,A143,A152,1,A174,1,A192,A201,1,0,0,58793.0,BRAZIL
A14,9,A32,A42,507.0,A61,A73,4,A92,A101,2,A121,26,A143,A151,1,A173,1,A191,A201,1,0,0,19105.0,BRAZIL
A14,12,A32,A40,864.0,A65,A75,4,A93,A101,3,A123,50,A143,A152,1,A173,1,A192,A201,1,0,0,36631.0,BRAZIL
A14,21,A32,A49,666.0,A64,A75,4,A92,A101,4,A121,36,A141,A152,1,A172,1,A191,A201,1,0,0,18026.0,BRAZIL
A13,15,A32,A46,664.0,A61,A75,4,A93,A101,4,A123,40,A143,A151,1,A174,1,A192,A201,1,0,0,12331.0,BRAZIL
A14,12,A32,A41,1841.0,A65,A72,1,A92,A101,4,A123,20,A143,A151,1,A173,1,A191,A201,1,0,0,53178.0,BRAZIL
A13,24,A32,A43,478.0,A63,A73,3,A92,A101,3,A123,57,A143,A152,1,A172,1,A191,A201,1,0,1,18933.0,BRAZIL
A11,9,A34,A43,450.0,A61,A73,4,A93,A101,4,A121,25,A143,A152,2,A172,1,A191,A201,1,0,0,7930.0,BRAZIL
A14,15,A32,A44,578.0,A63,A74,4,A93,A101,3,A122,36,A143,A152,2,A173,1,A192,A201,1,0,0,21778.0,BRAZIL
A12,45,A32,A43,1267.0,A62,A73,4,A93,A103,4,A122,21,A143,A151,1,A173,1,A191,A201,2,1,1,45152.0,BRAZIL
A11,13,A34,A49,658.0,A61,A72,3,A93,A101,1,A122,28,A141,A152,2,A172,1,A191,A201,1,0,0,13632.0,BRAZIL
A14,24,A32,A40,574.0,A61,A72,4,A94,A101,2,A121,28,A143,A152,1,A173,1,A191,A201,1,0,1,17228.0,BRAZIL
A13,10,A34,A40,316.0,A61,A75,4,A93,A101,4,A124,63,A143,A153,2,A173,1,A192,A201,1,0,0,13399.0,BRAZIL
A11,27,A30,A49,2016.0,A61,A71,2,A93,A101,4,A122,50,A142,A152,2,A173,1,A192,A201,2,1,0,45943.0,BRAZIL
A14,5,A32,A49,1489.0,A61,A74,1,A93,A101,4,A121,74,A143,A152,1,A172,1,A191,A201,1,0,1,37669.0,BRAZIL
A11,12,A32,A40,652.0,A61,A73,4,A92,A103,4,A122,29,A143,A152,1,A173,1,A192,A201,1,0,0,24488.0,BRAZIL
A14,24,A32,A40,1478.0,A61,A75,4,A92,A102,4,A124,62,A143,A153,1,A173,1,A192,A201,1,0,0,57471.0,BRAZIL
A11,48,A32,A43,2384.0,A61,A74,1,A94,A103,1,A121,34,A143,A152,2,A173,1,A192,A201,2,1,1,94403.0,BRAZIL
A14,24,A32,A41,2054.0,A65,A71,2,A92,A101,4,A122,26,A143,A151,1,A174,1,A192,A201,1,0,0,72146.0,BRAZIL
A14,15,A32,A41,1099.0,A61,A74,2,A93,A101,2,A123,33,A143,A152,1,A173,1,A191,A201,1,0,1,46676.0,BRAZIL
A14,36,A32,A46,795.0,A61,A73,4,A93,A101,4,A124,37,A142,A153,1,A173,1,A192,A201,2,1,1,29447.0,BRAZIL
A14,9,A32,A49,608.0,A61,A74,3,A92,A101,2,A123,27,A143,A152,2,A173,1,A191,A201,1,0,0,23410.0,BRAZIL
A12,48,A32,A43,2636.0,A61,A73,2,A92,A101,2,A121,22,A143,A152,1,A173,1,A191,A201,2,1,0,76969.0,BRAZIL
A13,15,A32,A43,861.0,A61,A72,2,A92,A101,3,A121,25,A143,A152,1,A172,1,A191,A201,2,1,1,26367.0,BRAZIL
A14,11,A34,A43,407.0,A62,A71,4,A92,A101,4,A121,57,A143,A152,3,A172,1,A191,A201,1,0,0,14917.0,BRAZIL
A11,12,A32,A40,328.0,A61,A74,4,A93,A101,2,A121,26,A143,A152,1,A173,1,A191,A201,2,1,1,12696.0,BRAZIL
A14,24,A32,A43,391.0,A65,A75,4,A93,A101,2,A123,25,A143,A152,2,A173,1,A191,A201,1,0,0,16238.0,BRAZIL
A14,36,A34,A41,2611.0,A61,A75,2,A93,A101,2,A122,35,A143,A152,2,A173,2,A192,A201,1,0,1,53046.0,BRAZIL
A11,9,A32,A42,883.0,A61,A73,3,A93,A101,2,A121,25,A143,A152,1,A173,1,A191,A201,1,0,0,29221.0,BRAZIL
A14,36,A32,A46,808.0,A61,A73,4,A93,A101,4,A124,37,A142,A153,1,A173,1,A192,A201,2,1,0,33990.0,BRAZIL
A14,27,A34,A42,1720.0,A64,A72,4,A93,A101,2,A121,32,A142,A152,2,A172,2,A192,A201,1,0,0,42619.0,BRAZIL
A12,12,A34,A41,706.0,A61,A71,4,A93,A101,2,A123,34,A143,A152,2,A174,1,A192,A201,1,0,0,14724.0,BRAZIL
A14,27,A33,A41,3575.0,A64,A73,2,A93,A101,2,A123,27,A143,A152,2,A173,1,A191,A201,1,0,1,82894.0,BRAZIL
A11,12,A32,A43,683.0,A63,A75,3,A94,A101,1,A121,35,A143,A152,1,A173,1,A191,A201,1,0,1,21183.0,BRAZIL
A12,24,A32,A43,1373.0,A63,A71,1,A92,A101,4,A124,23,A143,A151,1,A171,1,A191,A201,1,0,0,38598.0,BRAZIL
A12,30,A30,A49,1625.0,A61,A73,2,A92,A101,1,A123,28,A143,A152,2,A173,1,A191,A201,1,0,0,54819.0,BRAZIL
A12,6,A32,A43,141.0,A65,A75,4,A93,A101,4,A122,38,A143,A152,1,A173,1,A191,A201,1,0,1,5190.0,BRAZIL
A11,24,A33,A43,590.0,A61,A72,4,A92,A101,2,A123,29,A143,A151,1,A172,1,A192,A201,2,1,0,12550.0,BRAZIL
A12,6,A32,A43,267.0,A61,A72,3,A94,A101,3,A121,26,A143,A152,1,A172,1,A191,A202,1,0,1,10551.0,BRAZIL
A12,14,A32,A49,575.0,A63,A75,1,A94,A101,2,A121,35,A143,A152,1,A173,1,A192,A201,1,0,0,16979.0,BRAZIL
A11,15,A32,A40,1559.0,A61,A73,3,A92,A101,2,A122,29,A143,A152,1,A173,1,A192,A201,2,1,1,56402.0,BRAZIL
A14,21,A32,A41,2339.0,A65,A73,1,A93,A101,3,A123,26,A143,A152,1,A173,1,A191,A201,1,0,0,48905.0,BRAZIL
A11,18,A32,A43,484.0,A61,A73,4,A94,A101,3,A121,26,A141,A152,1,A173,1,A191,A201,2,1,1,11585.0,BRAZIL
A14,15,A34,A42,673.0,A65,A75,4,A93,A101,4,A122,63,A143,A152,1,A173,1,A191,A201,1,0,1,19904.0,BRAZIL
A11,36,A32,A43,835.0,A61,A73,4,A91,A101,4,A123,31,A143,A151,1,A173,1,A191,A201,2,1,1,35133.0,BRAZIL
A12,9,A32,A43,502.0,A61,A75,4,A92,A101,4,A121,25,A143,A152,1,A173,1,A191,A201,1,0,0,20970.0,BRAZIL
A11,36,A32,A40,672.0,A61,A72,4,A92,A101,4,A123,34,A143,A152,1,A173,1,A192,A201,2,1,1,26011.0,BRAZIL
A14,6,A34,A42,528.0,A65,A73,1,A94,A101,2,A122,27,A143,A152,2,A173,1,A191,A201,1,0,0,13451.0,BRAZIL
A12,60,A31,A410,6207.0,A62,A75,3,A92,A101,4,A124,60,A141,A153,2,A174,1,A192,A201,2,1,0,210182.0,BRAZIL
A11,48,A32,A40,3276.0,A61,A75,4,A93,A101,4,A124,42,A141,A153,1,A174,1,A191,A201,2,1,0,117616.0,BRAZIL
A14,18,A32,A40,2891.0,A65,A73,2,A93,A101,4,A123,68,A143,A151,2,A173,1,A191,A201,2,1,1,62987.0,BRAZIL
A12,6,A32,A43,485.0,A61,A75,4,A93,A101,4,A123,28,A143,A152,1,A173,2,A191,A201,1,0,0,10982.0,BRAZIL
A14,33,A34,A41,2926.0,A61,A74,3,A93,A101,2,A123,35,A143,A152,2,A174,1,A192,A201,1,0,0,59153.0,BRAZIL
A13,12,A32,A42,587.0,A65,A75,3,A92,A101,4,A121,55,A143,A152,1,A174,1,A192,A201,1,0,0,15462.0,BRAZIL
A14,10,A34,A42,937.0,A61,A72,1,A92,A101,3,A121,23,A143,A151,2,A173,1,A191,A201,1,0,0,35276.0,BRAZIL
A11,12,A32,A40,328.0,A61,A74,4,A93,A101,2,A121,26,A143,A152,1,A173,1,A191,A201,2,1,0,14729.0,BRAZIL
A12,12,A34,A41,680.0,A62,A72,3,A93,A101,4,A122,44,A143,A152,1,A173,1,A191,A201,1,0,1,29361.0,BRAZIL
A14,12,A32,A46,507.0,A61,A75,4,A93,A101,4,A122,47,A141,A152,3,A173,2,A192,A201,1,0,1,13528.0,BRAZIL
A11,12,A34,A43,171.0,A61,A74,4,A92,A101,3,A121,58,A143,A152,4,A172,1,A192,A201,1,0,0,3320.0,BRAZIL
A14,60,A34,A40,6188.0,A65,A75,2,A93,A101,4,A124,63,A141,A153,1,A174,1,A192,A201,1,0,1,162423.0,BRAZIL
A14,12,A32,A43,567.0,A61,A72,4,A92,A101,3,A123,34,A143,A152,1,A173,2,A191,A201,1,0,0,16690.0,BRAZIL
A12,24,A32,A43,2208.0,A65,A75,2,A92,A101,4,A123,42,A143,A152,1,A173,1,A192,A201,1,0,0,76740.0,BRAZIL
A14,36,A33,A41,3259.0,A65,A74,3,A93,A101,2,A123,31,A142,A152,1,A174,2,A192,A201,1,1,1,72369.0,BRAZIL
A14,10,A32,A43,846.0,A61,A73,1,A93,A101,4,A122,38,A143,A152,1,A173,1,A192,A202,1,0,0,31229.0,BRAZIL
A14,15,A32,A41,1751.0,A62,A72,1,A92,A101,4,A123,23,A143,A152,1,A173,1,A192,A201,1,0,0,61058.0,BRAZIL
A14,10,A32,A41,1079.0,A65,A72,1,A92,A101,4,A121,31,A143,A151,1,A173,1,A191,A201,1,0,0,44511.0,BRAZIL
A11,12,A32,A40,398.0,A65,A73,4,A94,A101,2,A123,23,A143,A152,1,A173,1,A191,A201,2,1,0,14607.0,BRAZIL
A14,9,A34,A40,790.0,A61,A73,4,A93,A101,4,A123,48,A143,A152,3,A173,1,A192,A201,1,0,1,22060.0,BRAZIL
A12,27,A33,A41,2691.0,A61,A75,1,A93,A101,2,A123,30,A143,A152,2,A174,1,A192,A201,1,0,0,65619.0,BRAZIL
A11,12,A32,A40,495.0,A61,A73,4,A92,A101,2,A121,24,A143,A152,1,A172,1,A191,A201,2,1,0,9191.0,BRAZIL
A11,21,A32,A43,922.0,A61,A72,4,A92,A101,4,A122,28,A143,A151,1,A174,1,A192,A201,1,0,0,19884.0,BRAZIL
A12,18,A32,A42,679.0,A65,A72,4,A92,A101,3,A121,27,A143,A151,1,A173,1,A191,A201,2,1,0,18346.0,BRAZIL
A14,24,A32,A43,1361.0,A61,A72,4,A92,A101,4,A122,26,A143,A152,1,A173,1,A192,A201,1,0,0,34556.0,BRAZIL
A12,60,A32,A46,2597.0,A61,A73,4,A93,A101,4,A124,42,A143,A153,1,A173,1,A191,A201,2,1,0,89792.0,BRAZIL
A14,24,A34,A40,691.0,A64,A75,4,A93,A101,4,A121,60,A143,A152,1,A173,1,A192,A201,1,0,0,30897.0,BRAZIL
A11,24,A32,A410,711.0,A61,A75,4,A92,A103,4,A121,58,A143,A152,1,A172,1,A192,A201,1,0,0,23065.0,BRAZIL
A14,21,A33,A49,916.0,A63,A72,4,A93,A101,2,A121,41,A141,A152,1,A172,2,A191,A201,2,1,1,30124.0,BRAZIL
A11,12,A34,A40,951.0,A61,A73,4,A93,A101,2,A122,30,A143,A152,2,A173,1,A191,A201,1,0,0,28630.0,BRAZIL
A14,24,A34,A42,604.0,A61,A74,4,A93,A101,3,A122,40,A143,A152,2,A173,1,A191,A201,1,1,1,24532.0,BRAZIL
A14,10,A32,A42,917.0,A61,A73,2,A93,A101,2,A121,25,A141,A151,1,A172,1,A191,A201,2,1,0,30371.0,BRAZIL
A14,21,A32,A40,1058.0,A63,A74,1,A92,A101,2,A123,31,A141,A152,1,A174,1,A191,A201,1,0,1,24301.0,BRAZIL
A11,20,A32,A42,989.0,A65,A74,4,A93,A101,4,A123,39,A143,A152,1,A173,1,A192,A201,1,0,0,35835.0,BRAZIL
A14,24,A32,A41,1243.0,A62,A74,3,A92,A101,4,A123,23,A143,A152,1,A173,1,A191,A201,1,0,0,26424.0,BRAZIL
A11,6,A34,A43,130.0,A63,A75,4,A93,A101,4,A123,52,A143,A152,2,A173,1,A191,A201,1,0,0,3948.0,BRAZIL
A14,11,A32,A49,971.0,A64,A75,1,A91,A101,2,A121,28,A143,A152,1,A173,1,A192,A201,1,0,1,20505.0,BRAZIL
A14,12,A34,A40,526.0,A61,A75,4,A93,A101,4,A121,61,A143,A152,2,A172,1,A191,A201,1,0,1,22002.0,BRAZIL
A14,21,A33,A49,1148.0,A63,A72,4,A93,A101,2,A121,41,A141,A152,1,A172,2,A191,A201,2,1,0,30930.0,BRAZIL
A14,15,A34,A46,690.0,A62,A73,4,A92,A101,3,A123,31,A143,A152,1,A173,1,A191,A201,1,0,0,25093.0,BRAZIL
A14,24,A32,A48,373.0,A61,A72,4,A94,A101,3,A123,27,A143,A152,2,A172,1,A191,A201,1,0,0,9554.0,BRAZIL
A14,6,A33,A43,399.0,A61,A73,3,A92,A101,2,A121,24,A143,A152,1,A173,1,A191,A201,1,0,0,15310.0,BRAZIL
A11,12,A32,A40,441.0,A61,A72,3,A92,A101,1,A121,37,A143,A152,1,A172,1,A191,A201,2,1,1,9559.0,BRAZIL
A14,12,A32,A43,614.0,A61,A72,4,A92,A101,3,A123,34,A143,A152,1,A173,2,A191,A201,1,0,0,14559.0,BRAZIL
A14,24,A34,A41,1405.0,A61,A75,4,A92,A101,2,A123,41,A143,A151,2,A174,1,A192,A201,1,0,0,36359.0,BRAZIL
A11,48,A32,A40,2790.0,A61,A75,4,A93,A101,4,A124,42,A141,A153,1,A174,1,A191,A201,2,1,0,88422.0,BRAZIL
A11,21,A32,A43,991.0,A61,A72,4,A92,A101,4,A122,28,A143,A151,1,A174,1,A192,A201,1,0,0,44775.0,BRAZIL
A14,21,A32,A41,970.0,A65,A75,4,A93,A101,4,A121,46,A143,A152,1,A174,1,A192,A201,1,0,0,42320.0,BRAZIL
A11,36,A32,A42,1660.0,A61,A73,1,A93,A103,2,A122,37,A143,A152,1,A173,2,A191,A201,1,0,0,61003.0,BRAZIL
A12,48,A30,A49,5148.0,A65,A73,2,A93,A101,2,A123,48,A141,A152,1,A174,1,A192,A201,1,0,1,180345.0,BRAZIL
A14,12,A34,A49,561.0,A65,A75,4,A93,A101,4,A124,57,A143,A151,1,A172,1,A191,A201,1,0,1,21135.0,BRAZIL
A14,9,A32,A43,1169.0,A62,A75,3,A93,A102,4,A123,35,A143,A152,1,A173,1,A192,A201,1,0,1,36558.0,BRAZIL
A14,12,A34,A43,589.0,A61,A75,2,A93,A101,4,A121,63,A143,A152,2,A172,1,A192,A201,1,0,0,15693.0,BRAZIL
A12,12,A34,A41,847.0,A61,A71,4,A93,A101,2,A123,34,A143,A152,2,A174,1,A192,A201,1,0,0,35385.0,BRAZIL
A11,12,A32,A42,948.0,A61,A71,3,A92,A101,4,A124,55,A143,A153,1,A174,1,A191,A201,1,0,0,37732.0,BRAZIL
A11,12,A32,A40,997.0,A61,A72,4,A93,A101,1,A121,33,A143,A152,1,A172,2,A191,A201,2,1,1,22594.0,BRAZIL
A14,6,A32,A42,722.0,A61,A73,1,A94,A101,2,A122,21,A143,A151,1,A173,1,A191,A201,1,0,1,28856.0,BRAZIL
A12,8,A32,A42,500.0,A61,A73,3,A92,A101,4,A121,24,A143,A152,1,A173,1,A191,A201,2,1,0,20831.0,BRAZIL
A13,10,A32,A40,1813.0,A61,A72,1,A93,A103,1,A122,37,A143,A152,1,A172,2,A191,A201,1,0,0,64133.0,BRAZIL
A14,24,A32,A43,923.0,A61,A74,4,A93,A101,2,A123,28,A143,A152,1,A173,1,A192,A201,1,1,1,32677.0,BRAZIL
A14,12,A32,A43,450.0,A61,A73,3,A93,A101,2,A123,25,A143,A152,1,A173,1,A191,A201,1,0,0,16705.0,BRAZIL
A14,12,A34,A46,1211.0,A61,A75,2,A92,A101,4,A124,57,A141,A153,3,A172,1,A191,A201,1,0,1,48916.0,BRAZIL
A14,24,A34,A42,2177.0,A61,A75,4,A93,A101,4,A123,33,A143,A152,1,A173,1,A192,A201,1,0,0,47268.0,BRAZIL
A12,36,A32,A40,5858.0,A61,A75,4,A93,A101,2,A124,57,A143,A153,1,A174,1,A192,A201,2,1,0,127951.0,BRAZIL
A13,6,A32,A42,970.0,A61,A73,2,A93,A101,2,A121,41,A143,A152,1,A173,1,A192,A201,1,0,0,39345.0,BRAZIL
A11,15,A33,A42,1313.0,A61,A75,1,A92,A101,4,A122,27,A143,A152,2,A172,1,A191,A201,1,0,0,32279.0,BRAZIL
A14,18,A32,A40,2444.0,A65,A73,2,A93,A101,4,A123,68,A143,A151,2,A173,1,A191,A201,2,1,0,96902.0,BRAZIL
A11,24,A32,A40,417.0,A65,A75,4,A92,A101,2,A123,29,A141,A152,1,A173,1,A191,A201,2,1,0,16070.0,BRAZIL
A12,7,A32,A43,1036.0,A61,A72,1,A92,A103,1,A121,45,A143,A152,1,A173,1,A191,A201,1,0,1,44004.0,BRAZIL
A14,6,A34,A43,661.0,A65,A73,1,A93,A101,2,A121,34,A143,A152,2,A172,2,A191,A201,1,1,1,27374.0,BRAZIL
A12,36,A32,A46,1556.0,A65,A73,2,A94,A101,2,A123,27,A143,A152,1,A173,1,A191,A201,1,0,1,70326.0,BRAZIL
A11,15,A32,A40,1430.0,A61,A73,3,A92,A101,2,A122,29,A143,A152,1,A173,1,A192,A201,2,1,1,45445.0,BRAZIL
A14,48,A34,A41,1091.0,A65,A75,4,A93,A101,3,A123,38,A143,A152,2,A173,2,A192,A201,1,0,1,28750.0,BRAZIL
A14,21,A32,A40,1246.0,A63,A74,1,A92,A101,2,A123,31,A141,A152,1,A174,1,A191,A201,1,0,0,51438.0,BRAZIL
A12,36,A33,A40,1273.0,A62,A75,4,A93,A101,3,A124,30,A143,A153,1,A173,1,A191,A201,1,0,1,36396.0,BRAZIL
A13,12,A32,A42,834.0,A61,A73,1,A92,A101,2,A123,46,A143,A152,1,A172,1,A191,A201,1,0,0,23385.0,BRAZIL
A11,18,A32,A40,1798.0,A62,A73,3,A93,A101,4,A123,35,A143,A152,1,A172,2,A192,A201,1,0,1,34025.0,BRAZIL
A12,36,A33,A40,1149.0,A62,A75,4,A93,A101,3,A124,30,A143,A153,1,A173,1,A191,A201,1,0,0,44144.0,BRAZIL
A12,39,A33,A46,5353.0,A62,A74,2,A93,A101,3,A124,32,A143,A151,1,A173,1,A192,A201,1,0,0,119565.0,BRAZIL
A14,24,A32,A43,819.0,A62,A73,4,A93,A101,4,A123,29,A143,A151,1,A174,1,A192,A201,1,0,0,15882.0,BRAZIL
A12,24,A32,A42,1951.0,A65,A73,1,A92,A101,4,A122,48,A143,A152,1,A172,1,A192,A201,1,0,1,48448.0,BRAZIL
A14,18,A33,A43,819.0,A61,A71,2,A94,A101,3,A121,34,A143,A152,2,A173,1,A191,A201,1,0,0,25423.0,BRAZIL
A13,18,A32,A43,908.0,A61,A73,4,A93,A102,2,A121,37,A142,A152,1,A173,1,A191,A201,2,1,0,30081.0,BRAZIL
A11,30,A32,A45,4425.0,A61,A72,1,A91,A101,1,A124,34,A143,A152,1,A172,1,A192,A201,2,1,1,96465.0,BRAZIL
A12,24,A34,A49,677.0,A61,A75,4,A91,A101,4,A121,31,A143,A152,2,A173,1,A192,A201,2,1,1,26436.0,BRAZIL
A11,36,A34,A46,3027.0,A61,A73,3,A92,A101,2,A124,25,A143,A152,2,A174,1,A192,A201,2,1,1,90491.0,BRAZIL
A11,12,A32,A46,257.0,A61,A73,4,A93,A101,4,A123,40,A143,A151,1,A172,2,A191,A201,2,1,0,8177.0,BRAZIL
A11,21,A32,A42,1267.0,A61,A74,1,A92,A101,4,A123,26,A143,A151,1,A172,1,A191,A201,1,0,0,42152.0,BRAZIL
A12,15,A31,A40,2520.0,A62,A71,1,A93,A101,2,A122,34,A143,A152,1,A174,2,A192,A201,2,1,0,60841.0,BRAZIL
A14,12,A34,A42,501.0,A61,A72,2,A92,A101,4,A122,22,A143,A151,2,A172,1,A191,A201,1,0,0,9067.0,BRAZIL
A11,45,A32,A43,730.0,A61,A73,4,A93,A101,4,A124,23,A143,A153,1,A173,1,A192,A201,2,1,1,14879.0,BRAZIL
A13,21,A34,A46,874.0,A61,A72,2,A91,A101,1,A123,33,A143,A151,1,A173,1,A191,A201,2,1,1,28731.0,BRAZIL
A12,12,A32,A43,458.0,A61,A74,4,A93,A103,3,A121,29,A143,A152,2,A173,1,A191,A202,1,0,1,16380.0,BRAZIL
A12,15,A34,A43,649.0,A65,A75,4,A93,A103,4,A121,50,A143,A152,2,A173,1,A192,A201,1,0,0,17507.0,BRAZIL
A14,24,A32,A41,1248.0,A62,A74,3,A92,A101,4,A123,23,A143,A152,1,A173,1,A191,A201,1,0,0,29680.0,BRAZIL
A14,36,A32,A41,1959.0,A61,A73,2,A93,A101,2,A124,32,A143,A153,1,A174,1,A192,A201,1,0,0,57859.0,BRAZIL
A12,27,A34,A43,1085.0,A63,A73,4,A93,A101,2,A122,23,A143,A152,2,A172,1,A191,A201,2,1,0,33802.0,BRAZIL
A14,24,A32,A42,361.0,A65,A74,4,A93,A101,2,A123,31,A142,A152,1,A173,1,A192,A201,1,0,0,13982.0,BRAZIL
A12,12,A32,A40,316.0,A62,A72,4,A92,A101,2,A122,23,A141,A152,1,A172,1,A191,A201,2,1,1,11274.0,BRAZIL
A14,12,A34,A43,731.0,A61,A75,2,A93,A101,4,A121,63,A143,A152,2,A172,1,A192,A201,1,0,1,29040.0,BRAZIL
A12,18,A34,A42,570.0,A61,A72,4,A92,A101,1,A122,27,A143,A152,2,A173,1,A191,A201,1,0,0,20720.0,BRAZIL
A14,24,A34,A41,930.0,A61,A74,4,A93,A101,3,A123,35,A143,A152,2,A173,1,A192,A201,1,0,1,20618.0,BRAZIL
A12,12,A34,A40,1013.0,A63,A74,3,A91,A101,3,A123,36,A143,A152,1,A174,1,A192,A201,1,0,1,20903.0,BRAZIL
A12,48,A30,A49,5887.0,A61,A73,2,A93,A101,2,A123,25,A143,A152,1,A173,1,A192,A201,2,1,1,220998.0,BRAZIL
A14,30,A32,A41,1698.0,A65,A74,2,A92,A101,4,A122,24,A142,A151,1,A172,1,A191,A201,1,0,0,42671.0,BRAZIL
A11,60,A33,A49,2415.0,A61,A75,3,A93,A101,4,A124,63,A143,A152,2,A173,1,A192,A201,2,1,0,82124.0,BRAZIL
A14,21,A32,A42,826.0,A61,A75,4,A93,A101,2,A121,50,A143,A152,2,A173,1,A191,A201,1,0,0,32070.0,BRAZIL
A12,6,A32,A43,168.0,A61,A74,3,A94,A103,3,A121,28,A141,A152,1,A172,1,A191,A201,1,1,1,3609.0,BRAZIL
A12,18,A30,A42,1150.0,A61,A73,1,A92,A101,4,A123,33,A141,A152,2,A173,1,A192,A201,1,0,0,26683.0,BRAZIL
A12,21,A32,A49,1233.0,A62,A75,4,A91,A101,2,A123,61,A141,A151,2,A172,1,A191,A201,2,1,1,25462.0,BRAZIL
A11,15,A32,A40,566.0,A61,A73,2,A92,A101,4,A123,28,A143,A151,1,A173,1,A191,A201,1,0,0,22368.0,BRAZIL
A14,12,A34,A49,485.0,A65,A75,4,A93,A101,4,A124,57,A143,A151,1,A172,1,A191,A201,1,0,0,20125.0,BRAZIL
A11,30,A34,A41,2280.0,A62,A74,1,A94,A101,4,A123,24,A143,A151,2,A173,1,A191,A201,1,0,1,73011.0,BRAZIL
A14,24,A34,A43,787.0,A61,A74,4,A94,A103,2,A123,33,A143,A152,2,A173,1,A192,A201,1,0,0,28695.0,BRAZIL
A11,18,A33,A46,3741.0,A65,A73,1,A92,A101,2,A123,23,A143,A151,2,A173,1,A192,A201,1,1,1,106375.0,BRAZIL
A11,24,A30,A42,1442.0,A61,A75,3,A93,A101,4,A124,23,A141,A151,2,A173,2,A191,A201,2,1,0,48824.0,BRAZIL
A12,7,A32,A43,968.0,A61,A73,2,A93,A103,2,A121,35,A143,A152,1,A173,1,A191,A201,1,0,0,30142.0,BRAZIL
A13,24,A34,A43,1406.0,A65,A73,3,A93,A101,2,A123,31,A143,A152,2,A173,1,A192,A201,1,0,0,33202.0,BRAZIL
A14,10,A32,A40,611.0,A62,A73,3,A93,A101,2,A121,35,A143,A151,1,A172,1,A191,A202,1,0,0,14291.0,BRAZIL
A14,60,A34,A40,5018.0,A65,A75,2,A93,A101,4,A124,63,A141,A153,1,A174,1,A192,A201,1,0,1,158163.0,BRAZIL
A11,6,A34,A43,776.0,A61,A74,1,A92,A101,4,A123,31,A143,A152,1,A173,1,A191,A201,1,0,0,30306.0,BRAZIL
A14,22,A32,A40,443.0,A65,A74,4,A92,A101,4,A122,25,A143,A151,1,A173,1,A191,A201,1,0,0,13323.0,BRAZIL
A14,15,A33,A43,647.0,A61,A73,4,A94,A101,3,A121,33,A141,A152,2,A173,1,A191,A201,1,0,0,23342.0,BRAZIL
A13,18,A32,A42,1273.0,A61,A73,2,A93,A101,1,A121,34,A143,A152,1,A172,2,A191,A201,2,1,1,32313.0,BRAZIL
A13,6,A32,A40,299.0,A64,A72,2,A94,A101,2,A121,27,A143,A152,1,A171,1,A191,A202,1,0,0,12353.0,BRAZIL
A14,30,A34,A43,2933.0,A65,A74,2,A93,A101,3,A122,36,A143,A152,2,A173,1,A191,A201,1,0,0,71873.0,BRAZIL
A14,48,A34,A40,3466.0,A63,A73,2,A93,A101,2,A124,44,A141,A153,1,A173,1,A191,A201,2,1,1,120431.0,BRAZIL
A14,9,A32,A42,569.0,A61,A73,4,A92,A101,2,A121,26,A143,A151,1,A173,1,A191,A201,1,0,1,13987.0,BRAZIL
A11,10,A34,A40,425.0,A61,A74,4,A93,A102,3,A122,49,A143,A152,2,A173,1,A192,A201,1,0,0,15979.0,BRAZIL
A11,24,A31,A40,816.0,A62,A74,2,A93,A101,3,A123,32,A141,A152,1,A173,1,A191,A201,1,0,0,35309.0,BRAZIL
A14,18,A33,A43,983.0,A61,A71,2,A94,A101,3,A121,34,A143,A152,2,A173,1,A191,A201,1,0,0,30928.0,BRAZIL
A14,21,A33,A49,1003.0,A63,A72,4,A93,A101,2,A121,41,A141,A152,1,A172,2,A191,A201,2,1,0,29023.0,BRAZIL
A13,12,A32,A43,824.0,A61,A73,2,A92,A101,2,A123,44,A143,A151,1,A172,1,A192,A201,1,0,1,22208.0,BRAZIL
A14,6,A32,A40,1523.0,A61,A73,2,A93,A103,3,A122,26,A143,A151,1,A173,1,A191,A201,1,0,1,44763.0,BRAZIL
A14,6,A32,A40,1379.0,A61,A73,2,A93,A103,3,A122,26,A143,A151,1,A173,1,A191,A201,1,0,0,53849.0,BRAZIL
A12,24,A32,A43,836.0,A61,A75,4,A92,A101,4,A123,20,A143,A152,1,A173,1,A192,A201,1,0,0,29737.0,BRAZIL
A14,24,A32,A43,695.0,A61,A72,4,A92,A101,3,A123,38,A142,A152,1,A173,1,A192,A201,1,0,0,23101.0,BRAZIL
A14,9,A32,A43,510.0,A61,A74,4,A93,A101,2,A123,22,A143,A152,1,A173,1,A191,A201,2,1,0,19158.0,BRAZIL
A11,15,A34,A42,439.0,A61,A73,2,A91,A101,3,A122,25,A143,A152,2,A173,1,A191,A201,1,0,1,10217.0,BRAZIL
A12,36,A32,A40,6529.0,A61,A75,4,A93,A101,2,A124,57,A143,A153,1,A174,1,A192,A201,2,1,0,235143.0,BRAZIL
A11,24,A32,A43,1028.0,A61,A72,4,A92,A101,4,A121,35,A143,A152,1,A173,1,A192,A201,2,1,0,23416.0,BRAZIL
A12,12,A34,A43,1553.0,A61,A73,1,A92,A101,1,A121,23,A143,A152,1,A172,1,A191,A201,1,0,0,54982.0,BRAZIL
A12,27,A33,A41,2043.0,A61,A75,1,A93,A101,2,A123,30,A143,A152,2,A174,1,A192,A201,1,0,1,75419.0,BRAZIL
A13,42,A30,A49,2383.0,A61,A72,2,A91,A101,1,A122,33,A143,A152,2,A173,1,A191,A201,1,0,0,45163.0,BRAZIL
A14,24,A34,A43,1097.0,A61,A75,4,A94,A102,3,A121,46,A143,A152,2,A173,1,A191,A201,1,0,1,39020.0,BRAZIL
A13,24,A32,A43,467.0,A63,A73,3,A92,A101,3,A123,57,A143,A152,1,A172,1,A191,A201,1,0,0,17935.0,BRAZIL
A14,18,A34,A40,359.0,A61,A73,4,A92,A101,3,A121,36,A143,A152,2,A173,1,A191,A201,1,0,0,15149.0,BRAZIL
A14,24,A32,A40,2532.0,A61,A73,1,A93,A101,4,A122,43,A143,A152,1,A172,2,A191,A201,1,0,0,69150.0,BRAZIL
A14,48,A34,A49,3415.0,A65,A75,4,A91,A101,2,A123,46,A141,A152,2,A174,2,A191,A201,1,0,0,153434.0,BRAZIL
A14,36,A32,A46,3440.0,A65,A73,2,A93,A101,4,A124,35,A143,A153,1,A172,2,A192,A201,1,0,0,64539.0,BRAZIL
A11,24,A32,A41,2632.0,A61,A71,4,A93,A101,2,A124,29,A143,A153,1,A174,1,A192,A201,1,0,1,108715.0,BRAZIL
A11,20,A34,A40,927.0,A61,A73,4,A94,A103,2,A122,33,A141,A151,2,A173,1,A191,A202,2,1,1,22481.0,BRAZIL
A11,12,A32,A42,292.0,A61,A75,4,A92,A101,4,A122,24,A143,A151,1,A173,1,A191,A201,1,0,0,9710.0,BRAZIL
A13,18,A32,A40,787.0,A61,A75,3,A92,A101,2,A123,23,A143,A152,1,A174,1,A191,A201,1,0,0,27442.0,BRAZIL
A14,30,A32,A41,2142.0,A65,A74,2,A92,A101,4,A122,24,A142,A151,1,A172,1,A191,A201,1,0,0,57840.0,BRAZIL
A13,12,A33,A40,1022.0,A61,A73,2,A92,A101,2,A123,36,A142,A152,2,A173,1,A192,A201,1,0,1,20945.0,BRAZIL
A11,12,A32,A44,270.0,A62,A71,4,A92,A101,3,A122,22,A143,A152,1,A173,1,A191,A201,2,1,1,8540.0,BRAZIL
A12,15,A31,A40,579.0,A62,A73,2,A94,A101,2,A122,25,A143,A151,1,A173,1,A191,A201,2,1,0,22440.0,BRAZIL
A14,12,A34,A40,565.0,A61,A75,4,A93,A101,4,A121,61,A143,A152,2,A172,1,A191,A201,1,0,0,22282.0,BRAZIL
A12,24,A34,A43,685.0,A61,A75,4,A93,A101,2,A122,48,A143,A152,2,A172,1,A191,A201,1,0,0,17283.0,BRAZIL
A13,30,A33,A49,852.0,A61,A75,4,A93,A101,4,A121,66,A143,A152,1,A174,1,A192,A201,2,1,0,33135.0,BRAZIL
A14,12,A34,A43,1039.0,A65,A75,1,A93,A102,4,A121,49,A143,A152,1,A173,1,A192,A201,1,0,1,29602.0,BRAZIL
A14,12,A32,A43,888.0,A61,A72,2,A92,A101,2,A123,29,A141,A152,1,A173,1,A191,A201,1,0,1,32855.0,BRAZIL
A12,18,A32,A49,1593.0,A61,A75,1,A93,A102,1,A121,33,A141,A152,1,A174,1,A192,A201,1,0,1,72250.0,BRAZIL
A12,30,A34,A40,972.0,A65,A75,4,A93,A101,4,A121,36,A143,A152,2,A173,1,A191,A201,1,0,0,40647.0,BRAZIL
A11,18,A32,A40,516.0,A61,A72,4,A92,A101,3,A123,23,A143,A151,1,A173,1,A192,A201,2,1,0,21570.0,BRAZIL
A14,12,A32,A43,311.0,A61,A73,4,A94,A101,2,A121,28,A143,A152,1,A173,1,A191,A201,1,0,1,12163.0,BRAZIL
A11,42,A32,A43,1470.0,A61,A72,4,A93,A101,3,A123,34,A143,A152,1,A173,1,A191,A201,2,1,0,65476.0,BRAZIL
A14,6,A31,A43,683.0,A63,A75,2,A93,A101,4,A122,45,A141,A152,1,A172,2,A191,A201,1,0,0,29621.0,BRAZIL
A11,11,A34,A40,1648.0,A61,A73,2,A93,A101,2,A121,36,A143,A151,2,A173,2,A191,A201,1,0,1,50170.0,BRAZIL
A13,15,A32,A46,140.0,A61,A72,4,A92,A101,4,A122,23,A143,A151,1,A173,1,A192,A201,1,0,1,5024.0,BRAZIL
A11,15,A34,A42,627.0,A61,A73,4,A92,A101,3,A122,25,A143,A151,2,A173,1,A191,A201,1,0,1,21691.0,BRAZIL
A11,15,A34,A42,406.0,A61,A73,2,A91,A101,3,A122,25,A143,A152,2,A173,1,A191,A201,1,1,1,9155.0,BRAZIL
A14,12,A32,A41,559.0,A64,A74,3,A93,A101,2,A122,55,A143,A152,1,A173,1,A191,A202,1,0,0,22677.0,BRAZIL
A12,48,A32,A410,2361.0,A65,A71,3,A93,A101,4,A124,40,A141,A153,1,A171,1,A192,A201,1,0,1,93564.0,BRAZIL
A14,15,A32,A42,767.0,A63,A73,2,A92,A101,4,A123,20,A143,A151,1,A173,1,A191,A201,1,0,0,25715.0,BRAZIL
A14,4,A34,A43,596.0,A61,A74,2,A93,A101,1,A121,42,A143,A152,2,A172,2,A191,A201,1,0,0,15311.0,BRAZIL
A11,24,A32,A42,1377.0,A61,A72,4,A93,A101,1,A124,22,A141,A153,1,A173,1,A191,A201,1,0,0,28336.0,BRAZIL
A12,24,A32,A42,1234.0,A62,A75,4,A93,A101,4,A124,30,A143,A153,1,A173,1,A191,A201,1,0,0,38997.0,BRAZIL
A11,18,A32,A43,704.0,A65,A74,2,A94,A101,4,A123,23,A143,A151,2,A172,1,A191,A201,1,0,0,15762.0,BRAZIL
A11,24,A31,A42,946.0,A63,A73,4,A93,A101,4,A121,22,A142,A152,1,A173,1,A192,A201,1,0,0,26675.0,BRAZIL
A11,27,A34,A49,986.0,A61,A75,4,A93,A101,4,A123,43,A142,A152,4,A174,2,A192,A201,1,0,1,42148.0,BRAZIL
A12,48,A30,A49,1475.0,A62,A74,4,A93,A101,4,A124,34,A143,A153,1,A172,2,A191,A201,2,1,1,26021.0,BRAZIL
A11,6,A34,A40,297.0,A64,A74,3,A92,A101,4,A121,39,A143,A152,2,A172,1,A192,A201,1,0,0,10830.0,BRAZIL
A12,12,A32,A40,3083.0,A65,A71,1,A92,A101,2,A121,24,A143,A151,1,A171,1,A191,A201,1,0,1,129681.0,BRAZIL
A14,24,A32,A43,1420.0,A61,A72,4,A92,A101,4,A122,26,A143,A152,1,A173,1,A192,A201,1,0,0,53202.0,BRAZIL
A14,15,A34,A43,539.0,A63,A73,2,A94,A101,2,A122,47,A143,A152,2,A172,1,A191,A201,1,0,0,20290.0,BRAZIL
A11,12,A32,A43,451.0,A61,A73,2,A93,A101,2,A121,20,A143,A151,1,A174,2,A192,A201,1,0,0,17022.0,BRAZIL
A14,24,A34,A41,1384.0,A61,A75,4,A92,A101,2,A123,41,A143,A151,2,A174,1,A192,A201,1,0,0,60027.0,BRAZIL
A11,36,A32,A46,703.0,A65,A75,4,A93,A101,4,A124,40,A143,A152,1,A174,1,A192,A201,2,1,1,24425.0,BRAZIL
A12,18,A32,A42,684.0,A65,A72,4,A92,A101,3,A121,27,A143,A151,1,A173,1,A191,A201,2,1,0,20199.0,BRAZIL
A14,24,A33,A49,1569.0,A61,A73,1,A93,A101,2,A124,32,A143,A153,1,A173,1,A191,A201,1,0,0,54495.0,BRAZIL
A13,36,A32,A43,2025.0,A61,A73,4,A93,A101,1,A123,24,A143,A152,1,A173,1,A191,A201,1,1,1,84137.0,BRAZIL
A14,18,A34,A43,740.0,A61,A73,4,A93,A101,2,A123,24,A143,A152,2,A173,1,A191,A201,1,0,0,26216.0,BRAZIL
A13,15,A34,A43,488.0,A65,A73,3,A93,A101,4,A124,39,A143,A153,2,A173,1,A192,A201,2,1,1,19938.0,BRAZIL
A12,48,A30,A49,1733.0,A62,A74,4,A93,A101,4,A124,34,A143,A153,1,A172,2,A191,A201,2,1,0,48482.0,BRAZIL
A14,36,A32,A49,2271.0,A62,A74,2,A93,A101,2,A123,31,A143,A152,2,A173,1,A192,A201,1,0,1,76720.0,BRAZIL
A12,48,A33,A49,2735.0,A65,A73,4,A93,A101,4,A124,38,A143,A153,1,A173,2,A192,A201,1,0,0,113396.0,BRAZIL
A14,15,A33,A42,352.0,A64,A74,3,A92,A101,2,A122,30,A143,A152,2,A173,1,A191,A201,1,0,0,15157.0,BRAZIL
A14,24,A32,A42,357.0,A65,A74,4,A93,A101,2,A123,31,A142,A152,1,A173,1,A192,A201,1,0,0,6867.0,BRAZIL
A14,6,A32,A42,1823.0,A61,A72,1,A92,A101,4,A122,32,A143,A152,1,A173,1,A191,A201,2,1,0,39209.0,BRAZIL
A12,6,A32,A43,171.0,A61,A74,3,A94,A103,3,A121,28,A141,A152,1,A172,1,A191,A201,1,0,1,3476.0,BRAZIL
A14,12,A32,A42,331.0,A61,A73,4,A92,A101,1,A121,26,A143,A152,1,A173,1,A192,A201,1,0,0,12180.0,BRAZIL
A13,9,A30,A43,526.0,A61,A72,4,A93,A101,2,A123,34,A143,A152,2,A174,1,A192,A201,2,1,0,22791.0,BRAZIL
A11,18,A32,A42,1661.0,A61,A72,1,A92,A101,4,A123,22,A143,A151,1,A173,1,A191,A201,1,0,0,43304.0,BRAZIL
A14,24,A32,A41,1226.0,A61,A75,4,A93,A101,4,A123,35,A143,A152,1,A174,1,A192,A201,1,0,0,29205.0,BRAZIL
A11,24,A32,A40,1112.0,A61,A72,4,A92,A101,1,A122,27,A143,A152,1,A173,1,A191,A201,2,1,0,23182.0,BRAZIL
A12,26,A32,A41,2926.0,A61,A72,2,A93,A101,3,A123,30,A143,A152,2,A173,1,A191,A201,1,0,0,61606.0,BRAZIL
A12,24,A32,A43,753.0,A61,A72,1,A94,A101,1,A122,22,A143,A152,1,A173,1,A192,A201,2,1,0,32666.0,BRAZIL
A12,48,A32,A40,3776.0,A65,A74,1,A92,A101,2,A123,24,A143,A152,1,A173,1,A191,A201,1,1,1,162975.0,BRAZIL
A11,42,A32,A43,1396.0,A61,A72,4,A93,A101,3,A123,34,A143,A152,1,A173,1,A191,A201,2,1,0,27597.0,BRAZIL
A12,60,A33,A43,2860.0,A65,A73,1,A93,A101,1,A121,27,A143,A152,1,A172,1,A191,A201,1,0,1,116653.0,BRAZIL
A11,12,A31,A40,247.0,A61,A72,4,A93,A101,2,A123,46,A141,A152,2,A173,1,A192,A201,2,1,1,7769.0,BRAZIL
A12,48,A32,A40,2513.0,A62,A74,3,A93,A101,2,A122,24,A143,A152,1,A173,1,A191,A201,2,1,1,60287.0,BRAZIL
A14,60,A32,A40,4327.0,A61,A75,2,A93,A101,4,A122,42,A143,A152,1,A174,1,A192,A201,1,0,0,170601.0,BRAZIL
A12,24,A32,A42,1401.0,A62,A75,4,A93,A101,4,A124,30,A143,A153,1,A173,1,A191,A201,1,0,0,41120.0,BRAZIL
A12,36,A32,A42,3637.0,A62,A72,4,A93,A102,1,A124,29,A143,A151,1,A174,1,A192,A201,2,1,0,119286.0,BRAZIL
A14,36,A34,A40,3292.0,A61,A73,4,A92,A101,2,A121,25,A142,A152,2,A173,1,A192,A201,2,1,0,114854.0,BRAZIL
A14,6,A34,A40,2311.0,A61,A74,1,A93,A101,3,A124,45,A143,A152,2,A174,2,A192,A201,1,0,0,57144.0,BRAZIL
A14,6,A34,A43,296.0,A65,A75,4,A93,A101,4,A124,36,A143,A153,2,A173,1,A191,A201,1,0,0,7591.0,BRAZIL
A12,24,A32,A41,4186.0,A61,A73,1,A92,A101,4,A123,23,A143,A151,2,A174,1,A191,A201,2,1,1,113368.0,BRAZIL
A14,28,A31,A41,3184.0,A65,A72,3,A93,A103,4,A121,40,A141,A151,2,A173,2,A192,A201,1,0,0,91764.0,BRAZIL
A12,12,A32,A43,651.0,A65,A73,2,A94,A101,1,A121,25,A143,A152,1,A173,1,A192,A201,2,1,1,16702.0,BRAZIL
A14,24,A32,A43,714.0,A61,A74,3,A93,A101,1,A123,32,A141,A152,1,A173,2,A191,A201,1,0,0,31794.0,BRAZIL
A11,42,A32,A43,2645.0,A65,A74,4,A92,A101,3,A123,30,A143,A152,1,A174,1,A192,A201,2,1,0,94224.0,BRAZIL
A12,9,A31,A40,499.0,A62,A74,2,A93,A101,3,A124,29,A143,A152,1,A173,1,A191,A201,2,1,1,12366.0,BRAZIL
A12,72,A32,A43,2227.0,A62,A73,2,A94,A101,2,A123,24,A143,A152,1,A173,1,A191,A201,2,1,0,89061.0,BRAZIL
A11,21,A33,A46,1386.0,A61,A72,2,A93,A101,1,A122,26,A143,A152,2,A173,1,A191,A201,2,1,0,61501.0,BRAZIL
A14,18,A34,A43,2565.0,A61,A75,3,A93,A101,4,A123,33,A143,A152,2,A173,1,A192,A201,1,0,0,52194.0,BRAZIL
A14,9,A32,A40,1330.0,A62,A73,1,A93,A103,2,A121,26,A143,A151,1,A173,2,A191,A202,1,0,0,28578.0,BRAZIL
A12,18,A33,A42,1646.0,A61,A75,4,A91,A101,3,A124,40,A143,A152,1,A174,1,A192,A201,2,1,0,29747.0,BRAZIL
A12,18,A30,A42,1261.0,A61,A73,1,A92,A101,4,A123,33,A141,A152,2,A173,1,A192,A201,1,0,0,44422.0,BRAZIL
A13,10,A34,A43,614.0,A65,A74,4,A93,A101,2,A122,27,A143,A152,2,A173,1,A192,A201,1,0,0,22858.0,BRAZIL
A14,18,A34,A43,1022.0,A61,A73,2,A92,A101,2,A123,26,A143,A152,2,A173,1,A191,A201,1,0,0,29221.0,BRAZIL
A11,6,A32,A42,162.0,A61,A75,2,A92,A101,1,A122,49,A141,A152,1,A173,1,A192,A201,1,0,0,3710.0,BRAZIL
A14,6,A32,A42,1805.0,A61,A72,1,A92,A101,4,A122,32,A143,A152,1,A173,1,A191,A201,2,1,1,66886.0,BRAZIL
A14,24,A33,A49,1487.0,A61,A73,1,A93,A101,2,A124,32,A143,A153,1,A173,1,A191,A201,1,0,0,42172.0,BRAZIL
A14,12,A32,A41,609.0,A64,A74,3,A93,A101,2,A122,55,A143,A152,1,A173,1,A191,A202,1,0,0,26872.0,BRAZIL
A14,15,A32,A40,1461.0,A64,A74,2,A92,A101,3,A123,20,A143,A151,1,A173,1,A191,A201,1,0,0,60021.0,BRAZIL
A14,12,A32,A40,1026.0,A65,A75,4,A93,A101,3,A123,50,A143,A152,1,A173,1,A192,A201,1,0,1,26716.0,BRAZIL
A13,18,A32,A42,1176.0,A61,A73,2,A93,A101,1,A121,34,A143,A152,1,A172,2,A191,A201,2,1,0,30468.0,BRAZIL
A12,48,A30,A40,3345.0,A63,A72,1,A92,A101,1,A123,30,A143,A152,2,A173,1,A191,A201,1,0,0,129013.0,BRAZIL
A14,10,A34,A42,972.0,A61,A72,1,A92,A101,3,A121,23,A143,A151,2,A173,1,A191,A201,1,1,1,35050.0,BRAZIL
A14,24,A32,A42,1223.0,A63,A75,3,A93,A101,4,A122,53,A143,A152,1,A173,1,A191,A201,1,0,1,32510.0,BRAZIL
A13,18,A32,A43,764.0,A61,A73,4,A93,A102,2,A121,37,A142,A152,1,A173,1,A191,A201,2,1,0,24029.0,BRAZIL
A11,12,A30,A43,2169.0,A61,A73,4,A93,A101,2,A122,28,A143,A151,2,A173,1,A192,A201,2,1,0,82478.0,BRAZIL
A11,24,A32,A42,1477.0,A61,A75,4,A93,A101,2,A122,39,A143,A151,1,A174,1,A192,A201,2,1,0,64403.0,BRAZIL
A12,12,A32,A40,3282.0,A65,A71,1,A92,A101,2,A121,24,A143,A151,1,A171,1,A191,A201,1,0,0,134195.0,BRAZIL
A11,42,A34,A45,1274.0,A61,A71,4,A93,A102,4,A123,65,A143,A152,2,A171,1,A191,A201,1,0,0,30092.0,BRAZIL
A14,24,A32,A41,2201.0,A65,A71,2,A92,A101,4,A122,26,A143,A151,1,A174,1,A192,A201,1,0,0,49910.0,BRAZIL
A11,12,A32,A48,393.0,A61,A74,4,A94,A101,4,A122,21,A143,A151,1,A173,1,A191,A201,2,1,0,6968.0,BRAZIL
A11,12,A32,A42,241.0,A61,A75,4,A92,A101,4,A122,24,A143,A151,1,A173,1,A191,A201,1,0,0,5327.0,BRAZIL
A14,48,A32,A49,1709.0,A65,A73,4,A91,A101,2,A121,38,A141,A152,1,A173,1,A191,A201,2,1,1,56896.0,BRAZIL
A11,18,A32,A42,1043.0,A61,A73,2,A93,A101,2,A123,22,A143,A152,1,A173,1,A191,A201,2,1,0,35273.0,BRAZIL
A12,30,A32,A42,1429.0,A61,A72,2,A94,A101,1,A122,22,A143,A152,1,A173,1,A191,A201,1,0,0,25625.0,BRAZIL
A11,60,A33,A49,2397.0,A61,A75,3,A93,A101,4,A124,63,A143,A152,2,A173,1,A192,A201,2,1,1,96498.0,BRAZIL
A11,15,A32,A40,782.0,A61,A72,2,A93,A101,3,A121,36,A143,A152,1,A173,1,A191,A201,1,0,0,30107.0,BRAZIL
A14,18,A32,A40,623.0,A61,A73,2,A94,A101,2,A122,30,A143,A152,1,A174,1,A192,A201,1,0,1,26824.0,BRAZIL
A14,12,A34,A42,699.0,A64,A74,3,A92,A101,2,A122,35,A143,A152,1,A173,1,A191,A202,1,0,0,14812.0,BRAZIL
A12,18,A32,A41,1161.0,A61,A73,1,A94,A101,3,A123,21,A143,A151,1,A173,1,A192,A201,1,0,1,32356.0,BRAZIL
A14,24,A34,A410,2631.0,A61,A71,4,A93,A102,2,A124,27,A141,A152,2,A174,1,A192,A201,1,1,1,84309.0,BRAZIL
A12,36,A33,A40,3344.0,A61,A73,2,A92,A101,2,A122,54,A143,A151,1,A173,1,A191,A201,1,0,0,121938.0,BRAZIL
A14,15,A32,A43,1275.0,A61,A75,4,A92,A101,2,A123,54,A141,A151,1,A174,1,A192,A201,1,0,0,43284.0,BRAZIL
A14,12,A34,A40,576.0,A61,A75,4,A93,A101,4,A121,61,A143,A152,2,A172,1,A191,A201,1,0,1,19721.0,BRAZIL
A14,60,A34,A40,5408.0,A65,A75,2,A93,A101,4,A124,63,A141,A153,1,A174,1,A192,A201,1,0,0,187749.0,BRAZIL
A12,9,A32,A40,106.0,A61,A73,4,A94,A101,4,A121,22,A143,A151,1,A172,1,A191,A201,1,0,0,2456.0,BRAZIL
A13,15,A34,A43,447.0,A65,A73,3,A93,A101,4,A124,39,A143,A153,2,A173,1,A192,A201,2,1,0,9940.0,BRAZIL
A11,6,A32,A43,1029.0,A63,A73,2,A93,A101,3,A121,44,A143,A151,1,A173,2,A191,A201,1,0,0,37906.0,BRAZIL
A14,21,A32,A40,1068.0,A63,A74,1,A92,A101,2,A123,31,A141,A152,1,A174,1,A191,A201,1,0,0,29926.0,BRAZIL
A14,15,A32,A43,562.0,A65,A73,4,A94,A101,2,A121,40,A143,A151,1,A173,1,A192,A201,1,0,1,17038.0,BRAZIL
A11,60,A33,A49,2350.0,A61,A75,3,A93,A101,4,A124,63,A143,A152,2,A173,1,A192,A201,2,1,0,102350.0,BRAZIL
A14,10,A32,A40,582.0,A65,A75,4,A93,A102,2,A122,45,A143,A152,1,A172,1,A191,A202,1,0,0,20002.0,BRAZIL
A11,24,A32,A40,336.0,A65,A75,4,A92,A101,2,A123,29,A141,A152,1,A173,1,A191,A201,2,1,0,7587.0,BRAZIL
A11,24,A32,A42,1208.0,A61,A73,2,A91,A101,2,A121,24,A143,A151,1,A172,1,A191,A201,1,0,1,38578.0,BRAZIL
A11,24,A32,A41,1087.0,A65,A75,4,A93,A101,4,A124,49,A141,A153,1,A173,2,A192,A201,1,0,0,38639.0,BRAZIL
A11,15,A34,A42,677.0,A61,A75,4,A93,A101,4,A123,44,A143,A152,2,A173,2,A192,A201,1,0,1,12653.0,BRAZIL
A11,36,A31,A42,1199.0,A61,A75,4,A93,A101,4,A123,31,A141,A152,1,A173,1,A191,A201,2,1,0,22339.0,BRAZIL
A14,36,A32,A41,1821.0,A61,A73,2,A93,A101,2,A124,32,A143,A153,1,A174,1,A192,A201,1,0,1,45930.0,BRAZIL
A11,36,A32,A42,1660.0,A61,A73,1,A93,A103,2,A122,37,A143,A152,1,A173,2,A191,A201,1,0,0,38918.0,BRAZIL
A11,6,A32,A42,148.0,A61,A75,2,A92,A101,1,A122,49,A141,A152,1,A173,1,A192,A201,1,1,1,6459.0,BRAZIL
A11,6,A34,A40,542.0,A61,A72,2,A93,A101,4,A121,40,A143,A152,1,A172,2,A191,A202,1,0,0,12557.0,BRAZIL
A14,12,A32,A43,635.0,A61,A72,4,A92,A101,3,A123,34,A143,A152,1,A173,2,A191,A201,1,0,1,21798.0,BRAZIL
A14,12,A34,A43,557.0,A65,A75,4,A92,A101,2,A121,38,A143,A152,2,A173,1,A192,A201,1,0,0,23625.0,BRAZIL
A14,18,A33,A49,875.0,A61,A73,4,A94,A101,2,A123,28,A143,A152,1,A173,1,A192,A201,2,1,1,35283.0,BRAZIL
A14,24,A34,A42,869.0,A61,A74,2,A93,A101,2,A122,30,A143,A152,2,A172,1,A191,A201,1,0,0,17065.0,BRAZIL
A14,36,A32,A49,2661.0,A65,A75,3,A93,A101,2,A122,37,A143,A152,2,A173,1,A191,A201,1,0,0,106191.0,BRAZIL
A12,36,A32,A40,6003.0,A61,A75,4,A93,A101,2,A124,57,A143,A153,1,A174,1,A192,A201,2,1,0,162169.0,BRAZIL
A14,24,A34,A41,1417.0,A61,A75,4,A92,A101,2,A123,41,A143,A151,2,A174,1,A192,A201,1,0,1,48882.0,BRAZIL
A14,36,A33,A49,3451.0,A61,A72,1,A91,A101,1,A123,28,A143,A152,2,A173,1,A191,A201,2,1,0,109430.0,BRAZIL
A12,6,A32,A40,5934.0,A65,A71,1,A93,A101,2,A122,23,A143,A152,1,A171,1,A192,A201,2,1,0,127335.0,BRAZIL
A12,11,A34,A40,584.0,A64,A73,4,A92,A101,4,A123,40,A143,A152,2,A173,1,A191,A201,1,0,1,22043.0,BRAZIL
A14,24,A34,A41,1453.0,A65,A74,3,A93,A101,4,A122,43,A143,A152,2,A173,1,A192,A201,1,0,0,34680.0,BRAZIL
A11,36,A32,A42,1613.0,A61,A73,1,A93,A103,2,A122,37,A143,A152,1,A173,2,A191,A201,1,0,0,51482.0,BRAZIL
A14,15,A34,A43,627.0,A61,A75,4,A93,A101,4,A123,46,A143,A152,2,A173,1,A192,A201,1,0,1,22176.0,BRAZIL
A11,6,A32,A40,225.0,A61,A72,3,A93,A101,4,A121,41,A143,A152,1,A172,2,A192,A201,1,0,0,6298.0,BRAZIL
A14,24,A34,A40,882.0,A64,A75,4,A93,A101,4,A121,60,A143,A152,1,A173,1,A192,A201,1,0,0,22903.0,BRAZIL
A14,18,A32,A40,2692.0,A65,A73,2,A93,A101,4,A123,68,A143,A151,2,A173,1,A191,A201,2,1,0,98157.0,BRAZIL
A12,48,A30,A49,5921.0,A61,A73,2,A93,A101,2,A123,25,A143,A152,1,A173,1,A192,A201,2,1,1,133589.0,BRAZIL
A12,48,A31,A40,4601.0,A65,A71,4,A93,A102,4,A124,36,A143,A153,1,A174,1,A192,A201,1,0,0,117549.0,BRAZIL
A14,36,A34,A42,2827.0,A61,A72,2,A92,A101,4,A122,23,A143,A151,2,A173,1,A192,A201,2,1,0,49549.0,BRAZIL
A14,24,A34,A40,439.0,A64,A75,4,A92,A101,4,A121,37,A143,A152,2,A173,1,A192,A201,1,0,1,17167.0,BRAZIL
A14,18,A32,A42,631.0,A61,A72,4,A94,A102,1,A122,43,A143,A152,1,A172,2,A191,A201,2,1,0,14537.0,BRAZIL
A14,18,A32,A42,618.0,A61,A72,4,A94,A102,1,A122,43,A143,A152,1,A172,2,A191,A201,2,1,0,17801.0,BRAZIL
A11,24,A32,A43,826.0,A61,A72,4,A91,A101,3,A122,32,A143,A152,1,A173,1,A191,A201,2,1,0,20893.0,BRAZIL
A11,12,A32,A40,447.0,A61,A73,4,A94,A101,3,A121,27,A143,A152,1,A172,1,A191,A201,1,0,0,10374.0,BRAZIL
A11,12,A31,A40,268.0,A61,A72,4,A93,A101,2,A123,46,A141,A152,2,A173,1,A192,A201,2,1,0,9850.0,BRAZIL
A12,9,A32,A46,420.0,A61,A74,4,A92,A101,4,A122,67,A143,A152,2,A174,1,A192,A201,1,0,1,7363.0,BRAZIL
A11,15,A34,A42,620.0,A61,A73,4,A92,A101,3,A122,25,A143,A151,2,A173,1,A191,A201,1,1,1,12795.0,BRAZIL
A12,36,A33,A40,3306.0,A61,A73,2,A92,A101,2,A122,54,A143,A151,1,A173,1,A191,A201,1,0,0,96894.0,BRAZIL
A11,18,A32,A43,798.0,A61,A73,4,A92,A101,4,A123,25,A141,A151,2,A173,1,A191,A201,2,1,0,29420.0,BRAZIL
A14,42,A32,A43,2859.0,A65,A74,2,A94,A101,4,A122,29,A143,A151,1,A173,1,A192,A201,1,0,0,115391.0,BRAZIL
A11,48,A32,A49,1727.0,A61,A72,3,A92,A101,4,A122,24,A143,A151,1,A173,1,A191,A201,2,1,0,63912.0,BRAZIL
A14,30,A34,A43,1034.0,A61,A73,4,A92,A101,2,A123,33,A143,A152,1,A173,1,A192,A201,1,0,0,26529.0,BRAZIL
A12,60,A32,A46,2517.0,A61,A73,4,A93,A101,4,A124,42,A143,A153,1,A173,1,A191,A201,2,1,0,52369.0,BRAZIL
A12,48,A30,A49,1318.0,A62,A74,4,A93,A101,4,A124,34,A143,A153,1,A172,2,A191,A201,2,1,0,51922.0,BRAZIL
A14,12,A32,A43,786.0,A62,A73,4,A92,A102,2,A121,28,A143,A152,1,A173,1,A191,A201,1,0,1,28131.0,BRAZIL
A14,24,A32,A43,607.0,A61,A72,4,A92,A101,3,A123,38,A142,A152,1,A173,1,A192,A201,1,0,1,13837.0,BRAZIL
A13,12,A31,A43,140.0,A64,A73,3,A92,A101,3,A121,42,A143,A151,2,A173,1,A191,A201,1,0,0,6290.0,BRAZIL
A11,24,A32,A43,1099.0,A61,A72,4,A92,A101,4,A121,35,A143,A152,1,A173,1,A192,A201,2,1,0,37976.0,BRAZIL
A14,10,A34,A42,771.0,A65,A73,2,A94,A101,1,A123,26,A143,A152,2,A173,1,A191,A202,1,0,0,27763.0,BRAZIL
A13,12,A32,A43,505.0,A61,A73,3,A94,A101,4,A121,23,A143,A151,1,A173,1,A191,A201,1,0,1,11871.0,BRAZIL
A11,18,A32,A40,502.0,A61,A72,4,A92,A101,3,A123,23,A143,A151,1,A173,1,A192,A201,2,1,0,21794.0,BRAZIL
A11,9,A32,A40,275.0,A61,A73,4,A93,A101,3,A123,28,A143,A152,1,A172,1,A191,A201,2,1,0,8961.0,BRAZIL
A13,6,A33,A43,255.0,A61,A72,2,A92,A101,1,A122,29,A141,A152,1,A173,1,A191,A201,1,0,0,8740.0,BRAZIL
A14,12,A34,A49,830.0,A61,A71,4,A93,A101,2,A123,42,A142,A152,2,A174,1,A192,A201,2,1,0,24324.0,BRAZIL
A12,12,A34,A40,1136.0,A61,A72,1,A93,A101,3,A121,49,A141,A152,2,A172,2,A191,A201,1,0,0,48379.0,BRAZIL
A14,24,A34,A45,2044.0,A61,A75,3,A93,A101,4,A124,44,A143,A153,2,A173,1,A191,A201,1,0,0,68137.0,BRAZIL
A14,21,A33,A49,1097.0,A63,A72,4,A93,A101,2,A121,41,A141,A152,1,A172,2,A191,A201,2,1,0,30691.0,BRAZIL
A11,48,A30,A41,1998.0,A61,A75,3,A93,A101,4,A124,24,A143,A153,2,A173,2,A191,A201,2,1,0,57058.0,BRAZIL
A12,12,A32,A43,469.0,A61,A74,4,A93,A103,3,A121,29,A143,A152,2,A173,1,A191,A202,1,0,0,20804.0,BRAZIL
A14,6,A32,A42,1200.0,A63,A73,1,A93,A101,2,A123,32,A143,A152,1,A173,1,A192,A201,1,0,0,45862.0,BRAZIL
A11,6,A34,A40,1988.0,A65,A72,1,A93,A101,3,A121,44,A143,A152,2,A172,2,A191,A201,1,0,1,64908.0,BRAZIL
A12,12,A32,A49,367.0,A62,A74,3,A93,A101,4,A121,39,A143,A152,1,A172,1,A191,A201,1,0,0,14722.0,BRAZIL
A13,6,A34,A40,545.0,A61,A73,1,A93,A101,1,A121,74,A143,A152,3,A171,2,A191,A202,1,0,1,12886.0,BRAZIL
A14,10,A32,A46,276.0,A63,A75,4,A93,A101,4,A124,46,A143,A153,1,A173,1,A192,A201,1,0,0,7920.0,BRAZIL
A12,27,A32,A49,1682.0,A61,A73,4,A93,A101,2,A123,36,A143,A152,1,A173,2,A192,A201,2,1,0,50088.0,BRAZIL
A12,15,A32,A40,1116.0,A62,A73,2,A92,A101,4,A123,28,A143,A151,2,A173,1,A192,A201,2,1,1,37507.0,BRAZIL
A11,30,A34,A41,4398.0,A61,A75,3,A93,A101,4,A124,38,A143,A153,3,A174,2,A192,A201,1,0,0,81063.0,BRAZIL
A14,12,A32,A40,842.0,A61,A75,4,A93,A101,4,A123,39,A143,A152,1,A174,1,A192,A201,1,0,0,24700.0,BRAZIL
A14,6,A34,A43,601.0,A61,A73,1,A92,A101,1,A123,28,A143,A152,2,A173,1,A192,A201,1,0,1,18184.0,BRAZIL
A14,24,A32,A40,480.0,A61,A73,2,A93,A103,2,A121,31,A143,A152,1,A173,1,A192,A201,1,0,0,16064.0,BRAZIL
A14,12,A32,A43,310.0,A61,A73,4,A93,A101,2,A121,30,A141,A152,2,A173,1,A191,A201,1,0,1,11125.0,BRAZIL
A13,24,A32,A43,1950.0,A61,A74,4,A93,A101,2,A123,25,A141,A152,1,A173,1,A191,A201,1,0,0,76047.0,BRAZIL
A11,18,A32,A42,860.0,A61,A73,2,A93,A101,2,A123,22,A143,A152,1,A173,1,A191,A201,2,1,0,28714.0,BRAZIL
A12,21,A33,A40,1018.0,A61,A73,1,A91,A101,4,A122,47,A143,A152,2,A173,1,A191,A201,1,0,0,22761.0,BRAZIL
A12,24,A32,A40,1209.0,A61,A73,3,A92,A101,4,A122,20,A143,A151,1,A172,1,A192,A201,2,1,1,26853.0,BRAZIL
A12,36,A32,A42,4069.0,A62,A72,4,A93,A102,1,A124,29,A143,A151,1,A174,1,A192,A201,2,1,0,78061.0,BRAZIL
A14,11,A32,A49,983.0,A64,A75,1,A91,A101,2,A121,28,A143,A152,1,A173,1,A192,A201,1,0,0,31384.0,BRAZIL
A14,24,A32,A41,1206.0,A62,A74,3,A92,A101,4,A123,23,A143,A152,1,A173,1,A191,A201,1,0,1,34136.0,BRAZIL
A14,36,A32,A43,1467.0,A65,A75,2,A92,A101,4,A121,45,A143,A152,1,A172,1,A192,A201,1,0,0,36038.0,BRAZIL
A11,15,A33,A42,1273.0,A61,A75,1,A92,A101,4,A122,27,A143,A152,2,A172,1,A191,A201,1,0,0,27370.0,BRAZIL
A12,21,A33,A40,976.0,A61,A73,1,A91,A101,4,A122,47,A143,A152,2,A173,1,A191,A201,1,0,0,43683.0,BRAZIL
A14,36,A32,A42,1356.0,A61,A73,4,A92,A101,2,A123,28,A143,A152,1,A174,1,A192,A201,2,1,1,53649.0,BRAZIL
A11,9,A32,A42,952.0,A61,A73,3,A93,A101,2,A121,25,A143,A152,1,A173,1,A191,A201,1,0,1,32935.0,BRAZIL
A11,12,A32,A42,551.0,A61,A73,4,A93,A103,1,A122,21,A143,A152,1,A172,1,A191,A201,1,0,0,11087.0,BRAZIL
A11,12,A32,A40,390.0,A65,A73,4,A94,A101,2,A123,23,A143,A152,1,A173,1,A191,A201,2,1,0,12584.0,BRAZIL
A11,48,A32,A40,3347.0,A61,A75,4,A93,A101,4,A124,42,A141,A153,1,A174,1,A191,A201,2,1,0,119699.0,BRAZIL
A14,12,A34,A42,492.0,A61,A72,2,A92,A101,4,A122,22,A143,A151,2,A172,1,A191,A201,1,0,0,10772.0,BRAZIL
A14,9,A32,A43,1100.0,A61,A73,1,A93,A101,2,A121,32,A143,A152,1,A173,2,A191,A201,1,0,1,22616.0,BRAZIL
A11,30,A34,A41,2795.0,A62,A74,1,A94,A101,4,A123,24,A143,A151,2,A173,1,A191,A201,1,0,0,105636.0,BRAZIL
A14,9,A34,A46,442.0,A65,A75,4,A92,A101,4,A122,41,A143,A151,2,A172,1,A191,A201,1,0,1,9677.0,BRAZIL
A14,24,A32,A43,603.0,A61,A72,4,A92,A101,3,A123,38,A142,A152,1,A173,1,A192,A201,1,0,1,17512.0,BRAZIL
A11,27,A32,A43,1334.0,A61,A73,3,A93,A101,2,A123,27,A143,A152,1,A174,1,A191,A201,1,0,0,43423.0,BRAZIL
A14,30,A34,A41,3223.0,A65,A75,1,A93,A101,4,A123,63,A143,A152,2,A173,1,A191,A201,1,0,0,123197.0,BRAZIL
A13,6,A33,A43,297.0,A61,A72,2,A92,A101,1,A122,29,A141,A152,1,A173,1,A191,A201,1,0,0,13415.0,BRAZIL
A12,20,A33,A410,1163.0,A61,A73,2,A93,A101,3,A123,29,A141,A152,2,A173,1,A192,A201,1,0,0,46031.0,BRAZIL
A11,24,A33,A43,462.0,A61,A72,4,A94,A101,4,A121,48,A142,A152,1,A173,1,A191,A201,2,1,1,20598.0,BRAZIL
A14,12,A32,A43,728.0,A61,A74,4,A93,A101,2,A123,31,A143,A151,2,A174,2,A192,A201,1,0,0,31738.0,BRAZIL
A14,24,A34,A40,1008.0,A62,A74,4,A94,A101,3,A122,27,A143,A152,2,A173,1,A192,A201,1,0,0,35533.0,BRAZIL
A14,10,A32,A41,1071.0,A62,A73,1,A93,A102,2,A121,32,A143,A152,1,A173,2,A191,A201,1,0,0,46319.0,BRAZIL
A11,18,A32,A42,1484.0,A61,A73,2,A93,A102,3,A123,42,A143,A152,1,A173,1,A191,A201,2,1,1,31705.0,BRAZIL
A12,12,A32,A43,462.0,A61,A75,3,A94,A103,3,A121,40,A141,A152,2,A172,1,A191,A201,1,0,0,19920.0,BRAZIL
A12,12,A32,A40,376.0,A61,A75,4,A93,A101,4,A123,41,A141,A152,1,A172,2,A191,A201,2,1,0,8898.0,BRAZIL
A12,20,A30,A41,2713.0,A62,A75,3,A94,A101,4,A123,31,A141,A152,2,A173,1,A192,A201,1,0,0,102430.0,BRAZIL
A14,24,A32,A41,948.0,A64,A73,2,A92,A101,4,A123,28,A143,A151,1,A173,1,A192,A201,1,0,0,26303.0,BRAZIL
A14,12,A32,A40,859.0,A65,A75,4,A93,A101,3,A123,50,A143,A152,1,A173,1,A192,A201,1,0,1,17494.0,BRAZIL
A11,6,A32,A40,233.0,A61,A72,3,A93,A101,4,A121,41,A143,A152,1,A172,2,A192,A201,1,0,0,10290.0,BRAZIL
A12,6,A32,A43,933.0,A61,A72,4,A94,A101,3,A123,30,A143,A151,1,A174,1,A192,A201,1,0,1,40894.0,BRAZIL
A14,15,A34,A46,702.0,A62,A73,4,A92,A101,3,A123,31,A143,A152,1,A173,1,A191,A201,1,0,0,20846.0,BRAZIL
A14,24,A32,A43,1533.0,A63,A75,3,A93,A101,2,A123,31,A143,A152,1,A173,2,A192,A201,1,0,1,60133.0,BRAZIL
A12,48,A32,A42,3840.0,A61,A72,1,A92,A101,2,A123,26,A143,A152,1,A173,1,A192,A201,2,1,0,126401.0,BRAZIL
A12,12,A32,A43,525.0,A63,A73,3,A91,A101,1,A123,26,A143,A152,1,A173,1,A192,A201,1,0,1,12397.0,BRAZIL
A14,11,A32,A49,982.0,A64,A75,1,A91,A101,2,A121,28,A143,A152,1,A173,1,A192,A201,1,0,0,24757.0,BRAZIL
A14,24,A34,A41,2524.0,A65,A73,2,A93,A101,4,A122,46,A143,A152,2,A174,2,A192,A201,1,0,1,54043.0,BRAZIL
A14,10,A32,A43,774.0,A61,A73,1,A93,A101,4,A122,38,A143,A152,1,A173,1,A192,A202,1,0,1,25112.0,BRAZIL
A14,60,A34,A40,5915.0,A65,A75,2,A93,A101,4,A124,63,A141,A153,1,A174,1,A192,A201,1,0,0,131378.0,BRAZIL
A14,60,A33,A43,5438.0,A61,A74,2,A93,A101,4,A123,21,A143,A152,2,A173,1,A192,A201,1,0,0,225771.0,BRAZIL
A14,42,A34,A42,1637.0,A63,A73,4,A93,A101,4,A121,36,A143,A152,2,A173,1,A192,A201,1,0,1,66553.0,BRAZIL
A14,42,A32,A43,2882.0,A65,A74,2,A94,A101,4,A122,29,A143,A151,1,A173,1,A192,A201,1,0,1,82392.0,BRAZIL
A12,6,A33,A49,630.0,A62,A75,1,A91,A101,2,A123,31,A141,A152,2,A173,2,A191,A201,1,0,0,25295.0,BRAZIL
A14,12,A34,A49,543.0,A65,A75,4,A93,A101,4,A124,57,A143,A151,1,A172,1,A191,A201,1,0,0,12393.0,BRAZIL
A12,18,A32,A40,2695.0,A62,A73,2,A93,A101,2,A123,30,A143,A152,2,A173,1,A192,A201,1,0,0,121936.0,BRAZIL
A14,12,A32,A40,519.0,A63,A73,2,A92,A101,2,A122,26,A143,A152,1,A173,1,A191,A201,2,1,0,13351.0,BRAZIL
A12,36,A32,A41,3188.0,A61,A73,2,A93,A101,2,A123,35,A143,A151,1,A174,1,A192,A201,1,0,0,70910.0,BRAZIL
A12,15,A30,A40,729.0,A61,A72,2,A92,A101,1,A121,26,A143,A151,2,A171,1,A191,A201,2,1,1,14530.0,BRAZIL
A14,24,A32,A49,1995.0,A64,A73,2,A93,A101,3,A122,54,A143,A152,3,A174,1,A192,A201,2,1,0,78977.0,BRAZIL
A14,15,A32,A41,1399.0,A62,A72,1,A92,A101,4,A123,23,A143,A152,1,A173,1,A192,A201,1,0,0,57329.0,BRAZIL
A14,9,A32,A46,1745.0,A65,A75,1,A93,A101,4,A121,64,A143,A152,1,A172,1,A191,A201,1,0,0,40028.0,BRAZIL
A12,36,A32,A43,966.0,A62,A73,4,A92,A102,4,A124,50,A143,A153,1,A173,1,A191,A201,2,1,0,36088.0,BRAZIL
A11,18,A32,A42,1084.0,A61,A73,2,A93,A101,2,A123,22,A143,A152,1,A173,1,A191,A201,2,1,0,19327.0,BRAZIL
A12,12,A34,A40,1277.0,A61,A72,1,A93,A101,3,A121,49,A141,A152,2,A172,2,A191,A201,1,0,1,40803.0,BRAZIL
A14,24,A32,A43,960.0,A63,A75,3,A93,A101,2,A123,35,A141,A152,2,A173,1,A192,A201,2,1,0,20308.0,BRAZIL
A12,36,A33,A40,1180.0,A62,A75,4,A93,A101,3,A124,30,A143,A153,1,A173,1,A191,A201,1,0,0,23141.0,BRAZIL
A14,36,A32,A41,3103.0,A61,A73,1,A92,A101,2,A122,30,A141,A152,1,A173,1,A191,A201,1,0,0,66926.0,BRAZIL
A14,24,A34,A42,895.0,A61,A74,2,A93,A101,2,A122,30,A143,A152,2,A172,1,A191,A201,1,0,0,18884.0,BRAZIL
A14,18,A32,A42,731.0,A61,A73,4,A93,A101,4,A124,47,A141,A153,2,A173,1,A191,A201,1,0,0,30663.0,BRAZIL
A12,18,A34,A42,2401.0,A61,A75,2,A93,A101,1,A124,41,A143,A152,1,A173,1,A192,A201,1,0,1,66684.0,BRAZIL
A12,18,A34,A43,714.0,A61,A75,3,A92,A103,4,A121,48,A141,A151,2,A172,1,A192,A201,1,0,0,12634.0,BRAZIL
A11,18,A32,A42,729.0,A61,A73,1,A92,A101,4,A121,20,A141,A151,1,A173,1,A191,A201,2,1,1,27020.0,BRAZIL
A14,18,A32,A42,683.0,A61,A72,4,A94,A102,1,A122,43,A143,A152,1,A172,2,A191,A201,2,1,0,21923.0,BRAZIL
A14,36,A34,A41,1969.0,A64,A75,4,A93,A101,2,A123,38,A143,A152,2,A174,1,A192,A201,1,0,0,38172.0,BRAZIL
A11,6,A32,A42,191.0,A61,A75,2,A92,A101,1,A122,49,A141,A152,1,A173,1,A192,A201,1,0,0,4560.0,BRAZIL
A14,24,A32,A43,656.0,A62,A73,4,A93,A101,4,A123,29,A143,A151,1,A174,1,A192,A201,1,0,1,22626.0,BRAZIL
A11,18,A31,A42,556.0,A61,A73,4,A93,A101,3,A123,44,A141,A152,1,A173,1,A191,A201,2,1,0,20813.0,BRAZIL
A12,18,A34,A49,1562.0,A61,A71,3,A94,A101,3,A123,40,A143,A152,3,A171,2,A192,A201,1,0,0,51015.0,BRAZIL
A14,15,A34,A42,1288.0,A61,A73,4,A93,A101,2,A124,28,A143,A153,1,A173,1,A192,A201,1,0,0,31058.0,BRAZIL
A14,24,A32,A49,428.0,A61,A74,4,A93,A101,1,A121,25,A143,A152,1,A173,1,A192,A201,1,0,0,16771.0,BRAZIL
A14,12,A32,A41,622.0,A64,A74,3,A93,A101,2,A122,55,A143,A152,1,A173,1,A191,A202,1,0,0,24146.0,BRAZIL
A14,24,A32,A43,541.0,A61,A75,4,A93,A101,1,A121,36,A143,A152,1,A174,1,A192,A201,1,0,0,13622.0,BRAZIL
A14,18,A34,A40,370.0,A61,A73,4,A92,A101,3,A121,36,A143,A152,2,A173,1,A191,A201,1,0,0,9318.0,BRAZIL
A11,12,A30,A40,372.0,A61,A73,4,A93,A101,4,A123,48,A141,A152,2,A173,1,A191,A201,2,1,0,13885.0,BRAZIL
A14,18,A32,A40,738.0,A61,A73,2,A94,A101,2,A122,30,A143,A152,1,A174,1,A192,A201,1,0,1,26864.0,BRAZIL
A14,9,A32,A49,623.0,A61,A74,3,A92,A101,2,A123,27,A143,A152,2,A173,1,A191,A201,1,0,0,27944.0,BRAZIL
A12,36,A33,A49,4156.0,A62,A74,1,A93,A101,3,A122,31,A143,A152,2,A172,2,A192,A201,1,0,1,171241.0,BRAZIL
A14,24,A32,A41,1197.0,A61,A72,4,A92,A101,1,A124,29,A143,A152,1,A174,1,A192,A201,1,0,0,30631.0,BRAZIL
A12,12,A34,A40,342.0,A61,A74,2,A93,A101,3,A121,47,A143,A152,2,A172,2,A191,A201,1,1,1,6636.0,BRAZIL
A14,24,A34,A43,2112.0,A61,A72,3,A94,A101,3,A124,47,A143,A153,3,A173,1,A192,A201,1,0,0,52146.0,BRAZIL
A14,15,A34,A43,592.0,A63,A73,2,A94,A101,2,A122,47,A143,A152,2,A172,1,A191,A201,1,0,0,16227.0,BRAZIL
A14,12,A34,A42,730.0,A61,A75,4,A93,A101,4,A121,43,A143,A152,3,A173,1,A192,A201,1,0,1,33095.0,BRAZIL
A14,24,A31,A49,659.0,A61,A74,4,A93,A101,4,A123,50,A141,A152,1,A173,1,A192,A201,1,0,1,26779.0,BRAZIL
A14,30,A34,A43,2154.0,A61,A74,4,A92,A101,2,A123,25,A143,A152,2,A173,1,A191,A201,1,1,1,46267.0,BRAZIL
A11,24,A33,A43,360.0,A61,A72,4,A94,A101,4,A121,48,A142,A152,1,A173,1,A191,A201,2,1,0,15576.0,BRAZIL
A14,24,A34,A40,863.0,A64,A75,4,A93,A101,4,A121,60,A143,A152,1,A173,1,A192,A201,1,0,1,27265.0,BRAZIL
A14,36,A32,A46,3164.0,A65,A73,2,A93,A101,4,A124,35,A143,A153,1,A172,2,A192,A201,1,0,0,133818.0,BRAZIL
A12,12,A32,A43,499.0,A63,A73,3,A91,A101,1,A123,26,A143,A152,1,A173,1,A192,A201,1,0,0,15313.0,BRAZIL
A14,36,A34,A40,3258.0,A61,A73,4,A92,A101,2,A121,25,A142,A152,2,A173,1,A192,A201,2,1,0,72731.0,BRAZIL
A13,24,A34,A49,585.0,A64,A73,2,A91,A101,4,A121,36,A143,A152,2,A173,1,A192,A201,1,0,0,20338.0,BRAZIL
A12,30,A30,A49,1525.0,A62,A73,4,A92,A101,4,A123,26,A143,A151,2,A172,1,A191,A201,2,1,1,30046.0,BRAZIL
A14,10,A32,A41,1030.0,A65,A72,1,A92,A101,4,A121,31,A143,A151,1,A173,1,A191,A201,1,0,1,45921.0,BRAZIL
A14,24,A32,A41,3147.0,A61,A74,3,A93,A101,3,A123,38,A143,A152,1,A174,1,A192,A201,1,0,1,68889.0,BRAZIL
A11,36,A32,A41,3574.0,A61,A73,2,A93,A101,2,A122,26,A143,A152,1,A173,2,A191,A201,2,1,0,114711.0,BRAZIL
A12,12,A32,A43,499.0,A61,A73,4,A92,A103,4,A121,49,A143,A152,2,A173,1,A192,A201,1,0,0,20696.0,BRAZIL
A14,6,A32,A43,703.0,A61,A74,3,A93,A101,2,A122,51,A143,A152,1,A173,2,A191,A201,1,0,0,29021.0,BRAZIL
A14,21,A34,A42,841.0,A61,A72,4,A92,A101,4,A122,23,A143,A152,1,A173,1,A192,A201,1,1,1,35121.0,BRAZIL
A11,21,A34,A40,622.0,A61,A75,4,A94,A101,3,A123,30,A143,A152,2,A173,1,A192,A201,1,0,0,25631.0,BRAZIL
A14,18,A34,A46,742.0,A62,A73,4,A92,A101,2,A121,30,A143,A152,2,A173,1,A191,A201,2,1,0,21220.0,BRAZIL
A14,24,A34,A41,2402.0,A65,A73,2,A93,A101,4,A122,46,A143,A152,2,A174,2,A192,A201,1,0,0,84887.0,BRAZIL
A12,21,A34,A42,953.0,A64,A74,3,A93,A101,2,A123,32,A143,A152,2,A173,1,A192,A201,1,0,1,30426.0,BRAZIL
A11,12,A34,A41,647.0,A61,A75,4,A93,A101,4,A124,66,A143,A153,2,A174,1,A191,A201,1,0,0,18522.0,BRAZIL
A14,39,A32,A41,3509.0,A62,A75,4,A93,A101,2,A123,45,A143,A152,1,A174,1,A192,A201,1,0,0,85098.0,BRAZIL
A12,12,A34,A42,1474.0,A61,A75,1,A93,A101,4,A123,28,A143,A151,3,A173,1,A192,A201,1,0,1,29850.0,BRAZIL
A14,10,A32,A46,333.0,A63,A75,4,A93,A101,4,A124,46,A143,A153,1,A173,1,A192,A201,1,0,1,12041.0,BRAZIL
A14,12,A34,A43,315.0,A65,A75,4,A92,A101,3,A122,33,A141,A152,1,A172,2,A191,A201,2,1,0,9358.0,BRAZIL
A12,24,A32,A41,4224.0,A61,A73,1,A92,A101,4,A123,23,A143,A151,2,A174,1,A191,A201,2,1,1,97778.0,BRAZIL
A11,10,A32,A43,1065.0,A61,A75,3,A93,A101,4,A121,52,A143,A152,1,A172,1,A191,A201,1,0,0,28745.0,BRAZIL
A12,6,A33,A40,525.0,A61,A71,4,A93,A101,4,A122,47,A143,A152,1,A174,1,A192,A201,2,1,0,17157.0,BRAZIL
A14,6,A33,A49,720.0,A62,A73,1,A93,A101,2,A121,34,A143,A152,2,A172,1,A191,A201,1,0,0,30625.0,BRAZIL
A12,48,A30,A40,3740.0,A63,A72,1,A92,A101,1,A123,30,A143,A152,2,A173,1,A191,A201,1,0,0,76890.0,BRAZIL
A12,11,A33,A43,1813.0,A61,A74,2,A93,A101,4,A122,51,A143,A152,1,A173,1,A191,A201,1,0,0,44776.0,BRAZIL
A11,15,A34,A42,337.0,A61,A73,2,A91,A101,3,A122,25,A143,A152,2,A173,1,A191,A201,1,0,0,6549.0,BRAZIL
A11,18,A30,A42,1295.0,A61,A72,1,A92,A101,4,A122,26,A143,A151,1,A173,1,A191,A201,2,1,1,36421.0,BRAZIL
A14,24,A33,A40,268.0,A65,A75,4,A94,A101,4,A123,54,A143,A152,2,A173,1,A192,A201,1,0,0,5593.0,BRAZIL
A13,6,A33,A43,263.0,A61,A72,2,A92,A101,1,A122,29,A141,A152,1,A173,1,A191,A201,1,0,0,4803.0,BRAZIL
A12,42,A34,A49,2239.0,A61,A74,2,A92,A101,1,A121,41,A141,A152,2,A172,1,A191,A201,1,0,0,73304.0,BRAZIL
A11,12,A32,A42,584.0,A61,A73,2,A92,A101,4,A123,20,A143,A151,1,A173,1,A191,A201,2,1,0,25336.0,BRAZIL
A12,6,A34,A48,411.0,A65,A74,1,A92,A101,3,A122,39,A143,A152,2,A172,1,A191,A201,1,0,0,7888.0,BRAZIL
A12,12,A32,A43,419.0,A61,A74,4,A93,A103,3,A121,29,A143,A152,2,A173,1,A191,A202,1,0,0,15512.0,BRAZIL
A14,9,A34,A40,441.0,A61,A73,3,A93,A101,1,A121,30,A143,A152,2,A173,1,A191,A201,1,0,1,12051.0,BRAZIL
A11,30,A30,A42,2075.0,A61,A73,2,A91,A103,2,A121,32,A143,A152,2,A173,1,A191,A201,1,0,0,55422.0,BRAZIL
A11,18,A34,A40,1540.0,A61,A75,1,A92,A101,4,A121,33,A141,A151,3,A173,1,A192,A201,2,1,0,53801.0,BRAZIL
A12,15,A34,A49,936.0,A63,A73,2,A93,A101,4,A123,27,A141,A152,1,A173,1,A191,A201,1,0,0,35811.0,BRAZIL
A12,36,A32,A46,4991.0,A62,A73,1,A93,A101,4,A124,47,A143,A153,1,A173,2,A192,A201,2,1,1,224766.0,BRAZIL
A12,12,A32,A45,251.0,A61,A73,4,A93,A101,2,A123,30,A143,A152,1,A173,1,A191,A201,2,1,1,9950.0,BRAZIL
A14,12,A32,A42,425.0,A63,A73,4,A92,A101,4,A123,29,A143,A151,1,A172,1,A191,A201,2,1,0,7773.0,BRAZIL
A14,12,A32,A42,605.0,A61,A73,3,A93,A101,2,A121,24,A143,A151,1,A172,1,A191,A201,1,0,0,12568.0,BRAZIL
A14,6,A32,A43,181.0,A61,A73,3,A92,A101,1,A121,29,A143,A152,1,A173,1,A191,A201,1,0,0,5376.0,BRAZIL
A12,6,A31,A40,323.0,A62,A72,1,A92,A101,1,A122,32,A142,A152,1,A172,1,A191,A201,2,1,0,11067.0,BRAZIL
A14,12,A30,A42,1248.0,A61,A75,2,A93,A101,4,A122,34,A143,A152,2,A173,1,A191,A201,1,0,1,40771.0,BRAZIL
A11,33,A34,A42,1799.0,A63,A73,1,A92,A101,4,A123,23,A143,A152,2,A173,1,A191,A201,2,1,0,45410.0,BRAZIL
A14,12,A34,A46,1217.0,A61,A75,2,A92,A101,4,A124,57,A141,A153,3,A172,1,A191,A201,1,0,1,25567.0,BRAZIL
A11,18,A32,A43,736.0,A61,A73,4,A92,A101,4,A123,25,A141,A151,2,A173,1,A191,A201,2,1,0,26345.0,BRAZIL
A12,7,A32,A43,1037.0,A61,A73,3,A93,A103,2,A121,34,A143,A152,1,A173,1,A191,A201,1,0,0,39329.0,BRAZIL
A11,10,A32,A43,1030.0,A61,A75,3,A93,A101,4,A121,52,A143,A152,1,A172,1,A191,A201,1,0,0,45823.0,BRAZIL
A11,12,A32,A43,396.0,A61,A73,2,A93,A101,2,A121,20,A143,A151,1,A174,2,A192,A201,1,0,0,14010.0,BRAZIL
A11,24,A32,A49,2696.0,A61,A73,2,A94,A101,2,A123,21,A142,A152,1,A172,1,A191,A201,1,0,0,88386.0,BRAZIL
A14,11,A34,A40,2780.0,A61,A73,1,A93,A101,4,A122,39,A143,A152,2,A172,1,A191,A201,1,0,1,84814.0,BRAZIL
A11,24,A32,A42,1259.0,A61,A75,4,A93,A101,2,A122,39,A143,A151,1,A174,1,A192,A201,2,1,0,42146.0,BRAZIL
A12,48,A33,A46,2155.0,A61,A75,4,A93,A101,4,A124,50,A143,A153,1,A173,1,A191,A201,2,1,0,83792.0,BRAZIL
A11,18,A32,A42,1190.0,A64,A73,4,A93,A101,2,A123,28,A143,A152,1,A173,1,A191,A201,1,0,1,33205.0,BRAZIL
A14,15,A32,A43,424.0,A63,A75,4,A93,A101,3,A122,47,A142,A152,1,A173,1,A192,A201,1,0,1,9696.0,BRAZIL
A14,12,A32,A41,1089.0,A65,A72,2,A94,A101,4,A123,26,A143,A151,1,A173,1,A192,A201,1,0,0,38588.0,BRAZIL
A12,39,A34,A43,1954.0,A61,A74,2,A93,A103,2,A121,25,A143,A152,2,A173,1,A191,A201,2,1,0,56000.0,BRAZIL
A12,12,A32,A43,453.0,A61,A75,3,A94,A103,3,A121,40,A141,A152,2,A172,1,A191,A201,1,0,1,13318.0,BRAZIL
A11,60,A33,A49,2551.0,A61,A75,3,A93,A101,4,A124,63,A143,A152,2,A173,1,A192,A201,2,1,0,101963.0,BRAZIL
A11,36,A32,A410,5584.0,A61,A71,2,A91,A102,3,A123,43,A143,A152,1,A174,1,A191,A201,1,0,0,202907.0,BRAZIL
A14,6,A31,A43,717.0,A63,A75,2,A93,A101,4,A122,45,A141,A152,1,A172,2,A191,A201,1,1,1,15784.0,BRAZIL
A14,24,A34,A43,957.0,A62,A75,4,A93,A101,4,A122,52,A141,A152,2,A173,1,A191,A201,1,0,1,42849.0,BRAZIL
A14,36,A33,A41,3742.0,A65,A74,3,A93,A101,2,A123,31,A142,A152,1,A174,2,A192,A201,1,0,0,141822.0,BRAZIL
A14,12,A34,A42,2398.0,A65,A75,2,A93,A101,4,A122,49,A143,A151,1,A173,1,A192,A201,1,0,0,82111.0,BRAZIL
A11,30,A32,A43,1066.0,A61,A75,1,A93,A103,3,A122,39,A143,A152,1,A173,2,A191,A201,1,0,0,29281.0,BRAZIL
A14,12,A33,A45,671.0,A64,A75,4,A93,A101,4,A124,55,A143,A153,2,A173,2,A191,A201,2,1,0,13159.0,BRAZIL
A14,24,A34,A43,895.0,A65,A75,4,A93,A101,4,A122,53,A143,A152,2,A173,1,A191,A201,1,0,0,28880.0,BRAZIL
A13,12,A34,A40,514.0,A63,A71,2,A93,A101,4,A124,66,A141,A153,3,A171,1,A191,A201,1,0,0,21855.0,BRAZIL
A14,27,A34,A42,1558.0,A64,A72,4,A93,A101,2,A121,32,A142,A152,2,A172,2,A192,A201,1,0,1,45903.0,BRAZIL
A11,12,A34,A41,631.0,A61,A75,4,A93,A101,4,A124,66,A143,A153,2,A174,1,A191,A201,1,1,1,21320.0,BRAZIL
A14,6,A34,A43,566.0,A61,A73,1,A92,A101,1,A123,28,A143,A152,2,A173,1,A192,A201,1,0,0,25708.0,BRAZIL
A14,15,A34,A43,558.0,A61,A73,4,A93,A101,4,A124,35,A143,A153,2,A173,1,A192,A201,1,0,0,19959.0,BRAZIL
A14,18,A32,A43,651.0,A61,A73,4,A93,A101,2,A124,32,A143,A153,1,A174,1,A192,A201,1,0,0,26305.0,BRAZIL
A14,9,A34,A40,901.0,A61,A73,4,A93,A101,4,A123,48,A143,A152,3,A173,1,A192,A201,1,0,0,32513.0,BRAZIL
A12,36,A33,A40,793.0,A61,A75,4,A93,A101,4,A124,57,A141,A153,2,A173,1,A192,A201,2,1,0,28488.0,BRAZIL
A14,24,A34,A46,628.0,A61,A75,4,A93,A101,4,A124,54,A143,A153,2,A173,2,A191,A201,1,0,1,25247.0,BRAZIL
A13,24,A32,A42,1193.0,A61,A75,3,A91,A101,4,A124,51,A143,A153,1,A173,1,A191,A201,1,0,0,41805.0,BRAZIL
A14,18,A32,A40,795.0,A61,A73,2,A94,A101,2,A122,30,A143,A152,1,A174,1,A192,A201,1,0,1,27947.0,BRAZIL
A11,24,A32,A43,821.0,A61,A71,4,A93,A101,2,A123,30,A142,A152,1,A174,2,A191,A201,2,1,1,19916.0,BRAZIL
A12,12,A32,A40,247.0,A61,A74,2,A94,A101,3,A123,25,A141,A152,1,A172,1,A191,A201,2,1,1,7064.0,BRAZIL
A11,24,A32,A42,3304.0,A65,A72,1,A92,A101,2,A122,30,A143,A152,1,A173,1,A192,A202,1,0,0,135895.0,BRAZIL
A14,24,A32,A40,671.0,A62,A75,4,A94,A101,4,A121,41,A143,A151,1,A172,1,A191,A201,1,0,1,26090.0,BRAZIL
A11,12,A30,A40,392.0,A61,A73,4,A93,A101,4,A123,48,A141,A152,2,A173,1,A191,A201,2,1,0,15296.0,BRAZIL
A14,12,A33,A45,633.0,A64,A75,4,A93,A101,4,A124,55,A143,A153,2,A173,2,A191,A201,2,1,0,25073.0,BRAZIL
A14,12,A34,A46,254.0,A61,A73,4,A93,A101,2,A123,32,A143,A152,2,A173,1,A191,A201,1,0,1,11404.0,BRAZIL
A11,36,A32,A410,6515.0,A61,A71,2,A91,A102,3,A123,43,A143,A152,1,A174,1,A191,A201,1,0,1,284017.0,BRAZIL
A11,36,A32,A40,3809.0,A61,A74,2,A93,A101,1,A123,24,A143,A152,1,A173,1,A192,A201,2,1,0,155562.0,BRAZIL
A11,18,A30,A42,1388.0,A61,A72,1,A92,A101,4,A122,26,A143,A151,1,A173,1,A191,A201,2,1,1,37164.0,BRAZIL
A11,36,A32,A43,877.0,A61,A73,4,A91,A101,4,A123,31,A143,A151,1,A173,1,A191,A201,2,1,0,36756.0,BRAZIL
A12,48,A30,A49,1572.0,A62,A74,4,A93,A101,4,A124,34,A143,A153,1,A172,2,A191,A201,2,1,0,32783.0,BRAZIL
A11,6,A34,A42,1440.0,A61,A73,1,A91,A101,4,A121,44,A143,A151,1,A174,1,A192,A201,2,1,1,41045.0,BRAZIL
A14,18,A34,A41,1287.0,A65,A71,2,A93,A101,4,A124,38,A143,A152,1,A174,1,A192,A201,1,0,1,41363.0,BRAZIL
A11,18,A32,A40,432.0,A61,A72,4,A92,A101,3,A123,23,A143,A151,1,A173,1,A192,A201,2,1,1,11585.0,BRAZIL
A11,24,A32,A43,780.0,A61,A73,2,A93,A101,4,A121,21,A143,A151,1,A172,2,A191,A201,2,1,0,21494.0,BRAZIL
A11,36,A34,A42,1920.0,A61,A73,3,A93,A103,2,A122,28,A143,A152,2,A173,1,A191,A201,1,0,0,82279.0,BRAZIL
A14,24,A34,A41,2401.0,A64,A73,4,A93,A101,2,A121,27,A143,A152,2,A173,1,A191,A201,1,0,0,96157.0,BRAZIL
A13,24,A32,A42,800.0,A61,A73,2,A93,A101,2,A121,26,A143,A152,1,A173,1,A191,A201,1,0,1,30305.0,BRAZIL
A12,6,A31,A46,174.0,A64,A72,4,A92,A101,2,A122,24,A141,A151,1,A173,2,A191,A201,2,1,0,6854.0,BRAZIL
A14,24,A32,A43,533.0,A61,A73,4,A94,A101,2,A122,28,A143,A152,1,A173,1,A191,A201,1,0,1,14851.0,BRAZIL
A14,15,A34,A42,1298.0,A61,A73,4,A93,A101,2,A124,28,A143,A153,1,A173,1,A192,A201,1,0,0,39704.0,BRAZIL
A14,24,A32,A43,1258.0,A63,A75,3,A91,A101,2,A123,26,A143,A152,1,A174,1,A192,A201,1,0,1,38302.0,BRAZIL
A11,6,A32,A44,151.0,A61,A72,4,A92,A101,1,A121,27,A143,A152,1,A173,1,A191,A201,1,0,1,5956.0,BRAZIL
A13,6,A34,A40,616.0,A61,A75,1,A93,A101,4,A121,46,A143,A152,2,A173,2,A191,A202,1,0,1,21184.0,BRAZIL
A14,24,A32,A43,1353.0,A63,A75,3,A91,A101,2,A123,26,A143,A152,1,A174,1,A192,A201,1,0,0,32055.0,BRAZIL
A12,18,A34,A42,828.0,A61,A72,2,A93,A101,2,A121,31,A143,A152,2,A172,1,A191,A201,2,1,0,30456.0,BRAZIL
A14,18,A34,A41,1268.0,A65,A71,2,A93,A101,4,A124,38,A143,A152,1,A174,1,A192,A201,1,0,1,52196.0,BRAZIL
A14,24,A32,A41,945.0,A61,A75,4,A93,A101,4,A123,35,A143,A152,1,A174,1,A192,A201,1,0,1,31309.0,BRAZIL
A14,24,A34,A43,952.0,A65,A75,4,A93,A101,4,A122,53,A143,A152,2,A173,1,A191,A201,1,0,1,20735.0,BRAZIL
A14,12,A32,A43,1049.0,A64,A74,2,A91,A101,4,A121,61,A143,A152,1,A172,1,A191,A201,1,0,0,24918.0,BRAZIL
A11,48,A32,A43,3021.0,A61,A73,3,A92,A101,2,A123,31,A143,A152,1,A173,1,A192,A201,2,1,0,58437.0,BRAZIL
A12,20,A30,A41,2759.0,A62,A75,3,A94,A101,4,A123,31,A141,A152,2,A173,1,A192,A201,1,0,0,58930.0,BRAZIL
A14,24,A32,A41,1270.0,A62,A74,3,A92,A101,4,A123,23,A143,A152,1,A173,1,A191,A201,1,0,0,26554.0,BRAZIL
A11,24,A32,A42,1481.0,A61,A72,4,A92,A101,4,A121,23,A143,A151,1,A172,1,A192,A201,2,1,1,34957.0,BRAZIL
A12,30,A32,A40,768.0,A61,A73,4,A92,A103,2,A124,24,A141,A152,1,A173,1,A191,A201,2,1,0,16043.0,BRAZIL
A14,12,A32,A46,289.0,A61,A75,4,A93,A101,4,A123,41,A141,A152,1,A172,2,A191,A201,2,1,1,12521.0,BRAZIL
A11,36,A32,A46,783.0,A65,A75,4,A93,A101,4,A124,40,A143,A152,1,A174,1,A192,A201,2,1,0,27251.0,BRAZIL
A14,12,A32,A42,276.0,A61,A73,4,A92,A101,1,A121,26,A143,A152,1,A173,1,A192,A201,1,0,1,7975.0,BRAZIL
A13,4,A32,A40,521.0,A65,A72,1,A93,A101,2,A121,29,A143,A152,1,A172,2,A191,A202,1,0,1,12486.0,BRAZIL
A12,18,A32,A43,1269.0,A63,A72,1,A94,A101,3,A121,25,A143,A151,1,A173,1,A191,A201,1,0,0,34529.0,BRAZIL
A12,48,A32,A40,2248.0,A62,A74,3,A93,A101,2,A122,24,A143,A152,1,A173,1,A191,A201,2,1,1,98714.0,BRAZIL
A14,24,A32,A41,1463.0,A62,A74,3,A92,A101,4,A123,23,A143,A152,1,A173,1,A191,A201,1,0,0,31421.0,BRAZIL
A14,21,A33,A49,1110.0,A63,A72,4,A93,A101,2,A121,41,A141,A152,1,A172,2,A191,A201,2,1,1,24430.0,BRAZIL
A14,30,A31,A41,3220.0,A65,A71,4,A92,A101,1,A121,53,A141,A152,1,A174,1,A192,A201,2,1,0,130809.0,BRAZIL
A14,24,A32,A43,1437.0,A63,A75,3,A91,A101,2,A123,26,A143,A152,1,A174,1,A192,A201,1,0,0,34191.0,BRAZIL
A12,11,A34,A40,482.0,A64,A73,4,A92,A101,4,A123,40,A143,A152,2,A173,1,A191,A201,1,0,0,17779.0,BRAZIL
A11,48,A30,A41,1741.0,A61,A75,3,A93,A101,4,A124,24,A143,A153,2,A173,2,A191,A201,2,1,0,73930.0,BRAZIL
A12,36,A33,A49,3762.0,A62,A74,1,A93,A101,3,A122,31,A143,A152,2,A172,2,A192,A201,1,0,0,86820.0,BRAZIL
A12,24,A32,A42,1640.0,A65,A73,1,A92,A101,4,A122,48,A143,A152,1,A172,1,A192,A201,1,0,0,30424.0,BRAZIL
A12,30,A32,A42,1257.0,A62,A73,2,A92,A102,4,A123,21,A143,A151,1,A173,1,A191,A201,2,1,1,53817.0,BRAZIL
A12,30,A32,A40,808.0,A61,A73,4,A92,A103,2,A124,24,A141,A152,1,A173,1,A191,A201,2,1,1,18339.0,BRAZIL
A14,18,A32,A43,925.0,A61,A72,4,A93,A101,1,A121,33,A143,A152,1,A173,1,A191,A201,1,0,1,25703.0,BRAZIL
A14,10,A32,A40,468.0,A65,A73,4,A93,A103,4,A122,27,A143,A152,1,A172,1,A191,A201,2,1,1,12942.0,BRAZIL
A11,15,A34,A42,522.0,A61,A73,4,A92,A101,3,A122,25,A143,A151,2,A173,1,A191,A201,1,0,0,21214.0,BRAZIL
A12,12,A32,A40,2244.0,A61,A74,2,A93,A101,2,A123,32,A143,A152,1,A173,1,A191,A201,1,0,0,67662.0,BRAZIL
A14,6,A34,A43,468.0,A62,A73,1,A92,A101,1,A122,27,A143,A152,2,A173,1,A191,A201,1,0,0,19824.0,BRAZIL
A11,6,A34,A43,150.0,A63,A75,4,A93,A101,4,A123,52,A143,A152,2,A173,1,A191,A201,1,0,1,6651.0,BRAZIL
A11,24,A31,A42,2544.0,A61,A72,2,A91,A101,1,A122,55,A141,A152,1,A173,1,A192,A201,2,1,1,107395.0,BRAZIL
A14,60,A32,A43,4645.0,A62,A74,2,A92,A101,4,A121,21,A143,A152,1,A173,1,A192,A201,1,0,0,173212.0,BRAZIL
A14,24,A33,A41,1842.0,A61,A74,3,A93,A101,3,A123,35,A143,A152,2,A172,1,A192,A201,1,0,0,74071.0,BRAZIL
A14,24,A34,A43,1177.0,A62,A75,3,A93,A101,4,A121,36,A143,A152,1,A173,2,A192,A201,1,0,0,32675.0,BRAZIL
A11,6,A32,A40,524.0,A65,A71,4,A92,A101,3,A122,75,A143,A152,1,A174,1,A192,A201,1,0,1,10928.0,BRAZIL
A13,12,A32,A43,1328.0,A61,A73,3,A94,A101,1,A123,24,A143,A152,1,A173,1,A191,A201,1,0,0,37144.0,BRAZIL
A11,6,A34,A40,1315.0,A61,A73,1,A93,A101,3,A121,37,A143,A151,3,A173,2,A191,A201,1,0,1,45349.0,BRAZIL
A12,26,A32,A41,3140.0,A61,A72,2,A93,A101,3,A123,30,A143,A152,2,A173,1,A191,A201,1,0,0,126795.0,BRAZIL
A12,30,A33,A43,825.0,A62,A72,4,A93,A101,3,A124,30,A142,A152,2,A174,1,A191,A201,2,1,0,14914.0,BRAZIL
A12,48,A30,A410,7866.0,A61,A73,1,A92,A101,2,A122,32,A141,A152,1,A174,1,A192,A202,2,1,0,150216.0,BRAZIL
A14,24,A32,A40,1702.0,A61,A75,4,A92,A102,4,A124,62,A143,A153,1,A173,1,A192,A201,1,0,0,60660.0,BRAZIL
A14,36,A34,A40,3046.0,A61,A73,4,A92,A101,2,A121,25,A142,A152,2,A173,1,A192,A201,2,1,1,78663.0,BRAZIL
A13,21,A34,A46,1052.0,A61,A72,2,A91,A101,1,A123,33,A143,A151,1,A173,1,A191,A201,2,1,0,28713.0,BRAZIL
A12,24,A33,A43,582.0,A62,A74,3,A92,A101,2,A122,23,A143,A151,2,A173,1,A192,A201,1,0,1,15692.0,BRAZIL
A14,12,A32,A42,478.0,A63,A73,4,A92,A101,4,A123,29,A143,A151,1,A172,1,A191,A201,2,1,0,11006.0,BRAZIL
A12,9,A32,A43,403.0,A61,A75,4,A93,A101,4,A123,27,A143,A152,2,A172,1,A191,A201,1,0,1,14173.0,BRAZIL
A11,9,A32,A40,588.0,A61,A72,3,A93,A101,2,A124,27,A143,A153,1,A174,1,A192,A201,2,1,1,22928.0,BRAZIL
A11,24,A32,A42,1403.0,A61,A72,4,A93,A101,1,A124,22,A141,A153,1,A173,1,A191,A201,1,0,1,63022.0,BRAZIL
A13,10,A32,A40,1386.0,A61,A72,1,A93,A103,1,A122,37,A143,A152,1,A172,2,A191,A201,1,0,0,25304.0,BRAZIL
A12,21,A32,A49,1156.0,A62,A75,4,A91,A101,2,A123,61,A141,A151,2,A172,1,A191,A201,2,1,0,38159.0,BRAZIL
A13,18,A32,A42,1095.0,A61,A72,1,A92,A101,1,A122,45,A142,A152,1,A172,1,A191,A201,1,0,0,32113.0,BRAZIL
A14,12,A34,A42,628.0,A64,A74,3,A92,A101,2,A122,35,A143,A152,1,A173,1,A191,A202,1,0,1,17061.0,BRAZIL
A11,6,A34,A42,688.0,A61,A71,4,A93,A101,4,A124,36,A143,A153,3,A174,1,A192,A201,1,0,0,18842.0,BRAZIL
A14,12,A34,A43,696.0,A65,A75,4,A92,A101,2,A121,38,A143,A152,2,A173,1,A192,A201,1,0,0,27213.0,CHINA
A14,36,A34,A41,5146.0,A65,A75,2,A93,A101,4,A124,42,A143,A153,2,A173,1,A191,A201,1,0,0,240298.0,CHINA
A14,24,A32,A40,691.0,A64,A74,4,A92,A101,3,A123,34,A143,A152,1,A173,2,A192,A201,1,0,0,15971.0,CHINA
A14,10,A34,A40,560.0,A61,A75,3,A93,A101,4,A121,32,A143,A152,2,A172,2,A191,A202,1,0,1,29062.0,CHINA
A14,12,A32,A40,928.0,A65,A75,4,A92,A101,4,A124,52,A143,A153,1,A174,1,A192,A201,1,0,0,33296.0,CHINA
A12,15,A32,A45,1317.0,A62,A73,3,A92,A101,2,A121,25,A143,A152,1,A172,1,A191,A201,1,0,0,73993.0,CHINA
A11,9,A32,A43,718.0,A61,A74,3,A93,A101,4,A121,59,A143,A152,1,A173,1,A191,A201,1,0,1,32934.0,CHINA
A12,12,A34,A41,907.0,A62,A72,3,A93,A101,4,A122,44,A143,A152,1,A173,1,A191,A201,1,0,0,35690.0,CHINA
A11,36,A34,A42,3424.0,A61,A72,4,A92,A102,4,A124,23,A143,A151,2,A172,1,A192,A201,2,1,0,139562.0,CHINA
A13,9,A30,A43,621.0,A61,A72,4,A93,A101,2,A123,34,A143,A152,2,A174,1,A192,A201,2,1,1,34003.0,CHINA
A11,24,A32,A40,723.0,A65,A73,4,A92,A101,4,A121,25,A143,A151,1,A173,1,A191,A201,2,0,0,19861.0,CHINA
A14,7,A34,A43,385.0,A65,A75,4,A93,A101,2,A122,46,A143,A151,2,A172,1,A192,A201,1,0,0,17144.0,CHINA
A14,60,A32,A40,2846.0,A65,A73,4,A93,A101,4,A124,34,A143,A153,1,A173,2,A192,A201,1,0,0,105490.0,CHINA
A14,36,A34,A40,3598.0,A61,A73,4,A92,A101,2,A121,25,A142,A152,2,A173,1,A192,A201,2,1,0,163497.0,CHINA
A11,8,A34,A40,420.0,A61,A75,4,A93,A101,4,A121,47,A143,A152,2,A172,1,A191,A201,1,0,0,17994.0,CHINA
A13,6,A33,A43,350.0,A61,A72,2,A92,A101,1,A122,29,A141,A152,1,A173,1,A191,A201,1,0,0,10373.0,CHINA
A12,24,A33,A43,3394.0,A61,A72,1,A93,A101,2,A123,33,A143,A152,1,A173,1,A191,A201,1,0,0,156766.0,CHINA
A14,36,A32,A40,1415.0,A65,A73,4,A93,A101,4,A121,36,A143,A152,1,A173,1,A191,A201,1,0,0,33378.0,CHINA
A12,27,A30,A49,4335.0,A61,A75,2,A92,A101,4,A124,42,A143,A153,2,A174,1,A192,A201,2,1,0,201596.0,CHINA
A14,27,A32,A45,2688.0,A65,A75,4,A93,A101,4,A122,48,A143,A152,4,A173,2,A192,A201,1,0,1,143625.0,CHINA
A12,36,A32,A46,6705.0,A62,A73,1,A93,A101,4,A124,47,A143,A153,1,A173,2,A192,A201,2,1,0,357713.0,CHINA
A14,6,A34,A40,205.0,A62,A73,4,A92,A101,4,A123,52,A143,A152,2,A172,1,A191,A201,1,0,1,5993.0,CHINA
A14,18,A32,A42,708.0,A61,A72,4,A94,A102,1,A122,43,A143,A152,1,A172,2,A191,A201,2,1,0,40168.0,CHINA
A14,12,A32,A40,1192.0,A65,A75,4,A92,A101,4,A124,52,A143,A153,1,A174,1,A192,A201,1,0,1,30706.0,CHINA
A14,12,A32,A43,1043.0,A65,A73,4,A93,A101,4,A124,37,A143,A153,1,A173,1,A192,A201,1,0,0,56095.0,CHINA
A12,18,A32,A43,744.0,A61,A75,4,A94,A103,2,A121,32,A143,A152,1,A172,1,A191,A201,1,0,0,18830.0,CHINA
A11,13,A34,A49,1026.0,A61,A72,3,A93,A101,1,A122,28,A141,A152,2,A172,1,A191,A201,1,0,0,40585.0,CHINA
A11,24,A32,A43,1037.0,A61,A72,4,A91,A101,3,A122,32,A143,A152,1,A173,1,A191,A201,2,1,0,37939.0,CHINA
A12,24,A33,A43,751.0,A62,A74,3,A92,A101,2,A122,23,A143,A151,2,A173,1,A192,A201,1,0,0,22985.0,CHINA
A11,24,A32,A41,1582.0,A65,A75,4,A93,A101,4,A124,49,A141,A153,1,A173,2,A192,A201,1,0,0,61251.0,CHINA
A12,42,A34,A49,3370.0,A61,A74,2,A92,A101,1,A121,41,A141,A152,2,A172,1,A191,A201,1,0,0,154098.0,CHINA
A12,8,A32,A43,420.0,A61,A74,4,A92,A103,2,A121,44,A143,A152,1,A172,1,A191,A201,1,0,0,13782.0,CHINA
A11,20,A34,A42,1993.0,A61,A75,1,A92,A101,4,A122,24,A143,A152,2,A173,1,A191,A201,1,0,0,83175.0,CHINA
A14,6,A34,A43,829.0,A61,A75,2,A94,A101,2,A121,30,A143,A151,2,A173,1,A191,A201,1,0,0,31335.0,CHINA
A12,36,A34,A40,1226.0,A61,A72,4,A91,A101,4,A123,27,A143,A152,2,A173,1,A191,A201,2,1,0,69755.0,CHINA
A11,6,A32,A42,226.0,A61,A75,2,A92,A101,1,A122,49,A141,A152,1,A173,1,A192,A201,1,0,0,7443.0,CHINA
A14,24,A33,A49,1650.0,A65,A73,4,A93,A101,4,A121,32,A143,A152,2,A173,2,A192,A201,1,0,0,57719.0,CHINA
A14,12,A32,A41,629.0,A64,A74,3,A93,A101,2,A122,55,A143,A152,1,A173,1,A191,A202,1,0,0,23960.0,CHINA
A11,24,A33,A40,2536.0,A61,A73,3,A93,A101,4,A124,53,A143,A153,2,A173,2,A191,A201,2,1,0,124587.0,CHINA
A12,10,A32,A40,3487.0,A61,A71,2,A93,A101,4,A124,70,A141,A153,1,A174,1,A192,A201,1,0,0,186833.0,CHINA
A14,18,A32,A42,653.0,A61,A72,4,A94,A102,1,A122,43,A143,A152,1,A172,2,A191,A201,2,1,0,30210.0,CHINA
A12,36,A32,A43,1304.0,A61,A74,4,A93,A101,4,A123,24,A143,A151,1,A173,1,A191,A201,1,0,0,30291.0,CHINA
A12,12,A32,A43,386.0,A63,A73,4,A93,A101,3,A121,66,A143,A152,1,A172,1,A191,A201,2,1,1,13604.0,CHINA
A14,36,A32,A42,5512.0,A61,A71,4,A92,A101,2,A123,26,A143,A152,2,A174,1,A192,A201,2,1,0,179379.0,CHINA
A12,27,A34,A43,1344.0,A63,A73,4,A93,A101,2,A122,23,A143,A152,2,A172,1,A191,A201,2,1,1,44363.0,CHINA
A14,15,A34,A43,683.0,A63,A73,2,A94,A101,2,A122,47,A143,A152,2,A172,1,A191,A201,1,0,1,16319.0,CHINA
A12,24,A33,A40,929.0,A65,A73,4,A92,A101,4,A123,42,A143,A151,2,A173,1,A192,A201,1,0,1,21495.0,CHINA
A14,18,A34,A40,500.0,A61,A72,4,A92,A101,1,A122,30,A143,A152,2,A173,1,A191,A201,1,0,0,13017.0,CHINA
A14,15,A34,A42,691.0,A65,A75,4,A93,A101,4,A122,63,A143,A152,1,A173,1,A191,A201,1,0,0,22513.0,CHINA
A11,6,A32,A43,1407.0,A63,A73,2,A93,A101,3,A121,44,A143,A151,1,A173,2,A191,A201,1,0,1,32375.0,CHINA
A12,48,A30,A410,9436.0,A61,A73,1,A92,A101,2,A122,32,A141,A152,1,A174,1,A192,A202,2,1,0,381354.0,CHINA
A11,12,A34,A40,1035.0,A61,A73,4,A93,A101,2,A122,30,A143,A152,2,A173,1,A191,A201,1,0,0,36126.0,CHINA
A14,24,A34,A41,3666.0,A65,A73,2,A93,A101,4,A122,46,A143,A152,2,A174,2,A192,A201,1,0,0,96840.0,CHINA
A11,6,A32,A44,178.0,A61,A72,4,A92,A101,1,A121,27,A143,A152,1,A173,1,A191,A201,1,0,0,6257.0,CHINA
A14,18,A32,A43,196.0,A61,A71,3,A92,A102,4,A121,22,A143,A151,1,A173,1,A191,A201,2,1,0,6430.0,CHINA
A11,15,A30,A40,451.0,A61,A75,4,A93,A101,3,A123,33,A143,A151,2,A173,2,A191,A201,2,0,0,10648.0,CHINA
A12,24,A32,A41,2095.0,A63,A72,3,A92,A101,4,A123,28,A143,A151,1,A173,1,A191,A201,2,1,1,83956.0,CHINA
A12,27,A30,A49,3948.0,A61,A75,2,A92,A101,4,A124,42,A143,A153,2,A174,1,A192,A201,2,1,0,203709.0,CHINA
A11,30,A34,A41,5241.0,A61,A75,3,A93,A101,4,A124,38,A143,A153,3,A174,2,A192,A201,1,0,1,233169.0,CHINA
A14,18,A34,A40,585.0,A61,A73,4,A92,A101,3,A121,36,A143,A152,2,A173,1,A191,A201,1,0,0,33933.0,CHINA
A12,9,A34,A46,663.0,A61,A75,2,A92,A101,3,A123,34,A143,A152,2,A174,1,A192,A201,2,1,0,25386.0,CHINA
A14,6,A34,A40,112.0,A64,A73,2,A92,A101,2,A121,41,A141,A152,2,A172,1,A191,A201,1,0,0,4237.0,CHINA
A14,18,A34,A40,1528.0,A61,A74,2,A93,A101,2,A122,31,A141,A152,2,A173,1,A191,A201,2,1,0,88147.0,CHINA
A14,9,A32,A43,701.0,A61,A74,4,A93,A101,2,A123,22,A143,A152,1,A173,1,A191,A201,2,1,0,39571.0,CHINA
A14,21,A32,A41,2414.0,A65,A73,1,A93,A101,3,A123,26,A143,A152,1,A173,1,A191,A201,1,0,0,112506.0,CHINA
A11,48,A32,A41,5632.0,A61,A74,4,A93,A101,4,A124,39,A142,A153,3,A173,2,A192,A201,2,1,0,280813.0,CHINA
A14,12,A34,A43,311.0,A61,A75,4,A93,A101,4,A121,56,A143,A152,1,A173,1,A191,A201,1,0,1,7909.0,CHINA
A11,18,A32,A43,575.0,A61,A73,4,A94,A101,3,A121,26,A141,A152,1,A173,1,A191,A201,2,1,0,30774.0,CHINA
A14,36,A30,A45,1186.0,A61,A73,4,A93,A101,2,A123,27,A143,A152,2,A173,1,A191,A201,1,0,0,66520.0,CHINA
A14,15,A34,A43,664.0,A61,A73,4,A93,A101,4,A124,35,A143,A153,2,A173,1,A192,A201,1,0,0,20126.0,CHINA
A14,12,A32,A43,677.0,A61,A73,3,A93,A101,2,A123,25,A143,A152,1,A173,1,A191,A201,1,0,0,18533.0,CHINA
A11,12,A34,A40,2703.0,A61,A75,3,A93,A102,4,A122,43,A143,A151,2,A173,1,A192,A201,2,1,1,154470.0,CHINA
A14,24,A31,A49,737.0,A61,A74,4,A93,A101,4,A123,50,A141,A152,1,A173,1,A192,A201,1,0,0,41724.0,CHINA
A14,12,A34,A46,910.0,A61,A74,2,A93,A101,3,A121,49,A143,A152,1,A172,2,A191,A201,1,0,0,46096.0,CHINA
A11,24,A32,A42,956.0,A61,A72,4,A93,A102,1,A122,24,A143,A152,1,A172,1,A191,A202,1,0,0,30221.0,CHINA
A12,12,A32,A40,390.0,A61,A75,4,A93,A101,4,A123,41,A141,A152,1,A172,2,A191,A201,2,1,1,18060.0,CHINA
A11,24,A34,A43,527.0,A64,A75,4,A92,A101,4,A122,57,A143,A151,2,A174,1,A192,A201,1,0,1,20093.0,CHINA
A13,12,A31,A43,193.0,A64,A73,3,A92,A101,3,A121,42,A143,A151,2,A173,1,A191,A201,1,0,1,7991.0,CHINA
A14,21,A33,A41,1623.0,A61,A73,3,A93,A101,2,A121,28,A142,A152,2,A172,1,A191,A201,1,0,1,48606.0,CHINA
A11,15,A34,A42,666.0,A61,A75,4,A93,A101,4,A123,44,A143,A152,2,A173,2,A192,A201,1,0,0,29813.0,CHINA
A12,12,A32,A40,398.0,A61,A75,4,A93,A101,4,A123,41,A141,A152,1,A172,2,A191,A201,2,1,0,20330.0,CHINA
A11,12,A33,A40,707.0,A61,A73,4,A93,A101,2,A121,43,A143,A152,2,A172,2,A191,A201,1,0,0,37690.0,CHINA
A12,12,A32,A43,574.0,A61,A74,4,A93,A103,3,A121,29,A143,A152,2,A173,1,A191,A202,1,0,0,13781.0,CHINA
A14,12,A34,A40,526.0,A63,A73,4,A93,A101,4,A121,44,A143,A152,1,A173,1,A192,A201,1,0,1,17661.0,CHINA
A11,48,A32,A41,5708.0,A61,A74,4,A93,A101,4,A124,39,A142,A153,3,A173,2,A192,A201,2,1,0,210287.0,CHINA
A14,11,A34,A40,3139.0,A61,A73,1,A93,A101,4,A122,39,A143,A152,2,A172,1,A191,A201,1,0,0,150345.0,CHINA
A12,20,A30,A41,3436.0,A62,A75,3,A94,A101,4,A123,31,A141,A152,2,A173,1,A192,A201,1,0,0,88057.0,CHINA
A12,18,A34,A40,446.0,A61,A75,4,A93,A101,4,A123,36,A141,A152,1,A173,2,A192,A201,2,1,0,11534.0,CHINA
A12,9,A32,A42,437.0,A61,A73,4,A92,A101,1,A122,30,A143,A152,1,A173,1,A191,A201,2,1,0,23917.0,CHINA
A12,24,A33,A49,3424.0,A62,A74,4,A93,A101,4,A123,36,A143,A151,1,A174,1,A192,A201,1,0,0,149271.0,CHINA
A11,12,A34,A40,1180.0,A61,A73,4,A93,A101,4,A122,38,A141,A152,2,A172,1,A191,A202,1,0,0,66853.0,CHINA
A14,36,A32,A49,2946.0,A62,A74,2,A93,A101,2,A123,31,A143,A152,2,A173,1,A192,A201,1,0,0,161488.0,CHINA
A14,60,A32,A43,5222.0,A62,A74,2,A92,A101,4,A121,21,A143,A152,1,A173,1,A192,A201,1,0,1,193429.0,CHINA
A14,60,A32,A43,5203.0,A62,A74,2,A92,A101,4,A121,21,A143,A152,1,A173,1,A192,A201,1,0,1,147425.0,CHINA
A12,24,A33,A43,2851.0,A61,A72,1,A93,A101,2,A123,33,A143,A152,1,A173,1,A191,A201,1,0,1,142264.0,CHINA
A14,24,A34,A410,2915.0,A61,A71,4,A93,A102,2,A124,27,A141,A152,2,A174,1,A192,A201,1,0,0,165818.0,CHINA
A11,12,A32,A40,458.0,A65,A73,4,A94,A101,2,A123,23,A143,A152,1,A173,1,A191,A201,2,1,0,24073.0,CHINA
A14,12,A32,A43,946.0,A61,A74,4,A93,A101,2,A123,31,A143,A151,2,A174,2,A192,A201,1,0,0,22539.0,CHINA
A14,30,A32,A41,2104.0,A65,A74,2,A92,A101,4,A122,24,A142,A151,1,A172,1,A191,A201,1,0,0,62549.0,CHINA
A14,48,A33,A43,7055.0,A63,A74,4,A93,A101,1,A123,37,A143,A152,1,A174,1,A192,A201,1,0,0,372584.0,CHINA
A13,6,A32,A42,1077.0,A61,A73,2,A93,A101,2,A121,41,A143,A152,1,A173,1,A192,A201,1,0,0,31936.0,CHINA
A11,11,A34,A40,1729.0,A61,A73,2,A93,A101,2,A121,36,A143,A151,2,A173,2,A191,A201,1,0,0,75973.0,CHINA
A12,48,A31,A49,3156.0,A61,A75,4,A92,A101,3,A124,59,A143,A151,1,A173,1,A191,A201,2,1,0,143449.0,CHINA
A11,12,A32,A42,1343.0,A61,A71,3,A92,A101,4,A124,55,A143,A153,1,A174,1,A191,A201,1,0,0,77331.0,CHINA
A11,14,A32,A40,3853.0,A61,A75,1,A91,A101,4,A122,45,A143,A152,1,A174,1,A192,A202,2,1,0,202975.0,CHINA
A12,36,A33,A49,2311.0,A61,A73,2,A91,A101,2,A121,30,A142,A152,2,A174,1,A192,A201,2,0,0,130622.0,CHINA
A12,48,A32,A43,1789.0,A65,A74,4,A93,A101,1,A123,41,A143,A152,2,A173,2,A192,A201,1,0,0,64322.0,CHINA
A11,12,A32,A40,1128.0,A61,A72,4,A93,A101,1,A121,33,A143,A152,1,A172,2,A191,A201,2,1,0,45740.0,CHINA
A14,36,A32,A49,3286.0,A65,A75,3,A93,A101,2,A122,37,A143,A152,2,A173,1,A191,A201,1,0,1,153052.0,CHINA
A14,10,A32,A40,796.0,A63,A73,3,A93,A101,2,A124,40,A143,A151,1,A172,2,A191,A202,1,0,1,39099.0,CHINA
A12,24,A34,A40,1959.0,A62,A72,4,A91,A101,2,A123,37,A143,A152,1,A173,1,A192,A201,1,0,1,55123.0,CHINA
A12,7,A32,A43,1262.0,A61,A73,3,A93,A103,2,A121,34,A143,A152,1,A173,1,A191,A201,1,0,0,30032.0,CHINA
A11,24,A32,A40,644.0,A61,A74,4,A92,A101,4,A123,23,A143,A151,2,A173,1,A191,A201,2,0,0,29501.0,CHINA
A11,36,A34,A42,1282.0,A61,A73,3,A94,A101,2,A122,46,A143,A152,2,A173,1,A192,A201,1,0,0,43569.0,CHINA
A13,36,A32,A43,1926.0,A61,A73,4,A93,A101,2,A123,26,A143,A152,1,A173,1,A191,A201,2,1,0,43452.0,CHINA
A12,6,A33,A42,510.0,A61,A71,4,A93,A101,1,A122,35,A142,A152,2,A174,1,A192,A201,1,0,0,14308.0,CHINA
A11,12,A32,A42,697.0,A61,A73,2,A92,A101,4,A123,20,A143,A151,1,A173,1,A191,A201,2,1,1,21513.0,CHINA
A11,27,A30,A49,3034.0,A61,A71,2,A93,A101,4,A122,50,A142,A152,2,A173,1,A192,A201,2,1,0,100067.0,CHINA
A14,36,A34,A40,3076.0,A61,A75,4,A93,A101,4,A123,34,A143,A152,2,A174,1,A192,A201,1,0,1,140408.0,CHINA
A14,36,A32,A43,1628.0,A61,A75,4,A93,A101,2,A123,28,A143,A152,1,A173,1,A191,A201,1,0,0,61651.0,CHINA
A12,48,A32,A43,1447.0,A61,A74,4,A93,A101,4,A121,28,A143,A152,2,A173,1,A191,A201,2,1,0,65368.0,CHINA
A11,36,A32,A41,3817.0,A61,A73,2,A93,A101,2,A122,26,A143,A152,1,A173,2,A191,A201,2,1,1,186157.0,CHINA
A14,18,A34,A42,1619.0,A61,A72,3,A91,A101,2,A123,35,A143,A152,2,A174,1,A192,A201,1,0,0,73986.0,CHINA
A13,18,A32,A42,1679.0,A61,A72,1,A92,A101,1,A122,45,A142,A152,1,A172,1,A191,A201,1,0,0,89705.0,CHINA
A11,30,A34,A41,5263.0,A61,A75,3,A93,A101,4,A124,38,A143,A153,3,A174,2,A192,A201,1,0,0,144886.0,CHINA
A12,12,A34,A40,917.0,A62,A72,4,A93,A101,1,A123,27,A143,A152,1,A173,1,A191,A201,1,0,0,39097.0,CHINA
A14,12,A32,A40,1160.0,A65,A75,4,A92,A101,4,A124,52,A143,A153,1,A174,1,A192,A201,1,0,0,57531.0,CHINA
A12,36,A32,A43,1170.0,A62,A73,4,A92,A102,4,A124,50,A143,A153,1,A173,1,A191,A201,2,0,0,63464.0,CHINA
A12,18,A32,A49,1058.0,A64,A72,3,A94,A101,3,A121,36,A141,A152,1,A173,1,A192,A201,1,0,0,50942.0,CHINA
A14,24,A32,A41,1424.0,A64,A73,2,A92,A101,4,A123,28,A143,A151,1,A173,1,A192,A201,1,0,0,77205.0,CHINA
A11,12,A32,A40,408.0,A61,A74,4,A93,A101,2,A121,26,A143,A152,1,A173,1,A191,A201,2,1,1,12666.0,CHINA
A14,36,A33,A40,4821.0,A61,A75,2,A93,A101,2,A123,45,A143,A152,2,A173,2,A192,A201,1,0,1,199550.0,CHINA
A14,36,A30,A45,1367.0,A61,A73,4,A93,A101,2,A123,27,A143,A152,2,A173,1,A191,A201,1,0,1,54878.0,CHINA
A12,48,A30,A49,6884.0,A65,A73,2,A93,A101,2,A123,48,A141,A152,1,A174,1,A192,A201,1,0,0,191041.0,CHINA
A12,60,A31,A410,6855.0,A62,A75,3,A92,A101,4,A124,60,A141,A153,2,A174,1,A192,A201,2,1,0,186321.0,CHINA
A14,24,A32,A43,3100.0,A65,A72,1,A92,A101,1,A123,44,A143,A152,2,A173,1,A192,A201,2,1,0,149593.0,CHINA
A12,12,A32,A40,644.0,A61,A75,1,A91,A101,1,A121,46,A143,A151,2,A173,1,A191,A201,2,0,0,30143.0,CHINA
A11,6,A34,A43,146.0,A63,A75,4,A93,A101,4,A123,52,A143,A152,2,A173,1,A191,A201,1,0,0,7789.0,CHINA
A14,12,A32,A42,369.0,A61,A73,4,A92,A101,1,A121,26,A143,A152,1,A173,1,A192,A201,1,0,0,20270.0,CHINA
A14,6,A32,A40,1663.0,A61,A73,2,A93,A103,3,A122,26,A143,A151,1,A173,1,A191,A201,1,0,0,73386.0,CHINA
A14,10,A32,A46,376.0,A63,A75,4,A93,A101,4,A124,46,A143,A153,1,A173,1,A192,A201,1,0,0,15116.0,CHINA
A14,21,A33,A49,1420.0,A63,A72,4,A93,A101,2,A121,41,A141,A152,1,A172,2,A191,A201,2,1,0,46511.0,CHINA
A14,12,A34,A46,1301.0,A61,A75,2,A92,A101,4,A124,57,A141,A153,3,A172,1,A191,A201,1,0,0,57849.0,CHINA
A14,9,A34,A46,473.0,A63,A75,4,A93,A101,2,A123,52,A143,A152,2,A173,1,A192,A201,1,0,0,13146.0,CHINA
A12,48,A31,A49,3195.0,A61,A75,4,A92,A101,3,A124,59,A143,A151,1,A173,1,A191,A201,2,1,0,169623.0,CHINA
A11,12,A32,A43,947.0,A61,A73,4,A93,A101,3,A122,24,A143,A152,1,A172,1,A191,A201,1,0,0,22623.0,CHINA
A14,12,A32,A42,601.0,A63,A73,4,A92,A101,4,A123,29,A143,A151,1,A172,1,A191,A201,2,1,0,24123.0,CHINA
A14,27,A33,A41,3673.0,A64,A73,2,A93,A101,2,A123,27,A143,A152,2,A173,1,A191,A201,1,0,1,154154.0,CHINA
A14,24,A34,A41,3901.0,A65,A73,2,A93,A101,4,A122,46,A143,A152,2,A174,2,A192,A201,1,0,0,188817.0,CHINA
A14,15,A34,A43,708.0,A63,A73,2,A94,A101,2,A122,47,A143,A152,2,A172,1,A191,A201,1,0,0,27073.0,CHINA
A12,24,A33,A43,690.0,A62,A74,3,A92,A101,2,A122,23,A143,A151,2,A173,1,A192,A201,1,0,0,38865.0,CHINA
A12,20,A33,A410,1142.0,A61,A73,2,A93,A101,3,A123,29,A141,A152,2,A173,1,A192,A201,1,0,0,31228.0,CHINA
A11,24,A34,A49,678.0,A62,A74,4,A93,A101,1,A121,26,A143,A152,2,A173,1,A192,A201,1,0,1,20372.0,CHINA
A13,24,A34,A42,1708.0,A65,A75,4,A93,A102,4,A124,20,A143,A151,2,A173,1,A191,A201,1,0,0,68461.0,CHINA
A14,24,A34,A41,961.0,A65,A74,4,A93,A101,4,A123,43,A143,A152,2,A173,2,A192,A201,1,0,0,22526.0,CHINA
A14,6,A34,A40,3880.0,A61,A74,1,A93,A101,3,A124,45,A143,A152,2,A174,2,A192,A201,1,0,0,97959.0,CHINA
A12,48,A30,A410,9636.0,A61,A73,1,A92,A101,2,A122,32,A141,A152,1,A174,1,A192,A202,2,1,0,356582.0,CHINA
A11,47,A32,A40,5106.0,A61,A72,1,A92,A101,1,A121,35,A143,A152,1,A172,1,A192,A201,1,0,0,275614.0,CHINA
A11,12,A32,A40,567.0,A61,A72,3,A92,A101,1,A121,37,A143,A152,1,A172,1,A191,A201,2,0,0,23802.0,CHINA
A14,15,A34,A43,645.0,A61,A73,4,A93,A101,2,A122,31,A143,A152,2,A173,1,A191,A201,1,0,0,20297.0,CHINA
A12,9,A31,A41,2588.0,A61,A75,2,A92,A101,4,A124,74,A141,A153,1,A174,2,A192,A201,2,1,0,93913.0,CHINA
A14,6,A30,A40,642.0,A62,A73,4,A93,A101,1,A124,35,A141,A151,1,A173,1,A191,A202,1,0,0,27266.0,CHINA
A14,27,A32,A40,1144.0,A61,A73,3,A92,A101,3,A121,21,A143,A151,1,A173,1,A191,A201,2,1,1,65434.0,CHINA
A14,27,A33,A41,4749.0,A64,A73,2,A93,A101,2,A123,27,A143,A152,2,A173,1,A191,A201,1,0,0,185718.0,CHINA
A14,21,A33,A49,1388.0,A63,A72,4,A93,A101,2,A121,41,A141,A152,1,A172,2,A191,A201,2,1,0,78939.0,CHINA
A14,24,A34,A42,883.0,A61,A74,4,A93,A101,3,A122,40,A143,A152,2,A173,1,A191,A201,1,0,0,31786.0,CHINA
A11,27,A32,A43,1902.0,A61,A73,3,A93,A101,2,A123,27,A143,A152,1,A174,1,A191,A201,1,0,1,86452.0,CHINA
A13,6,A33,A43,346.0,A61,A72,2,A92,A101,1,A122,29,A141,A152,1,A173,1,A191,A201,1,0,0,8275.0,CHINA
A11,12,A32,A42,917.0,A61,A73,2,A92,A102,3,A122,30,A143,A152,1,A173,1,A191,A201,1,0,1,42841.0,CHINA
A14,18,A34,A40,564.0,A61,A72,4,A92,A101,1,A122,30,A143,A152,2,A173,1,A191,A201,1,0,1,24510.0,CHINA
A14,6,A32,A42,803.0,A64,A73,4,A91,A101,2,A121,33,A143,A152,1,A173,1,A191,A201,1,0,0,46928.0,CHINA
A11,48,A32,A41,2583.0,A61,A74,4,A93,A101,3,A122,26,A143,A152,1,A173,2,A191,A201,1,0,1,87482.0,CHINA
A12,18,A32,A45,2164.0,A61,A71,2,A92,A101,4,A123,67,A143,A152,1,A173,1,A192,A201,1,0,0,117776.0,CHINA
A11,48,A34,A41,2642.0,A61,A75,4,A92,A101,4,A124,58,A142,A153,2,A172,1,A191,A201,2,1,1,89316.0,CHINA
A11,36,A32,A42,1322.0,A61,A75,2,A93,A101,2,A122,41,A141,A152,1,A173,2,A191,A201,2,1,0,65931.0,CHINA
A14,21,A32,A40,1424.0,A63,A74,1,A92,A101,2,A123,31,A141,A152,1,A174,1,A191,A201,1,0,0,43635.0,CHINA
A14,18,A34,A41,1800.0,A61,A74,3,A93,A101,1,A123,27,A143,A152,2,A173,1,A191,A201,1,0,0,49481.0,CHINA
A12,18,A32,A42,1704.0,A61,A74,2,A92,A101,4,A121,40,A143,A151,1,A173,1,A191,A201,1,0,1,90465.0,CHINA
A12,9,A34,A46,735.0,A61,A75,2,A92,A101,3,A123,34,A143,A152,2,A174,1,A192,A201,2,1,1,24645.0,CHINA
A11,18,A32,A41,3537.0,A65,A75,1,A93,A101,4,A122,51,A143,A153,1,A173,2,A192,A201,2,1,1,194315.0,CHINA
A11,21,A34,A40,780.0,A61,A75,4,A94,A101,3,A123,30,A143,A152,2,A173,1,A192,A201,1,0,1,28966.0,CHINA
A11,12,A32,A43,747.0,A61,A73,4,A92,A101,1,A123,23,A141,A152,1,A173,1,A191,A201,1,0,1,38337.0,CHINA
A14,24,A33,A40,346.0,A65,A75,4,A94,A101,4,A123,54,A143,A152,2,A173,1,A192,A201,1,0,1,12736.0,CHINA
A13,36,A32,A43,3090.0,A61,A73,4,A93,A101,1,A123,24,A143,A152,1,A173,1,A191,A201,1,0,1,140798.0,CHINA
A11,20,A32,A42,1110.0,A65,A74,4,A93,A101,4,A123,39,A143,A152,1,A173,1,A192,A201,1,0,1,44390.0,CHINA
A11,42,A32,A43,4097.0,A65,A74,4,A92,A101,3,A123,30,A143,A152,1,A174,1,A192,A201,2,1,0,201767.0,CHINA
A14,36,A33,A40,5410.0,A61,A75,2,A93,A101,2,A123,45,A143,A152,2,A173,2,A192,A201,1,0,1,316429.0,CHINA
A14,18,A34,A43,334.0,A63,A75,4,A93,A101,3,A122,32,A141,A152,2,A174,1,A192,A201,1,0,0,9206.0,CHINA
A13,10,A34,A40,433.0,A61,A75,4,A93,A101,4,A124,63,A143,A153,2,A173,1,A192,A201,1,0,0,12843.0,CHINA
A11,12,A32,A40,611.0,A61,A73,4,A94,A101,3,A121,27,A143,A152,1,A172,1,A191,A201,1,0,1,21261.0,CHINA
A14,36,A32,A42,1538.0,A61,A73,4,A92,A101,2,A123,28,A143,A152,1,A174,1,A192,A201,2,0,0,54913.0,CHINA
A11,6,A32,A42,220.0,A61,A75,2,A92,A101,1,A122,49,A141,A152,1,A173,1,A192,A201,1,0,0,12646.0,CHINA
A14,18,A34,A43,597.0,A65,A73,4,A93,A101,3,A122,29,A143,A152,2,A173,1,A192,A201,1,0,1,28400.0,CHINA
A11,24,A32,A40,655.0,A65,A73,4,A92,A101,4,A121,25,A143,A151,1,A173,1,A191,A201,2,1,0,36813.0,CHINA
A12,9,A34,A43,646.0,A61,A75,2,A93,A101,4,A121,37,A143,A152,3,A172,1,A191,A201,1,0,0,18762.0,CHINA
A14,18,A34,A43,314.0,A63,A75,4,A93,A101,3,A122,32,A141,A152,2,A174,1,A192,A201,1,0,1,8275.0,CHINA
A14,15,A32,A41,2466.0,A61,A73,3,A93,A101,2,A123,30,A143,A152,1,A173,1,A192,A201,1,0,0,84710.0,CHINA
A14,4,A34,A43,688.0,A61,A74,2,A93,A101,1,A121,42,A143,A152,3,A172,2,A191,A201,1,0,1,33165.0,CHINA
A11,24,A32,A40,2708.0,A61,A74,2,A93,A102,3,A122,31,A143,A152,1,A173,1,A192,A201,2,1,0,83912.0,CHINA
A13,12,A32,A42,714.0,A65,A75,3,A92,A101,4,A121,55,A143,A152,1,A174,1,A192,A201,1,0,0,18323.0,CHINA
A12,11,A32,A42,686.0,A64,A72,4,A92,A101,1,A121,20,A143,A152,1,A173,1,A191,A201,1,0,0,32177.0,CHINA
A12,7,A32,A43,1141.0,A61,A72,1,A92,A103,1,A121,45,A143,A152,1,A173,1,A191,A201,1,0,1,60518.0,CHINA
A12,12,A32,A42,546.0,A64,A72,1,A92,A101,4,A121,19,A143,A151,1,A172,1,A191,A201,1,0,0,13988.0,CHINA
A13,9,A32,A43,612.0,A62,A75,2,A91,A101,4,A121,49,A143,A152,1,A173,1,A191,A201,1,0,1,15960.0,CHINA
A11,24,A32,A41,3307.0,A61,A71,4,A93,A101,2,A124,29,A143,A153,1,A174,1,A192,A201,1,0,1,134176.0,CHINA
A12,18,A33,A49,1341.0,A65,A75,4,A93,A101,2,A122,42,A143,A152,2,A173,1,A191,A201,1,0,0,58301.0,CHINA
A11,36,A32,A41,3038.0,A61,A75,2,A93,A101,4,A124,42,A143,A153,1,A173,2,A191,A201,1,0,1,152174.0,CHINA
A11,18,A34,A40,2647.0,A61,A75,2,A93,A101,4,A124,36,A143,A153,3,A174,1,A192,A201,1,0,0,61676.0,CHINA
A12,24,A32,A41,1442.0,A65,A75,4,A93,A101,4,A124,36,A141,A153,1,A173,1,A192,A201,1,0,0,33454.0,CHINA
A11,48,A34,A41,3157.0,A61,A75,4,A92,A101,4,A124,58,A142,A153,2,A172,1,A191,A201,2,0,0,172452.0,CHINA
A14,24,A33,A49,3870.0,A61,A72,2,A93,A101,2,A123,27,A141,A152,2,A173,1,A192,A201,2,0,0,118147.0,CHINA
A14,5,A32,A49,1642.0,A61,A74,1,A93,A101,4,A121,74,A143,A152,1,A172,1,A191,A201,1,0,0,47930.0,CHINA
A14,12,A34,A42,1427.0,A61,A75,2,A93,A101,4,A122,42,A142,A152,1,A173,1,A191,A201,1,0,1,41229.0,CHINA
A11,12,A32,A42,743.0,A61,A73,2,A92,A102,3,A122,30,A143,A152,1,A173,1,A191,A201,1,0,0,29829.0,CHINA
A12,30,A32,A42,1906.0,A62,A73,2,A92,A102,4,A123,21,A143,A151,1,A173,1,A191,A201,2,1,0,61466.0,CHINA
A11,36,A32,A41,2907.0,A61,A75,2,A93,A101,4,A124,42,A143,A153,1,A173,2,A191,A201,1,0,0,123293.0,CHINA
A13,10,A32,A40,629.0,A62,A75,1,A92,A101,4,A124,48,A143,A153,1,A172,2,A191,A201,2,1,0,27513.0,CHINA
A11,12,A32,A40,593.0,A61,A73,4,A92,A101,2,A121,24,A143,A152,1,A172,1,A191,A201,2,1,0,14712.0,CHINA
A11,36,A32,A42,1203.0,A61,A75,2,A93,A101,2,A122,41,A141,A152,1,A173,2,A191,A201,2,1,1,42120.0,CHINA
A11,18,A32,A42,1825.0,A61,A72,1,A92,A101,4,A123,22,A143,A151,1,A173,1,A191,A201,1,0,0,97779.0,CHINA
A11,40,A34,A46,3255.0,A61,A73,4,A93,A101,3,A124,27,A141,A152,1,A173,1,A192,A201,2,1,0,128661.0,CHINA
A14,30,A34,A43,2770.0,A61,A74,3,A93,A102,2,A123,38,A143,A152,1,A173,1,A191,A201,1,0,1,159057.0,CHINA
A11,24,A32,A40,513.0,A65,A75,4,A92,A101,2,A123,29,A141,A152,1,A173,1,A191,A201,2,1,1,14435.0,CHINA
A12,48,A30,A410,10290.0,A61,A73,1,A92,A101,2,A122,32,A141,A152,1,A174,1,A192,A202,2,1,0,487511.0,CHINA
A13,18,A32,A43,1027.0,A61,A73,4,A93,A102,2,A121,37,A142,A152,1,A173,1,A191,A201,2,1,0,25306.0,CHINA
A11,12,A32,A40,332.0,A61,A74,4,A93,A101,2,A121,26,A143,A152,1,A173,1,A191,A201,2,0,0,12517.0,CHINA
A14,6,A32,A43,608.0,A62,A75,2,A93,A101,4,A124,42,A141,A153,1,A173,2,A192,A201,1,0,0,31318.0,CHINA
A14,24,A34,A43,1480.0,A61,A75,4,A94,A102,3,A121,46,A143,A152,2,A173,1,A191,A201,1,0,0,50181.0,CHINA
A12,24,A32,A41,6973.0,A61,A75,4,A92,A101,2,A124,44,A143,A153,1,A174,1,A192,A201,2,0,0,269467.0,CHINA
A12,24,A32,A42,1943.0,A61,A74,3,A91,A101,3,A123,43,A143,A152,1,A173,1,A192,A201,2,1,1,65244.0,CHINA
A14,6,A34,A42,574.0,A65,A73,1,A94,A101,2,A122,27,A143,A152,2,A173,1,A191,A201,1,0,0,15662.0,CHINA
A12,18,A30,A40,1309.0,A62,A72,3,A92,A101,3,A123,28,A143,A152,2,A173,1,A191,A201,2,1,0,64791.0,CHINA
A14,9,A32,A42,1313.0,A62,A72,2,A92,A101,4,A122,22,A143,A151,1,A173,1,A191,A201,1,0,0,34653.0,CHINA
A12,8,A32,A42,644.0,A61,A73,3,A92,A101,4,A121,24,A143,A152,1,A173,1,A191,A201,2,1,1,31309.0,CHINA
A11,40,A34,A46,2699.0,A61,A73,4,A93,A101,3,A124,27,A141,A152,1,A173,1,A192,A201,2,1,0,132353.0,CHINA
A13,15,A32,A46,844.0,A61,A75,4,A93,A101,4,A123,40,A143,A151,1,A174,1,A192,A201,1,0,0,45738.0,CHINA
A11,12,A32,A46,343.0,A61,A72,4,A92,A101,4,A122,53,A143,A152,1,A173,1,A191,A201,2,1,0,16316.0,CHINA
A12,6,A34,A48,532.0,A65,A74,1,A92,A101,3,A122,39,A143,A152,2,A172,1,A191,A201,1,0,1,24312.0,CHINA
A11,18,A31,A40,700.0,A61,A74,4,A93,A101,4,A124,32,A143,A153,2,A172,2,A191,A201,2,1,1,34742.0,CHINA
A12,24,A33,A43,2764.0,A61,A72,1,A93,A101,2,A123,33,A143,A152,1,A173,1,A191,A201,1,0,0,96389.0,CHINA
A14,18,A32,A40,3038.0,A65,A73,2,A93,A101,4,A123,68,A143,A151,2,A173,1,A191,A201,2,0,0,160001.0,CHINA
A14,5,A32,A49,1534.0,A61,A74,1,A93,A101,4,A121,74,A143,A152,1,A172,1,A191,A201,1,0,1,85948.0,CHINA
A13,18,A32,A43,994.0,A61,A73,4,A93,A102,2,A121,37,A142,A152,1,A173,1,A191,A201,2,1,0,46131.0,CHINA
A14,12,A34,A45,459.0,A65,A74,4,A92,A101,4,A121,23,A143,A152,2,A173,1,A191,A201,1,0,1,25401.0,CHINA
A14,15,A34,A43,939.0,A61,A75,4,A93,A101,4,A123,46,A143,A152,2,A173,1,A192,A201,1,0,0,50436.0,CHINA
A11,12,A34,A40,2520.0,A61,A75,3,A93,A102,4,A122,43,A143,A151,2,A173,1,A192,A201,2,1,1,96399.0,CHINA
A11,24,A31,A41,1687.0,A61,A73,1,A92,A103,4,A123,22,A141,A151,1,A173,1,A191,A202,1,0,0,67010.0,CHINA
A12,12,A32,A49,421.0,A62,A74,2,A92,A101,4,A121,23,A143,A151,1,A172,1,A191,A201,1,0,1,16288.0,CHINA
A14,24,A32,A43,814.0,A61,A72,4,A92,A101,3,A123,38,A142,A152,1,A173,1,A192,A201,1,0,0,39489.0,CHINA
A12,18,A32,A41,1467.0,A61,A73,1,A94,A101,3,A123,21,A143,A151,1,A173,1,A192,A201,1,0,1,34443.0,CHINA
A14,9,A32,A40,1359.0,A63,A75,2,A93,A101,4,A124,51,A143,A153,1,A172,1,A191,A201,1,0,0,69087.0,CHINA
A12,18,A32,A43,416.0,A61,A73,4,A94,A103,2,A121,25,A143,A152,1,A172,1,A191,A201,1,0,0,10891.0,CHINA
A14,42,A34,A42,1776.0,A63,A73,4,A93,A101,4,A121,36,A143,A152,2,A173,1,A192,A201,1,0,0,98640.0,CHINA
A14,12,A32,A46,337.0,A61,A75,4,A93,A101,4,A123,41,A141,A152,1,A172,2,A191,A201,2,1,1,18467.0,CHINA
A11,24,A32,A42,2235.0,A61,A73,2,A93,A101,2,A123,27,A142,A152,1,A173,1,A191,A201,1,0,1,96487.0,CHINA
A14,30,A32,A41,2266.0,A65,A74,2,A92,A101,4,A122,24,A142,A151,1,A172,1,A191,A201,1,0,1,80274.0,CHINA
A12,21,A32,A42,2219.0,A65,A74,2,A93,A101,3,A123,35,A143,A152,1,A173,1,A192,A201,1,0,0,99129.0,CHINA
A11,24,A32,A42,1591.0,A61,A72,4,A93,A101,1,A124,22,A141,A153,1,A173,1,A191,A201,1,0,1,90342.0,CHINA
A14,24,A32,A48,428.0,A61,A72,4,A94,A101,3,A123,27,A143,A152,2,A172,1,A191,A201,1,0,0,14456.0,CHINA
A11,12,A32,A42,836.0,A61,A72,4,A92,A101,1,A123,22,A143,A151,1,A173,1,A191,A201,1,0,0,32327.0,CHINA
A14,15,A32,A41,710.0,A65,A75,4,A93,A101,4,A124,45,A141,A153,1,A173,2,A191,A201,1,0,0,41396.0,CHINA
A14,12,A34,A43,1308.0,A65,A75,1,A93,A102,4,A121,49,A143,A152,1,A173,1,A192,A201,1,0,1,41167.0,CHINA
A12,18,A30,A42,1636.0,A61,A73,1,A92,A101,4,A123,33,A141,A152,2,A173,1,A192,A201,1,0,0,39955.0,CHINA
A14,12,A34,A46,1554.0,A65,A72,2,A93,A101,1,A122,37,A143,A152,2,A172,2,A191,A201,1,0,1,39998.0,CHINA
A11,24,A34,A41,1494.0,A61,A75,4,A93,A101,4,A122,63,A143,A152,2,A173,1,A192,A201,1,0,0,58771.0,CHINA
A11,12,A32,A44,323.0,A62,A71,4,A92,A101,3,A122,22,A143,A152,1,A173,1,A191,A201,2,1,1,16934.0,CHINA
A14,4,A34,A43,662.0,A61,A74,2,A93,A101,1,A121,42,A143,A152,3,A172,2,A191,A201,1,0,1,27935.0,CHINA
A12,12,A32,A42,1672.0,A61,A72,3,A92,A101,1,A121,34,A143,A151,1,A174,1,A191,A201,1,0,0,93565.0,CHINA
A14,6,A34,A40,194.0,A62,A73,4,A92,A101,4,A123,52,A143,A152,2,A172,1,A191,A201,1,0,0,4985.0,CHINA
A14,36,A32,A43,1059.0,A63,A75,4,A93,A101,4,A123,39,A143,A152,1,A173,1,A191,A201,1,0,0,35900.0,CHINA
A12,45,A32,A43,1575.0,A62,A73,4,A93,A103,4,A122,21,A143,A151,1,A173,1,A191,A201,2,1,1,63696.0,CHINA
A12,20,A30,A41,3327.0,A62,A75,3,A94,A101,4,A123,31,A141,A152,2,A173,1,A192,A201,1,0,0,189903.0,CHINA
A14,24,A34,A42,2563.0,A61,A75,4,A93,A101,4,A123,33,A143,A152,1,A173,1,A192,A201,1,0,1,73662.0,CHINA
A11,15,A34,A42,688.0,A61,A73,4,A92,A101,3,A122,25,A143,A151,2,A173,1,A191,A201,1,0,0,33847.0,CHINA
A14,24,A32,A40,596.0,A61,A73,2,A93,A103,2,A121,31,A143,A152,1,A173,1,A192,A201,1,0,0,34645.0,CHINA
A11,12,A31,A43,1107.0,A61,A73,4,A91,A101,1,A124,29,A143,A153,1,A173,1,A191,A201,2,1,1,25824.0,CHINA
A11,24,A31,A42,3934.0,A61,A72,2,A91,A101,1,A122,55,A141,A152,1,A173,1,A192,A201,2,0,0,115860.0,CHINA
A12,12,A32,A40,617.0,A64,A75,4,A93,A101,4,A121,54,A143,A152,1,A173,1,A192,A201,1,0,0,15259.0,CHINA
A12,6,A32,A43,1131.0,A61,A72,4,A94,A101,3,A123,30,A143,A151,1,A174,1,A192,A201,1,0,0,52409.0,CHINA
A12,14,A32,A49,718.0,A63,A75,1,A94,A101,2,A121,35,A143,A152,1,A173,1,A192,A201,1,0,0,25691.0,CHINA
A12,11,A33,A43,2050.0,A61,A74,2,A93,A101,4,A122,51,A143,A152,1,A173,1,A191,A201,1,0,0,93235.0,CHINA
A11,12,A32,A43,1140.0,A61,A73,4,A93,A101,3,A122,24,A143,A152,1,A172,1,A191,A201,1,0,0,65351.0,CHINA
A14,12,A32,A43,1103.0,A61,A72,2,A92,A101,2,A123,29,A141,A152,1,A173,1,A191,A201,1,0,0,62896.0,CHINA
A14,10,A32,A40,791.0,A61,A73,3,A93,A101,2,A121,31,A143,A152,1,A172,2,A191,A202,1,0,0,32374.0,CHINA
A14,12,A32,A49,558.0,A61,A73,2,A94,A101,2,A121,26,A143,A152,1,A173,1,A192,A202,1,0,0,12907.0,CHINA
A14,12,A34,A42,604.0,A61,A72,2,A92,A101,4,A122,22,A143,A151,2,A172,1,A191,A201,1,0,0,29622.0,CHINA
A12,30,A34,A40,1134.0,A65,A75,4,A93,A101,4,A121,36,A143,A152,2,A173,1,A191,A201,1,0,0,48533.0,CHINA
A14,18,A32,A42,1809.0,A61,A75,4,A93,A101,4,A122,47,A141,A152,3,A173,2,A192,A201,1,0,0,58635.0,CHINA
A11,15,A32,A44,669.0,A65,A73,4,A92,A101,2,A123,24,A143,A151,1,A173,1,A191,A201,2,1,0,21917.0,CHINA
A14,12,A31,A48,1941.0,A63,A73,4,A92,A101,3,A121,35,A143,A152,1,A172,2,A191,A201,1,0,0,52088.0,CHINA
A11,12,A32,A43,399.0,A62,A72,4,A94,A101,3,A124,33,A143,A152,1,A172,1,A192,A201,2,1,0,16495.0,CHINA
A14,36,A34,A40,3992.0,A61,A73,4,A92,A101,2,A121,25,A142,A152,2,A173,1,A192,A201,2,1,0,174110.0,CHINA
A12,12,A30,A42,1452.0,A61,A72,4,A92,A101,3,A122,25,A143,A151,2,A173,1,A191,A201,2,1,1,59430.0,CHINA
A12,18,A33,A42,2421.0,A61,A75,4,A91,A101,3,A124,40,A143,A152,1,A174,1,A192,A201,2,1,0,113396.0,CHINA
A12,27,A33,A41,2907.0,A61,A75,1,A93,A101,2,A123,30,A143,A152,2,A174,1,A192,A201,1,0,0,76111.0,CHINA
A12,24,A33,A42,1131.0,A65,A72,4,A93,A101,2,A122,29,A141,A152,1,A172,1,A191,A201,1,0,1,41003.0,CHINA
A14,18,A32,A49,884.0,A62,A73,3,A92,A101,4,A122,24,A143,A151,1,A172,1,A191,A201,1,0,0,25327.0,CHINA
A14,18,A34,A42,941.0,A61,A73,4,A92,A101,2,A124,28,A143,A152,2,A173,1,A191,A201,1,0,0,44281.0,CHINA
A14,24,A32,A43,1010.0,A62,A73,4,A93,A101,4,A123,29,A143,A151,1,A174,1,A192,A201,1,0,0,30851.0,CHINA
A14,6,A33,A49,955.0,A62,A73,1,A93,A101,2,A121,34,A143,A152,2,A172,1,A191,A201,1,0,0,29219.0,CHINA
A11,12,A32,A42,899.0,A61,A72,4,A92,A101,1,A123,22,A143,A151,1,A173,1,A191,A201,1,0,0,44509.0,CHINA
A14,4,A34,A43,739.0,A61,A74,2,A93,A101,1,A121,42,A143,A152,3,A172,2,A191,A201,1,0,0,22543.0,CHINA
A12,18,A33,A42,1978.0,A61,A75,4,A91,A101,3,A124,40,A143,A152,1,A174,1,A192,A201,2,0,0,112076.0,CHINA
A14,12,A34,A43,338.0,A61,A75,4,A93,A101,4,A121,56,A143,A152,1,A173,1,A191,A201,1,0,0,16342.0,CHINA
A11,30,A30,A42,2553.0,A61,A73,2,A91,A103,2,A121,32,A143,A152,2,A173,1,A191,A201,1,0,0,98723.0,CHINA
A11,36,A32,A41,3123.0,A61,A75,2,A93,A101,4,A124,42,A143,A153,1,A173,2,A191,A201,1,0,1,176625.0,CHINA
A11,24,A31,A42,2002.0,A61,A74,3,A93,A101,4,A123,27,A141,A152,1,A173,1,A191,A201,2,1,1,95027.0,CHINA
A13,6,A32,A40,361.0,A64,A72,2,A94,A101,2,A121,27,A143,A152,1,A171,1,A191,A202,1,0,0,21030.0,CHINA
A14,9,A32,A42,676.0,A61,A75,1,A93,A101,4,A123,20,A143,A152,1,A173,1,A191,A201,1,0,1,23982.0,CHINA
A14,12,A32,A42,992.0,A61,A73,3,A93,A101,2,A121,24,A143,A151,1,A172,1,A191,A201,1,0,0,48340.0,CHINA
A12,9,A32,A42,521.0,A61,A73,4,A92,A101,1,A122,30,A143,A152,1,A173,1,A191,A201,2,0,0,28162.0,CHINA
A14,6,A30,A43,231.0,A61,A75,4,A94,A101,4,A123,39,A143,A152,1,A172,1,A191,A201,1,0,0,5473.0,CHINA
A11,12,A34,A40,2097.0,A61,A75,3,A93,A102,4,A122,43,A143,A151,2,A173,1,A192,A201,2,1,1,63589.0,CHINA
A14,18,A34,A40,519.0,A61,A72,4,A92,A101,1,A122,30,A143,A152,2,A173,1,A191,A201,1,0,1,27081.0,CHINA
A12,15,A34,A43,761.0,A65,A75,4,A93,A103,4,A121,50,A143,A152,2,A173,1,A192,A201,1,0,0,28282.0,CHINA
A11,12,A32,A40,612.0,A61,A74,2,A91,A101,3,A123,36,A143,A152,1,A173,1,A191,A201,2,0,0,32156.0,CHINA
A11,12,A34,A40,350.0,A61,A75,4,A93,A101,3,A122,35,A143,A152,2,A173,1,A191,A201,2,1,0,15660.0,CHINA
A11,28,A32,A40,1946.0,A61,A73,3,A93,A101,2,A123,45,A143,A152,1,A172,1,A191,A201,2,1,0,81420.0,CHINA
A11,10,A34,A40,1147.0,A61,A72,1,A93,A101,3,A121,48,A143,A151,2,A172,2,A191,A202,1,0,0,46665.0,CHINA
A14,30,A34,A43,1544.0,A61,A73,4,A92,A101,2,A123,33,A143,A152,1,A173,1,A192,A201,1,0,0,66750.0,CHINA
A14,15,A32,A40,2321.0,A63,A75,1,A92,A101,4,A124,35,A143,A153,1,A173,1,A191,A201,1,0,0,118627.0,CHINA
A14,36,A33,A40,5897.0,A61,A75,2,A93,A101,2,A123,45,A143,A152,2,A173,2,A192,A201,1,0,0,340952.0,CHINA
A14,12,A32,A49,474.0,A61,A73,2,A94,A101,2,A121,26,A143,A152,1,A173,1,A192,A202,1,0,0,18666.0,CHINA
A11,18,A32,A43,1724.0,A61,A74,4,A92,A103,1,A121,25,A143,A152,1,A173,1,A191,A201,1,0,0,66586.0,CHINA
A14,30,A34,A43,2955.0,A65,A74,2,A93,A101,3,A122,36,A143,A152,2,A173,1,A191,A201,1,0,0,143088.0,CHINA
A11,12,A30,A43,3239.0,A61,A73,4,A93,A101,2,A122,28,A143,A151,2,A173,1,A192,A201,2,1,0,187261.0,CHINA
A14,10,A32,A43,942.0,A61,A73,1,A93,A101,4,A122,38,A143,A152,1,A173,1,A192,A202,1,0,0,43094.0,CHINA
A14,18,A34,A43,781.0,A61,A73,4,A93,A101,2,A123,24,A143,A152,2,A173,1,A191,A201,1,0,0,36515.0,CHINA
A14,30,A31,A41,3300.0,A65,A71,4,A92,A101,1,A121,53,A141,A152,1,A174,1,A192,A201,2,1,0,189678.0,CHINA
A14,18,A34,A43,970.0,A61,A73,2,A92,A101,1,A123,25,A143,A152,2,A173,1,A191,A201,1,0,0,55181.0,CHINA
A13,9,A32,A43,595.0,A62,A75,2,A91,A101,4,A121,49,A143,A152,1,A173,1,A191,A201,1,0,1,23793.0,CHINA
A12,6,A31,A40,459.0,A62,A72,1,A92,A101,1,A122,32,A142,A152,1,A172,1,A191,A201,2,1,0,10837.0,CHINA
A11,42,A32,A42,3521.0,A61,A74,2,A93,A103,4,A122,45,A143,A153,1,A173,2,A191,A201,1,0,1,164378.0,CHINA
A14,18,A34,A40,1194.0,A61,A74,2,A93,A101,2,A122,31,A141,A152,2,A173,1,A191,A201,2,1,1,43062.0,CHINA
A11,30,A32,A41,1956.0,A61,A73,4,A91,A101,4,A122,40,A143,A152,1,A174,1,A192,A201,1,0,0,69008.0,CHINA
A11,12,A34,A43,171.0,A61,A74,4,A92,A101,3,A121,58,A143,A152,4,A172,1,A192,A201,1,0,0,6482.0,CHINA
A14,27,A32,A40,1099.0,A61,A73,3,A92,A101,3,A121,21,A143,A151,1,A173,1,A191,A201,2,1,0,59903.0,CHINA
A12,12,A32,A43,476.0,A61,A74,4,A93,A103,3,A121,29,A143,A152,2,A173,1,A191,A202,1,0,0,19938.0,CHINA
A11,6,A34,A43,606.0,A65,A75,4,A93,A101,4,A121,67,A143,A152,2,A173,1,A192,A201,1,0,0,30596.0,CHINA
A13,12,A32,A43,1545.0,A61,A73,3,A94,A101,1,A123,24,A143,A152,1,A173,1,A191,A201,1,0,0,87392.0,CHINA
A12,30,A34,A40,1212.0,A65,A75,4,A93,A101,4,A121,36,A143,A152,2,A173,1,A191,A201,1,0,0,53174.0,CHINA
A11,6,A32,A42,233.0,A61,A75,2,A92,A101,1,A122,49,A141,A152,1,A173,1,A192,A201,1,0,0,7982.0,CHINA
A12,6,A31,A46,199.0,A64,A72,4,A92,A101,2,A122,24,A141,A151,1,A173,2,A191,A201,2,1,1,5867.0,CHINA
A14,12,A32,A43,1736.0,A64,A74,2,A91,A101,4,A121,61,A143,A152,1,A172,1,A191,A201,1,0,0,75619.0,CHINA
A12,48,A31,A49,1677.0,A62,A74,4,A93,A101,2,A123,30,A143,A152,1,A173,1,A191,A201,1,0,0,74128.0,CHINA
A11,24,A32,A43,806.0,A61,A71,4,A93,A101,2,A123,30,A142,A152,1,A174,2,A191,A201,2,1,0,42714.0,CHINA
A13,24,A32,A43,602.0,A63,A73,3,A92,A101,3,A123,57,A143,A152,1,A172,1,A191,A201,1,0,0,21880.0,CHINA
A14,24,A34,A43,1368.0,A65,A75,4,A93,A101,4,A122,53,A143,A152,2,A173,1,A191,A201,1,0,1,79511.0,CHINA
A12,30,A34,A40,2425.0,A61,A71,4,A94,A101,2,A123,28,A143,A152,2,A174,1,A191,A201,2,1,0,120613.0,CHINA
A14,48,A34,A41,5521.0,A62,A73,2,A92,A101,4,A123,24,A141,A151,2,A172,1,A191,A201,2,1,0,255265.0,CHINA
A12,42,A34,A49,3065.0,A61,A74,2,A92,A101,1,A121,41,A141,A152,2,A172,1,A191,A201,1,0,0,161942.0,CHINA
A14,24,A32,A43,1791.0,A61,A72,4,A92,A101,4,A122,26,A143,A152,1,A173,1,A192,A201,1,0,0,102697.0,CHINA
A11,11,A34,A40,2005.0,A61,A73,1,A93,A101,2,A121,40,A143,A152,2,A172,2,A191,A201,1,0,0,89378.0,CHINA
A11,12,A30,A45,587.0,A61,A74,4,A93,A101,3,A121,28,A143,A152,2,A173,1,A191,A201,2,1,1,28227.0,CHINA
A14,12,A34,A46,1215.0,A61,A75,2,A92,A101,4,A124,57,A141,A153,3,A172,1,A191,A201,1,0,0,32079.0,CHINA
A14,12,A34,A43,735.0,A61,A75,2,A93,A101,4,A121,63,A143,A152,2,A172,1,A192,A201,1,0,0,40701.0,CHINA
A12,18,A33,A45,3008.0,A61,A73,2,A93,A101,4,A121,44,A143,A152,1,A172,2,A192,A201,1,0,1,128056.0,CHINA
A12,9,A32,A40,818.0,A65,A72,4,A93,A101,2,A121,35,A143,A152,1,A171,1,A191,A201,1,0,0,33195.0,CHINA
A14,27,A32,A40,1100.0,A61,A73,3,A92,A101,3,A121,21,A143,A151,1,A173,1,A191,A201,2,0,0,30096.0,CHINA
A14,12,A34,A43,354.0,A61,A75,4,A93,A101,4,A121,56,A143,A152,1,A173,1,A191,A201,1,0,0,14936.0,CHINA
A14,12,A32,A42,849.0,A61,A73,4,A93,A101,2,A121,50,A143,A152,1,A173,1,A191,A201,1,0,0,43175.0,CHINA
A13,30,A33,A49,911.0,A61,A75,4,A93,A101,4,A121,66,A143,A152,1,A174,1,A192,A201,2,1,0,45780.0,CHINA
A14,12,A32,A43,1122.0,A62,A73,4,A92,A102,2,A121,28,A143,A152,1,A173,1,A191,A201,1,0,0,43698.0,CHINA
A12,36,A33,A40,3437.0,A61,A73,2,A92,A101,2,A122,54,A143,A151,1,A173,1,A191,A201,1,0,0,181210.0,CHINA
A14,6,A32,A42,2201.0,A61,A72,1,A92,A101,4,A122,32,A143,A152,1,A173,1,A191,A201,2,0,0,51397.0,CHINA
A11,24,A33,A43,783.0,A61,A72,4,A92,A101,2,A123,29,A143,A151,1,A172,1,A192,A201,2,1,1,37241.0,CHINA
A14,24,A32,A42,418.0,A65,A74,4,A93,A101,2,A123,31,A142,A152,1,A173,1,A192,A201,1,0,1,16408.0,CHINA
A14,30,A34,A43,2574.0,A61,A74,4,A92,A101,4,A123,26,A143,A151,1,A174,1,A192,A201,1,0,0,106502.0,CHINA
A11,12,A32,A42,3440.0,A61,A75,4,A93,A101,4,A124,53,A143,A153,1,A174,1,A192,A201,2,1,0,162171.0,CHINA
A11,10,A34,A42,1120.0,A65,A72,2,A92,A102,3,A121,27,A143,A151,2,A173,1,A191,A202,1,0,1,38637.0,CHINA
A14,11,A34,A40,604.0,A61,A72,4,A92,A101,4,A123,35,A143,A152,2,A174,1,A191,A201,1,0,0,35196.0,CHINA
A14,24,A33,A49,1209.0,A63,A73,4,A93,A101,2,A123,44,A143,A152,2,A173,2,A192,A201,1,0,0,46656.0,CHINA
A14,6,A34,A43,665.0,A61,A74,1,A92,A101,2,A123,24,A143,A151,2,A173,1,A192,A201,1,0,0,17058.0,CHINA
A14,24,A33,A49,1758.0,A61,A73,1,A93,A101,2,A124,32,A143,A153,1,A173,1,A191,A201,1,0,0,67719.0,CHINA
A11,12,A32,A42,606.0,A65,A75,2,A91,A101,4,A122,49,A143,A152,1,A172,1,A192,A201,1,0,1,21016.0,CHINA
A14,36,A32,A40,430.0,A63,A75,4,A93,A101,4,A122,36,A143,A152,1,A173,1,A191,A201,1,0,1,23746.0,CHINA
A11,12,A32,A40,467.0,A65,A73,4,A94,A101,2,A123,23,A143,A152,1,A173,1,A191,A201,2,1,1,15488.0,CHINA
A11,24,A32,A43,1161.0,A61,A72,4,A92,A101,4,A121,35,A143,A152,1,A173,1,A192,A201,2,1,0,59200.0,CHINA
A14,12,A34,A42,816.0,A64,A74,3,A92,A101,2,A122,35,A143,A152,1,A173,1,A191,A202,1,0,1,34228.0,CHINA
A14,12,A34,A46,372.0,A61,A73,4,A93,A101,2,A123,32,A143,A152,2,A173,1,A191,A201,1,0,1,14309.0,CHINA
A11,24,A32,A41,1564.0,A61,A74,2,A93,A101,1,A124,34,A143,A153,1,A174,1,A192,A201,1,0,0,65161.0,CHINA
A12,24,A32,A410,5744.0,A61,A73,2,A93,A102,3,A123,29,A141,A152,2,A174,1,A192,A201,2,1,0,325632.0,CHINA
A12,36,A32,A43,2691.0,A61,A72,4,A92,A101,1,A124,30,A143,A152,1,A174,1,A192,A201,1,0,1,152444.0,CHINA
A11,15,A32,A40,1136.0,A61,A71,1,A92,A101,4,A123,23,A143,A151,1,A173,1,A191,A201,1,0,0,45561.0,CHINA
A11,18,A32,A42,895.0,A61,A73,1,A92,A101,4,A121,20,A141,A151,1,A173,1,A191,A201,2,1,0,42558.0,CHINA
A12,9,A32,A46,661.0,A61,A74,4,A92,A101,4,A122,67,A143,A152,2,A174,1,A192,A201,1,0,0,23091.0,CHINA
A13,10,A32,A40,1844.0,A61,A72,1,A93,A103,1,A122,37,A143,A152,1,A172,2,A191,A201,1,0,1,68543.0,CHINA
A11,18,A32,A42,1940.0,A61,A72,1,A92,A101,4,A123,22,A143,A151,1,A173,1,A191,A201,1,0,0,112970.0,CHINA
A11,45,A32,A43,813.0,A61,A73,4,A93,A101,4,A124,23,A143,A153,1,A173,1,A192,A201,2,1,0,31577.0,CHINA
A12,42,A34,A49,2940.0,A61,A74,2,A92,A101,1,A121,41,A141,A152,2,A172,1,A191,A201,1,0,0,144885.0,CHINA
A14,18,A32,A45,1095.0,A61,A72,4,A92,A101,4,A121,23,A143,A152,1,A173,1,A191,A201,2,1,0,59398.0,CHINA
A14,12,A32,A43,1058.0,A62,A74,3,A93,A101,1,A124,35,A143,A152,1,A173,1,A191,A201,1,0,0,42570.0,CHINA
A12,24,A34,A41,4061.0,A64,A75,2,A92,A101,4,A124,29,A143,A151,1,A173,1,A191,A201,1,0,0,92055.0,CHINA
A11,12,A34,A43,209.0,A61,A74,4,A92,A101,3,A121,58,A143,A152,4,A172,1,A192,A201,1,0,0,5137.0,CHINA
A12,24,A32,A41,5587.0,A61,A75,4,A92,A101,2,A124,44,A143,A153,1,A174,1,A192,A201,2,1,0,301936.0,CHINA
A11,24,A32,A42,2304.0,A61,A73,4,A93,A101,4,A122,28,A143,A152,1,A173,1,A191,A201,1,0,0,74442.0,CHINA
A11,24,A32,A42,1432.0,A61,A72,4,A92,A101,4,A121,23,A143,A151,1,A172,1,A192,A201,2,1,0,82697.0,CHINA
A11,36,A33,A49,1215.0,A61,A74,2,A93,A101,1,A123,24,A143,A152,2,A173,1,A192,A201,2,1,0,54271.0,CHINA
A14,10,A32,A40,576.0,A65,A75,4,A93,A102,2,A122,45,A143,A152,1,A172,1,A191,A202,1,0,0,22716.0,CHINA
A13,9,A32,A43,389.0,A61,A73,3,A92,A101,2,A121,28,A143,A152,1,A172,1,A191,A201,2,1,0,13195.0,CHINA
A12,15,A34,A43,1488.0,A65,A74,4,A93,A103,2,A121,35,A141,A152,3,A173,1,A192,A201,1,0,0,50652.0,CHINA
A11,24,A32,A40,2555.0,A61,A74,2,A93,A102,3,A122,31,A143,A152,1,A173,1,A192,A201,2,1,0,63809.0,CHINA
A14,24,A33,A49,1413.0,A65,A73,4,A93,A101,4,A121,32,A143,A152,2,A173,2,A192,A201,1,0,1,73897.0,CHINA
A14,24,A32,A43,737.0,A61,A74,3,A93,A101,1,A123,32,A141,A152,1,A173,2,A191,A201,1,0,0,27100.0,CHINA
A13,18,A31,A43,667.0,A65,A74,4,A93,A101,4,A123,49,A141,A152,1,A172,1,A191,A201,1,0,0,26640.0,CHINA
A12,20,A32,A41,3259.0,A65,A71,1,A91,A101,4,A121,60,A143,A152,1,A174,1,A192,A201,1,0,1,145615.0,CHINA
A11,48,A32,A49,2184.0,A61,A72,3,A92,A101,4,A122,24,A143,A151,1,A173,1,A191,A201,2,1,1,65621.0,CHINA
A12,9,A32,A42,523.0,A61,A73,4,A92,A101,1,A122,30,A143,A152,1,A173,1,A191,A201,2,1,0,24657.0,CHINA
A14,12,A32,A42,837.0,A61,A74,3,A92,A101,4,A121,31,A143,A152,1,A172,1,A191,A201,1,0,0,24970.0,CHINA
A14,24,A32,A43,1588.0,A61,A72,4,A92,A101,4,A122,26,A143,A152,1,A173,1,A192,A201,1,0,0,44351.0,CHINA
A11,24,A32,A40,1275.0,A61,A75,4,A93,A102,1,A121,45,A143,A152,1,A173,1,A191,A201,2,1,0,37313.0,CHINA
A11,15,A32,A42,929.0,A61,A72,4,A92,A103,1,A122,46,A143,A151,1,A173,1,A191,A201,1,0,1,27248.0,CHINA
A13,6,A32,A40,400.0,A64,A72,2,A94,A101,2,A121,27,A143,A152,1,A171,1,A191,A202,1,0,1,10738.0,CHINA
A12,36,A33,A40,1256.0,A61,A75,4,A93,A101,4,A124,57,A141,A153,2,A173,1,A192,A201,2,1,0,63233.0,CHINA
A12,24,A32,A40,739.0,A61,A72,3,A92,A101,4,A123,25,A143,A152,1,A172,1,A192,A201,2,1,0,22505.0,CHINA
A11,24,A32,A43,2037.0,A61,A73,2,A92,A101,4,A123,28,A143,A152,1,A173,1,A191,A201,1,0,1,60249.0,CHINA
A11,12,A32,A43,363.0,A61,A75,4,A93,A101,4,A121,57,A142,A152,1,A172,1,A191,A201,2,1,1,14268.0,CHINA
A14,36,A33,A41,3996.0,A65,A74,3,A93,A101,2,A123,31,A142,A152,1,A174,2,A192,A201,1,0,0,98097.0,CHINA
A14,12,A34,A42,610.0,A61,A72,2,A92,A101,4,A122,22,A143,A151,2,A172,1,A191,A201,1,0,1,31770.0,CHINA
A11,42,A32,A42,3462.0,A61,A74,2,A93,A103,4,A122,45,A143,A153,1,A173,2,A191,A201,1,0,0,111909.0,CHINA
A14,18,A34,A41,1799.0,A61,A74,3,A93,A101,1,A123,27,A143,A152,2,A173,1,A191,A201,1,0,0,85476.0,CHINA
A14,30,A34,A43,3202.0,A61,A74,3,A93,A102,2,A123,38,A143,A152,1,A173,1,A191,A201,1,0,1,115048.0,CHINA
A14,36,A34,A40,3656.0,A61,A75,4,A93,A101,4,A123,34,A143,A152,2,A174,1,A192,A201,1,0,0,199904.0,CHINA
A12,48,A30,A49,1752.0,A62,A74,4,A93,A101,4,A124,34,A143,A153,1,A172,2,A191,A201,2,1,0,46686.0,CHINA
A12,21,A32,A42,1962.0,A65,A74,2,A93,A101,3,A123,35,A143,A152,1,A173,1,A192,A201,1,0,1,87494.0,CHINA
A14,36,A32,A40,1474.0,A65,A73,4,A93,A101,4,A121,36,A143,A152,1,A173,1,A191,A201,1,0,0,73990.0,CHINA
A14,6,A32,A43,1204.0,A61,A74,2,A94,A101,2,A121,29,A143,A151,1,A173,1,A191,A201,1,0,0,60136.0,CHINA
A11,30,A30,A42,2325.0,A61,A73,2,A91,A103,2,A121,32,A143,A152,2,A173,1,A191,A201,1,0,1,58590.0,CHINA
A14,7,A33,A43,380.0,A65,A75,3,A93,A101,4,A124,36,A143,A153,1,A173,1,A191,A201,1,0,0,16173.0,CHINA
A11,36,A32,A46,1087.0,A65,A75,4,A93,A101,4,A124,40,A143,A152,1,A174,1,A192,A201,2,1,0,59545.0,CHINA
A14,15,A32,A40,1582.0,A65,A73,3,A93,A101,2,A124,29,A143,A152,1,A173,1,A191,A201,1,0,0,79837.0,CHINA
A14,24,A32,A49,2297.0,A64,A73,2,A93,A101,3,A122,54,A143,A152,3,A174,1,A192,A201,2,0,0,81214.0,CHINA
A14,24,A32,A42,2490.0,A62,A73,4,A93,A101,1,A123,25,A142,A152,1,A173,1,A191,A201,1,0,0,95414.0,CHINA
A12,21,A34,A42,1171.0,A64,A74,3,A93,A101,2,A123,32,A143,A152,2,A173,1,A192,A201,1,0,1,41736.0,CHINA
A14,14,A33,A40,417.0,A61,A73,4,A93,A101,2,A123,27,A143,A152,2,A172,1,A191,A201,1,0,1,9569.0,CHINA
A14,24,A34,A42,1644.0,A64,A73,4,A93,A101,4,A121,50,A143,A152,1,A173,1,A192,A201,1,0,1,63175.0,CHINA
A14,15,A34,A42,740.0,A65,A75,4,A93,A101,4,A122,63,A143,A152,1,A173,1,A191,A201,1,0,0,39016.0,CHINA
A11,24,A32,A43,1110.0,A61,A72,4,A91,A101,3,A122,32,A143,A152,1,A173,1,A191,A201,2,1,0,43699.0,CHINA
A14,24,A32,A43,1681.0,A63,A75,3,A93,A101,2,A123,31,A143,A152,1,A173,2,A192,A201,1,0,1,47787.0,CHINA
A13,12,A32,A43,680.0,A61,A73,3,A94,A101,4,A121,23,A143,A151,1,A173,1,A191,A201,1,0,0,24322.0,CHINA
A11,12,A32,A44,398.0,A62,A71,4,A92,A101,3,A122,22,A143,A152,1,A173,1,A191,A201,2,1,0,17112.0,CHINA
A13,6,A32,A40,319.0,A64,A72,2,A94,A101,2,A121,27,A143,A152,1,A171,1,A191,A202,1,0,0,9284.0,CHINA
A12,6,A32,A43,397.0,A61,A73,2,A92,A103,3,A121,64,A143,A152,1,A173,1,A191,A201,1,0,0,16354.0,CHINA
A12,36,A33,A40,979.0,A61,A75,4,A93,A101,4,A124,57,A141,A153,2,A173,1,A192,A201,2,1,0,48762.0,CHINA
A12,18,A32,A46,661.0,A65,A73,4,A93,A101,4,A124,61,A143,A153,1,A173,1,A191,A201,1,0,0,24350.0,CHINA
A12,48,A30,A49,1989.0,A62,A74,4,A93,A101,4,A124,34,A143,A153,1,A172,2,A191,A201,2,1,0,99195.0,CHINA
A13,9,A32,A43,376.0,A61,A73,3,A92,A101,2,A121,28,A143,A152,1,A172,1,A191,A201,2,1,0,20295.0,CHINA
A11,36,A32,A40,1474.0,A61,A74,2,A93,A101,4,A124,39,A141,A153,1,A174,2,A192,A201,1,0,0,41275.0,CHINA
A11,36,A34,A42,1272.0,A61,A73,3,A94,A101,2,A122,46,A143,A152,2,A173,1,A192,A201,1,0,0,73290.0,CHINA
A13,12,A31,A49,263.0,A61,A72,4,A92,A101,1,A121,26,A143,A152,1,A171,1,A191,A201,2,1,1,10429.0,CHINA
A12,12,A32,A40,3357.0,A65,A71,1,A92,A101,2,A121,24,A143,A151,1,A171,1,A191,A201,1,0,1,166020.0,CHINA
A14,15,A32,A40,1788.0,A64,A74,2,A92,A101,3,A123,20,A143,A151,1,A173,1,A191,A201,1,0,0,87362.0,CHINA
A14,15,A32,A40,1676.0,A65,A73,3,A93,A101,2,A124,29,A143,A152,1,A173,1,A191,A201,1,0,0,41177.0,CHINA
A14,10,A32,A48,444.0,A65,A74,4,A92,A101,3,A122,40,A143,A152,1,A173,1,A192,A201,1,0,0,16816.0,CHINA
A12,18,A30,A42,1421.0,A61,A73,1,A92,A101,4,A123,33,A141,A152,2,A173,1,A192,A201,1,0,0,65382.0,CHINA
A13,24,A32,A43,698.0,A62,A75,4,A92,A101,2,A124,47,A143,A153,1,A173,1,A192,A201,1,0,0,24765.0,CHINA
A14,18,A32,A41,1684.0,A65,A73,2,A93,A101,1,A122,31,A143,A152,1,A173,1,A192,A201,1,0,0,67263.0,CHINA
A12,12,A32,A40,1130.0,A61,A74,3,A93,A101,4,A122,30,A143,A151,1,A173,2,A192,A201,1,0,0,30468.0,CHINA
A14,24,A34,A42,1799.0,A64,A73,4,A93,A101,4,A121,50,A143,A152,1,A173,1,A192,A201,1,0,1,75341.0,CHINA
A12,7,A32,A43,1108.0,A61,A72,1,A92,A103,1,A121,45,A143,A152,1,A173,1,A191,A201,1,0,0,47343.0,CHINA
A14,30,A32,A41,2574.0,A65,A74,2,A92,A101,4,A122,24,A142,A151,1,A172,1,A191,A201,1,0,1,148760.0,CHINA
A12,36,A34,A40,1498.0,A61,A72,4,A91,A101,4,A123,27,A143,A152,2,A173,1,A191,A201,2,0,0,34235.0,CHINA
A11,36,A32,A41,3572.0,A65,A75,3,A93,A101,4,A124,47,A143,A153,1,A173,1,A191,A201,2,0,0,108873.0,CHINA
A14,14,A33,A40,450.0,A61,A73,4,A93,A101,2,A123,27,A143,A152,2,A172,1,A191,A201,1,0,0,15071.0,CHINA
A12,18,A32,A49,1996.0,A61,A75,1,A93,A102,1,A121,33,A141,A152,1,A174,1,A192,A201,1,0,0,69189.0,CHINA
A12,24,A34,A49,1028.0,A61,A75,4,A91,A101,4,A121,31,A143,A152,2,A173,1,A192,A201,2,1,0,37097.0,CHINA
A11,6,A34,A43,859.0,A61,A74,1,A92,A101,4,A123,31,A143,A152,1,A173,1,A191,A201,1,0,0,41085.0,CHINA
A12,24,A32,A43,2707.0,A65,A75,2,A92,A101,4,A123,42,A143,A152,1,A173,1,A192,A201,1,0,1,97416.0,CHINA
A11,12,A32,A43,397.0,A61,A75,4,A93,A101,4,A121,57,A142,A152,1,A172,1,A191,A201,2,0,0,19755.0,CHINA
A14,12,A34,A43,617.0,A65,A75,4,A92,A101,2,A121,38,A143,A152,2,A173,1,A192,A201,1,0,1,19059.0,CHINA
A14,15,A34,A42,1907.0,A61,A73,4,A93,A101,2,A124,28,A143,A153,1,A173,1,A192,A201,1,0,0,77001.0,CHINA
A12,12,A32,A40,425.0,A61,A75,4,A93,A101,4,A123,41,A141,A152,1,A172,2,A191,A201,2,1,0,20250.0,CHINA
A12,24,A33,A49,2664.0,A65,A73,4,A93,A101,2,A122,37,A141,A152,2,A174,1,A192,A201,1,0,0,84610.0,CHINA
A14,10,A32,A40,614.0,A61,A73,2,A92,A101,4,A123,64,A143,A152,1,A173,1,A192,A201,1,0,0,32289.0,CHINA
A14,15,A34,A46,803.0,A62,A73,4,A92,A101,3,A123,31,A143,A152,1,A173,1,A191,A201,1,0,0,21976.0,CHINA
A12,9,A32,A42,1133.0,A65,A74,2,A93,A101,1,A123,24,A143,A152,1,A173,1,A192,A201,1,0,0,48728.0,CHINA
A11,45,A32,A43,915.0,A61,A73,4,A93,A101,4,A124,23,A143,A153,1,A173,1,A192,A201,2,1,0,33117.0,CHINA
A12,30,A33,A49,1221.0,A62,A75,4,A93,A101,2,A122,41,A142,A152,2,A173,1,A191,A201,1,0,0,57174.0,CHINA
A12,11,A34,A40,710.0,A64,A73,4,A92,A101,4,A123,40,A143,A152,2,A173,1,A191,A201,1,0,0,40539.0,CHINA
A14,10,A32,A41,1449.0,A62,A73,1,A93,A102,2,A121,32,A143,A152,1,A173,2,A191,A201,1,0,0,37814.0,CHINA
A13,18,A32,A42,1691.0,A61,A72,1,A92,A101,1,A122,45,A142,A152,1,A172,1,A191,A201,1,0,0,44303.0,CHINA
A13,15,A32,A46,196.0,A61,A72,4,A92,A101,4,A122,23,A143,A151,1,A173,1,A192,A201,1,0,0,10227.0,CHINA
A12,9,A32,A49,791.0,A61,A73,2,A94,A101,1,A121,27,A141,A152,1,A173,1,A192,A201,1,0,0,19977.0,CHINA
A14,12,A32,A42,901.0,A61,A74,3,A92,A101,4,A121,31,A143,A152,1,A172,1,A191,A201,1,0,0,29226.0,CHINA
A12,39,A34,A43,2513.0,A61,A74,2,A93,A103,2,A121,25,A143,A152,2,A173,1,A191,A201,2,1,0,132072.0,CHINA
A11,18,A32,A43,1475.0,A61,A73,2,A92,A101,2,A121,24,A143,A152,1,A173,1,A191,A201,2,1,1,68066.0,CHINA
A14,9,A32,A42,1207.0,A62,A72,2,A92,A101,4,A122,22,A143,A151,1,A173,1,A191,A201,1,0,0,40189.0,CHINA
A14,12,A34,A46,387.0,A61,A73,4,A93,A101,2,A123,32,A143,A152,2,A173,1,A191,A201,1,0,0,10706.0,CHINA
A11,21,A32,A43,1154.0,A61,A72,4,A92,A101,4,A122,28,A143,A151,1,A174,1,A192,A201,1,0,0,36347.0,CHINA
A11,18,A32,A42,1220.0,A64,A73,4,A93,A101,2,A123,28,A143,A152,1,A173,1,A191,A201,1,0,0,45899.0,CHINA
A11,18,A32,A42,978.0,A61,A73,1,A92,A101,4,A121,20,A141,A151,1,A173,1,A191,A201,2,1,0,36000.0,CHINA
A11,18,A32,A42,1010.0,A61,A73,1,A92,A101,4,A121,20,A141,A151,1,A173,1,A191,A201,2,1,0,35469.0,CHINA
A12,15,A34,A43,1201.0,A65,A74,4,A93,A103,2,A121,35,A141,A152,3,A173,1,A192,A201,1,0,0,69289.0,CHINA
A11,24,A32,A42,1634.0,A65,A73,2,A94,A101,4,A123,20,A143,A152,1,A173,1,A191,A201,2,1,0,47572.0,CHINA
A14,18,A34,A41,1609.0,A65,A71,2,A93,A101,4,A124,38,A143,A152,1,A174,1,A192,A201,1,0,0,44938.0,CHINA
A14,24,A33,A41,2477.0,A61,A74,3,A93,A101,3,A123,35,A143,A152,2,A172,1,A192,A201,1,0,0,102724.0,CHINA
A12,48,A32,A49,8230.0,A61,A73,2,A93,A101,2,A123,23,A143,A152,1,A173,1,A192,A201,2,1,0,313027.0,CHINA
A12,6,A32,A43,406.0,A61,A73,2,A92,A103,3,A121,64,A143,A152,1,A173,1,A191,A201,1,0,0,9731.0,CHINA
A14,30,A34,A43,2461.0,A61,A74,4,A92,A101,4,A123,26,A143,A151,1,A174,1,A192,A201,1,0,0,77917.0,CHINA
A14,6,A34,A40,190.0,A62,A73,4,A92,A101,4,A123,52,A143,A152,2,A172,1,A191,A201,1,0,0,6683.0,CHINA
A12,6,A31,A40,442.0,A62,A72,1,A92,A101,1,A122,32,A142,A152,1,A172,1,A191,A201,2,0,0,20927.0,CHINA
A11,18,A32,A40,1910.0,A62,A73,3,A93,A101,4,A123,35,A143,A152,1,A172,2,A192,A201,1,0,0,91618.0,CHINA
A12,36,A30,A49,927.0,A61,A75,4,A93,A101,4,A124,61,A143,A153,1,A174,1,A192,A201,2,1,0,35242.0,CHINA
A13,6,A33,A43,389.0,A61,A72,2,A92,A101,1,A122,29,A141,A152,1,A173,1,A191,A201,1,0,0,10324.0,CHINA
A14,48,A33,A43,3750.0,A65,A75,3,A93,A101,3,A123,32,A141,A152,2,A173,2,A191,A201,1,0,1,182110.0,CHINA
A11,15,A32,A43,512.0,A61,A72,4,A94,A101,2,A121,27,A143,A152,1,A173,1,A191,A202,1,0,0,29355.0,CHINA
A12,12,A32,A43,560.0,A63,A73,3,A91,A101,1,A123,26,A143,A152,1,A173,1,A192,A201,1,0,0,32457.0,CHINA
A14,18,A31,A40,2888.0,A61,A75,2,A93,A101,4,A124,39,A141,A152,2,A174,2,A192,A201,2,1,0,101455.0,CHINA
A14,12,A34,A49,535.0,A61,A73,3,A92,A101,2,A121,27,A143,A152,2,A173,1,A191,A201,1,0,0,20194.0,CHINA
A14,12,A33,A41,729.0,A61,A73,4,A94,A101,4,A121,41,A143,A151,1,A173,1,A191,A201,1,0,0,17602.0,CHINA
A14,15,A32,A44,407.0,A65,A72,4,A92,A101,1,A121,24,A143,A152,1,A173,1,A191,A201,1,0,0,9679.0,CHINA
A11,12,A34,A40,384.0,A61,A75,4,A93,A101,3,A122,35,A143,A152,2,A173,1,A191,A201,2,1,0,14121.0,CHINA
A14,6,A32,A43,1208.0,A61,A74,2,A94,A101,2,A121,29,A143,A151,1,A173,1,A191,A201,1,0,0,38654.0,CHINA
A14,11,A32,A49,1136.0,A64,A75,1,A91,A101,2,A121,28,A143,A152,1,A173,1,A192,A201,1,0,0,64035.0,CHINA
A14,12,A33,A41,674.0,A61,A73,4,A94,A101,4,A121,41,A143,A151,1,A173,1,A191,A201,1,0,0,28197.0,CHINA
A14,24,A33,A40,1439.0,A61,A75,4,A93,A101,4,A123,47,A143,A152,2,A172,2,A191,A201,2,1,0,84173.0,CHINA
A13,6,A32,A40,374.0,A64,A72,2,A94,A101,2,A121,27,A143,A152,1,A171,1,A191,A202,1,0,0,19562.0,CHINA
A14,9,A32,A43,1501.0,A62,A75,3,A93,A102,4,A123,35,A143,A152,1,A173,1,A192,A201,1,0,0,54050.0,CHINA
A14,12,A34,A42,1716.0,A61,A75,2,A93,A101,4,A122,42,A142,A152,1,A173,1,A191,A201,1,0,0,71911.0,CHINA
A12,42,A34,A49,2813.0,A61,A74,2,A92,A101,1,A121,41,A141,A152,2,A172,1,A191,A201,1,0,0,119325.0,CHINA
A14,18,A34,A43,554.0,A64,A73,4,A93,A101,3,A121,46,A143,A152,2,A173,1,A191,A201,1,0,1,18042.0,CHINA
A12,36,A33,A40,3239.0,A61,A73,2,A92,A101,2,A122,54,A143,A151,1,A173,1,A191,A201,1,0,0,73987.0,CHINA
A14,9,A32,A44,571.0,A61,A72,1,A92,A101,4,A121,23,A143,A151,1,A173,1,A192,A201,1,0,1,29891.0,CHINA
A14,12,A34,A46,890.0,A65,A74,4,A92,A101,2,A123,61,A143,A152,1,A173,1,A191,A201,1,0,0,39772.0,CHINA
A12,12,A34,A41,1033.0,A62,A72,3,A93,A101,4,A122,44,A143,A152,1,A173,1,A191,A201,1,0,1,48655.0,CHINA
A11,24,A32,A43,1028.0,A61,A73,2,A93,A101,4,A121,21,A143,A151,1,A172,2,A191,A201,2,1,0,33009.0,CHINA
A11,12,A32,A42,314.0,A61,A75,4,A92,A101,4,A122,24,A143,A151,1,A173,1,A191,A201,1,0,0,13993.0,CHINA
A11,12,A34,A43,218.0,A61,A74,4,A92,A101,3,A121,58,A143,A152,4,A172,1,A192,A201,1,0,0,5048.0,CHINA
A12,6,A32,A45,215.0,A61,A72,3,A94,A101,1,A122,22,A143,A152,1,A172,1,A191,A201,1,0,1,9676.0,CHINA
A14,24,A34,A40,1092.0,A61,A73,4,A92,A101,4,A123,37,A143,A152,1,A173,1,A192,A201,1,0,1,52419.0,CHINA
A14,10,A32,A40,693.0,A65,A75,4,A93,A102,2,A122,45,A143,A152,1,A172,1,A191,A202,1,0,0,28698.0,CHINA
A14,24,A32,A41,2934.0,A65,A75,3,A93,A101,4,A123,41,A143,A152,1,A174,2,A192,A201,1,0,0,142151.0,CHINA
A14,48,A32,A49,2360.0,A61,A71,3,A93,A101,2,A123,33,A141,A151,1,A174,1,A192,A201,2,1,0,96601.0,CHINA
A12,24,A34,A43,829.0,A61,A75,4,A93,A101,2,A122,48,A143,A152,2,A172,1,A191,A201,1,0,0,18793.0,CHINA
A14,10,A34,A42,1076.0,A61,A72,1,A92,A101,3,A121,23,A143,A151,2,A173,1,A191,A201,1,0,1,60852.0,CHINA
A14,12,A32,A41,624.0,A64,A74,3,A93,A101,2,A122,55,A143,A152,1,A173,1,A191,A202,1,0,1,28099.0,CHINA
A11,48,A30,A41,2261.0,A61,A75,3,A93,A101,4,A124,24,A143,A153,2,A173,2,A191,A201,2,1,1,105458.0,CHINA
A14,42,A32,A43,4066.0,A65,A74,2,A94,A101,4,A122,29,A143,A151,1,A173,1,A192,A201,1,0,1,175023.0,CHINA
A12,7,A32,A43,1395.0,A61,A73,2,A93,A103,2,A121,35,A143,A152,1,A173,1,A191,A201,1,0,0,41158.0,CHINA
A12,24,A33,A43,3440.0,A61,A72,1,A93,A101,2,A123,33,A143,A152,1,A173,1,A191,A201,1,0,0,106818.0,CHINA
A11,24,A32,A41,1223.0,A65,A75,2,A92,A101,4,A121,26,A143,A151,1,A173,1,A191,A201,1,0,0,71278.0,CHINA
A12,9,A32,A43,520.0,A61,A75,4,A93,A101,4,A123,27,A143,A152,2,A172,1,A191,A201,1,0,0,15021.0,CHINA
A14,27,A34,A42,1931.0,A64,A72,4,A93,A101,2,A121,32,A142,A152,2,A172,2,A192,A201,1,0,0,56439.0,CHINA
A14,24,A32,A43,1569.0,A61,A72,4,A92,A101,4,A122,26,A143,A152,1,A173,1,A192,A201,1,0,1,44986.0,CHINA
A11,18,A32,A43,1350.0,A61,A73,4,A93,A101,4,A124,65,A143,A153,2,A173,1,A191,A201,2,1,0,56070.0,CHINA
A14,15,A34,A42,1464.0,A61,A74,2,A92,A102,3,A123,24,A141,A152,2,A173,1,A191,A201,1,0,1,85132.0,CHINA
A11,12,A34,A40,923.0,A61,A73,4,A93,A101,2,A122,30,A143,A152,2,A173,1,A191,A201,1,0,1,25815.0,CHINA
A11,18,A32,A43,940.0,A65,A74,2,A94,A101,4,A123,23,A143,A151,2,A172,1,A191,A201,1,0,0,41869.0,CHINA
A14,30,A32,A43,1236.0,A63,A75,4,A93,A101,2,A123,30,A141,A152,1,A174,1,A191,A201,1,0,0,36696.0,CHINA
A14,11,A34,A40,3333.0,A61,A73,1,A93,A101,4,A122,39,A143,A152,2,A172,1,A191,A201,1,0,1,95824.0,CHINA
A14,6,A32,A44,648.0,A63,A73,1,A91,A101,4,A121,62,A143,A152,1,A173,1,A191,A201,1,0,0,31910.0,CHINA
A14,36,A34,A40,3619.0,A61,A75,4,A93,A101,4,A123,34,A143,A152,2,A174,1,A192,A201,1,0,0,203698.0,CHINA
A14,24,A32,A41,4085.0,A61,A74,3,A93,A101,3,A123,38,A143,A152,1,A174,1,A192,A201,1,0,0,145149.0,CHINA
A14,36,A33,A49,5313.0,A61,A72,1,A91,A101,1,A123,28,A143,A152,2,A173,1,A191,A201,2,1,1,170341.0,CHINA
A13,12,A32,A43,709.0,A61,A73,3,A94,A101,4,A121,23,A143,A151,1,A173,1,A191,A201,1,0,1,18868.0,CHINA
A14,21,A33,A41,1545.0,A61,A73,3,A93,A101,2,A121,28,A142,A152,2,A172,1,A191,A201,1,0,0,85014.0,CHINA
A14,6,A32,A42,1417.0,A63,A73,1,A93,A101,2,A123,32,A143,A152,1,A173,1,A192,A201,1,0,1,59329.0,CHINA
A13,12,A33,A40,1264.0,A61,A73,2,A92,A101,2,A123,36,A142,A152,2,A173,1,A192,A201,1,0,0,57764.0,CHINA
A11,15,A32,A40,634.0,A61,A73,2,A92,A101,4,A123,28,A143,A151,1,A173,1,A191,A201,1,0,0,36654.0,CHINA
A11,18,A32,A42,946.0,A61,A73,1,A92,A101,4,A121,20,A141,A151,1,A173,1,A191,A201,2,0,0,35533.0,CHINA
A11,6,A34,A42,1775.0,A61,A73,1,A91,A101,4,A121,44,A143,A151,1,A174,1,A192,A201,2,1,0,83381.0,CHINA
A14,24,A34,A41,3891.0,A65,A73,2,A93,A101,4,A122,46,A143,A152,2,A174,2,A192,A201,1,0,0,183239.0,CHINA
A12,36,A33,A40,1271.0,A62,A75,4,A93,A101,3,A124,30,A143,A153,1,A173,1,A191,A201,1,0,0,29523.0,CHINA
A12,21,A34,A49,1798.0,A61,A74,2,A93,A101,3,A122,27,A143,A152,2,A173,1,A191,A201,1,0,0,71969.0,CHINA
A12,36,A34,A40,1538.0,A61,A72,4,A91,A101,4,A123,27,A143,A152,2,A173,1,A191,A201,2,1,1,36947.0,CHINA
A14,6,A32,A45,342.0,A63,A74,2,A94,A101,4,A121,23,A143,A151,1,A172,1,A191,A201,1,0,0,12353.0,CHINA
A13,15,A32,A43,1180.0,A61,A72,2,A92,A101,3,A121,25,A143,A152,1,A172,1,A191,A201,2,1,0,49625.0,CHINA
A14,12,A34,A43,226.0,A63,A75,4,A93,A101,4,A122,42,A143,A152,2,A173,2,A192,A201,1,0,0,6432.0,CHINA
A14,12,A32,A41,1359.0,A65,A72,2,A94,A101,4,A123,26,A143,A151,1,A173,1,A192,A201,1,0,0,40419.0,CHINA
A14,12,A32,A40,542.0,A61,A73,3,A94,A101,2,A121,27,A143,A152,2,A173,1,A192,A201,1,0,1,28360.0,CHINA
A11,24,A32,A43,1019.0,A61,A72,4,A91,A101,3,A122,32,A143,A152,1,A173,1,A191,A201,2,0,0,23425.0,CHINA
A14,28,A34,A43,1561.0,A61,A75,4,A93,A101,2,A123,29,A143,A152,2,A173,1,A191,A201,1,0,1,38980.0,CHINA
A14,9,A32,A42,1317.0,A62,A72,2,A92,A101,4,A122,22,A143,A151,1,A173,1,A191,A201,1,0,0,62836.0,CHINA
A12,48,A32,A43,1847.0,A65,A74,4,A93,A101,1,A123,41,A143,A152,2,A173,2,A192,A201,1,0,0,97728.0,CHINA
A12,60,A33,A43,4282.0,A65,A73,2,A93,A101,2,A124,27,A143,A153,1,A174,1,A191,A201,1,0,0,204763.0,CHINA
A14,15,A34,A40,2370.0,A65,A75,1,A92,A101,4,A123,59,A143,A152,1,A173,1,A192,A201,1,0,0,98518.0,CHINA
A13,24,A32,A42,867.0,A61,A73,2,A93,A101,2,A121,26,A143,A152,1,A173,1,A191,A201,1,0,1,45223.0,CHINA
A12,12,A32,A49,516.0,A62,A74,3,A93,A101,4,A121,39,A143,A152,1,A172,1,A191,A201,1,0,0,29380.0,CHINA
A12,24,A34,A410,6512.0,A61,A73,2,A93,A102,3,A123,39,A143,A152,2,A174,2,A192,A201,2,1,1,173287.0,CHINA
A12,10,A31,A43,460.0,A61,A73,4,A93,A101,4,A121,23,A142,A152,1,A172,1,A191,A201,1,0,0,23847.0,CHINA
A12,60,A33,A43,5086.0,A65,A73,2,A93,A101,2,A124,27,A143,A153,1,A174,1,A191,A201,1,0,0,224070.0,CHINA
A12,24,A32,A43,896.0,A61,A75,4,A92,A101,4,A123,20,A143,A152,1,A173,1,A192,A201,1,0,0,50739.0,CHINA
A14,9,A32,A42,608.0,A61,A75,1,A93,A101,4,A123,20,A143,A152,1,A173,1,A191,A201,1,0,1,22240.0,CHINA
A14,6,A34,A40,177.0,A62,A73,4,A92,A101,4,A123,52,A143,A152,2,A172,1,A191,A201,1,0,0,6830.0,CHINA
A14,6,A33,A49,790.0,A62,A73,1,A93,A101,2,A121,34,A143,A152,2,A172,1,A191,A201,1,0,0,37971.0,CHINA
A13,24,A32,A43,2771.0,A61,A74,4,A93,A101,2,A123,25,A141,A152,1,A173,1,A191,A201,1,0,0,127939.0,CHINA
A14,36,A34,A41,3198.0,A61,A75,2,A93,A101,2,A122,35,A143,A152,2,A173,2,A192,A201,1,0,0,174536.0,CHINA
A12,30,A30,A49,2254.0,A62,A73,4,A92,A101,4,A123,26,A143,A151,2,A172,1,A191,A201,2,1,0,82346.0,CHINA
A14,30,A34,A41,3324.0,A65,A75,1,A93,A101,4,A123,63,A143,A152,2,A173,1,A191,A201,1,0,0,176191.0,CHINA
A14,18,A34,A40,773.0,A61,A73,3,A93,A101,2,A122,32,A141,A152,2,A173,1,A191,A201,2,1,0,43814.0,CHINA
A14,9,A32,A46,2178.0,A65,A75,1,A93,A101,4,A121,64,A143,A152,1,A172,1,A191,A201,1,0,0,78866.0,CHINA
A11,15,A34,A42,714.0,A61,A73,4,A92,A101,3,A122,25,A143,A151,2,A173,1,A191,A201,1,0,1,18235.0,CHINA
A11,42,A33,A43,2457.0,A61,A74,3,A93,A101,2,A122,26,A141,A152,2,A173,2,A192,A201,2,1,0,127354.0,CHINA
A11,24,A32,A41,2984.0,A61,A71,4,A93,A101,2,A124,29,A143,A153,1,A174,1,A192,A201,1,0,1,99717.0,CHINA
A11,12,A32,A46,383.0,A61,A72,4,A92,A101,4,A122,53,A143,A152,1,A173,1,A191,A201,2,0,0,18189.0,CHINA
A11,21,A34,A40,296.0,A61,A75,4,A93,A101,4,A121,65,A143,A152,2,A173,1,A191,A201,1,0,1,6686.0,CHINA
A11,24,A32,A42,1749.0,A61,A75,4,A93,A101,2,A122,39,A143,A151,1,A174,1,A192,A201,2,1,0,61547.0,CHINA
A11,8,A34,A40,395.0,A61,A75,4,A93,A101,4,A121,47,A143,A152,2,A172,1,A191,A201,1,0,0,10779.0,CHINA
A11,48,A34,A41,3176.0,A61,A75,4,A92,A101,4,A124,58,A142,A153,2,A172,1,A191,A201,2,1,0,73412.0,CHINA
A13,15,A32,A49,1304.0,A61,A74,2,A93,A101,4,A122,26,A143,A151,1,A173,1,A192,A201,1,0,1,50596.0,CHINA
A14,21,A30,A40,2361.0,A65,A73,1,A92,A101,4,A122,29,A141,A152,2,A173,1,A192,A201,2,0,0,100087.0,CHINA
A11,12,A34,A43,215.0,A61,A74,4,A92,A101,3,A121,58,A143,A152,4,A172,1,A192,A201,1,0,0,7395.0,CHINA
A11,18,A34,A40,2125.0,A61,A75,1,A92,A101,4,A121,33,A141,A151,3,A173,1,A192,A201,2,1,0,77776.0,CHINA
A14,21,A34,A42,1073.0,A61,A72,4,A92,A101,4,A122,23,A143,A152,1,A173,1,A192,A201,1,0,0,32713.0,CHINA
A14,36,A33,A42,4114.0,A63,A74,2,A92,A101,4,A123,40,A143,A152,2,A173,1,A192,A201,1,0,0,146430.0,CHINA
A12,12,A34,A44,731.0,A61,A74,4,A93,A101,3,A122,26,A143,A152,1,A173,1,A191,A201,1,0,0,18983.0,CHINA
A12,24,A32,A42,2147.0,A65,A73,1,A92,A101,4,A122,48,A143,A152,1,A172,1,A192,A201,1,0,1,121252.0,CHINA
A13,12,A34,A40,725.0,A63,A71,2,A93,A101,4,A124,66,A141,A153,3,A171,1,A191,A201,1,0,0,18208.0,CHINA
A11,18,A32,A43,1493.0,A61,A73,4,A93,A101,4,A124,65,A143,A153,2,A173,1,A191,A201,2,1,0,83010.0,CHINA
A14,12,A32,A43,1178.0,A65,A73,4,A93,A101,4,A124,37,A143,A153,1,A173,1,A192,A201,1,0,1,26871.0,CHINA
A14,6,A32,A48,672.0,A65,A71,4,A93,A101,4,A122,36,A143,A152,1,A174,2,A192,A201,1,0,0,29819.0,CHINA
A11,48,A30,A42,4008.0,A61,A73,3,A93,A101,4,A124,53,A143,A153,2,A173,2,A191,A201,2,1,0,121817.0,CHINA
A12,26,A32,A41,4181.0,A61,A72,2,A93,A101,3,A123,30,A143,A152,2,A173,1,A191,A201,1,0,0,167842.0,CHINA
A12,18,A34,A42,627.0,A61,A72,4,A92,A101,1,A122,27,A143,A152,2,A173,1,A191,A201,1,0,0,17998.0,CHINA
A12,48,A33,A49,3101.0,A65,A73,4,A93,A101,4,A124,38,A143,A153,1,A173,2,A192,A201,1,0,1,118684.0,CHINA
A13,12,A32,A43,1936.0,A65,A75,2,A93,A101,3,A123,37,A143,A152,1,A174,1,A191,A201,1,0,1,51498.0,CHINA
A13,30,A33,A49,968.0,A61,A75,4,A93,A101,4,A121,66,A143,A152,1,A174,1,A192,A201,2,0,0,50664.0,CHINA
A14,15,A32,A42,1320.0,A61,A72,2,A93,A101,3,A122,27,A141,A152,2,A172,1,A191,A201,1,0,1,31431.0,CHINA
A14,12,A32,A43,393.0,A61,A73,4,A93,A101,2,A121,30,A141,A152,2,A173,1,A191,A201,1,0,0,19286.0,CHINA
A14,18,A32,A41,1751.0,A65,A73,2,A93,A101,1,A122,31,A143,A152,1,A173,1,A192,A201,1,0,0,90295.0,CHINA
A14,36,A32,A42,1429.0,A61,A73,4,A92,A101,2,A123,28,A143,A152,1,A174,1,A192,A201,2,1,1,68821.0,CHINA
A12,12,A32,A45,329.0,A61,A73,4,A93,A101,2,A123,30,A143,A152,1,A173,1,A191,A201,2,1,0,12723.0,CHINA
A11,48,A32,A49,2169.0,A61,A72,3,A92,A101,4,A122,24,A143,A151,1,A173,1,A191,A201,2,1,1,71334.0,CHINA
A12,39,A33,A46,6741.0,A62,A74,2,A93,A101,3,A124,32,A143,A151,1,A173,1,A192,A201,1,0,0,295649.0,CHINA
A14,18,A32,A43,1082.0,A61,A72,4,A93,A101,1,A121,33,A143,A152,1,A173,1,A191,A201,1,0,0,38205.0,CHINA
A14,6,A32,A42,758.0,A64,A73,4,A91,A101,2,A121,33,A143,A152,1,A173,1,A191,A201,1,0,0,39202.0,CHINA
A11,24,A32,A43,2056.0,A61,A73,2,A92,A101,4,A123,28,A143,A152,1,A173,1,A191,A201,1,0,0,108281.0,CHINA
A12,30,A30,A49,2132.0,A62,A73,4,A92,A101,4,A123,26,A143,A151,2,A172,1,A191,A201,2,1,0,123605.0,CHINA
A12,36,A32,A45,1246.0,A61,A72,4,A93,A101,1,A124,33,A143,A151,1,A172,1,A191,A201,2,1,1,39323.0,CHINA
A14,18,A33,A49,937.0,A61,A73,4,A94,A101,2,A123,28,A143,A152,1,A173,1,A192,A201,2,1,0,40773.0,CHINA
A11,12,A34,A40,2559.0,A61,A75,3,A93,A102,4,A122,43,A143,A151,2,A173,1,A192,A201,2,1,0,147963.0,CHINA
A11,24,A32,A41,1406.0,A61,A73,3,A93,A103,4,A124,63,A141,A152,1,A173,2,A192,A201,1,0,1,69550.0,CHINA
A14,12,A32,A42,372.0,A61,A73,4,A92,A101,1,A121,26,A143,A152,1,A173,1,A192,A201,1,0,1,18066.0,CHINA
A11,24,A34,A43,676.0,A64,A75,4,A92,A101,4,A122,57,A143,A151,2,A174,1,A192,A201,1,0,0,32161.0,CHINA
A14,9,A32,A40,1090.0,A63,A75,2,A93,A101,4,A124,51,A143,A153,1,A172,1,A191,A201,1,0,0,28379.0,CHINA
A12,21,A34,A49,1615.0,A61,A74,2,A93,A101,3,A122,27,A143,A152,2,A173,1,A191,A201,1,0,1,92017.0,CHINA
A14,9,A34,A42,1092.0,A61,A71,2,A93,A101,3,A123,31,A143,A152,1,A174,1,A191,A201,1,0,1,26866.0,CHINA
A11,24,A32,A40,748.0,A65,A73,4,A92,A101,2,A122,35,A143,A152,1,A173,1,A191,A201,2,1,0,33200.0,CHINA
A14,12,A34,A49,1019.0,A61,A71,4,A93,A101,2,A123,42,A142,A152,2,A174,1,A192,A201,2,1,1,40360.0,CHINA
A14,15,A33,A41,1791.0,A61,A72,1,A92,A101,2,A122,46,A143,A152,2,A172,1,A191,A201,1,0,0,48229.0,CHINA
A12,24,A34,A46,2554.0,A61,A72,2,A92,A101,4,A124,24,A143,A153,2,A173,1,A192,A201,1,0,0,108676.0,CHINA
A11,36,A33,A49,953.0,A61,A74,2,A93,A101,1,A123,24,A143,A152,2,A173,1,A192,A201,2,1,0,38741.0,CHINA
A14,15,A32,A43,613.0,A65,A73,4,A94,A101,2,A121,40,A143,A151,1,A173,1,A192,A201,1,0,0,18460.0,CHINA
A11,24,A32,A42,1805.0,A61,A72,4,A92,A101,4,A121,23,A143,A151,1,A172,1,A192,A201,2,1,0,52648.0,CHINA
A14,4,A34,A40,748.0,A61,A74,2,A93,A101,1,A121,42,A143,A152,3,A172,2,A191,A201,1,0,0,28836.0,CHINA
A12,9,A34,A42,932.0,A61,A74,4,A93,A101,3,A123,35,A143,A151,1,A173,1,A192,A201,1,0,1,33701.0,CHINA
A12,36,A32,A43,1187.0,A61,A74,4,A93,A101,4,A123,24,A143,A151,1,A173,1,A191,A201,1,0,1,31574.0,CHINA
A14,24,A32,A48,515.0,A61,A72,4,A94,A101,3,A123,27,A143,A152,2,A172,1,A191,A201,1,0,0,14158.0,CHINA
A11,18,A32,A41,3846.0,A65,A75,1,A93,A101,4,A122,51,A143,A153,1,A173,2,A192,A201,2,1,1,173856.0,CHINA
A12,24,A33,A42,1051.0,A65,A72,4,A93,A101,2,A122,29,A141,A152,1,A172,1,A191,A201,1,0,0,34750.0,CHINA
A14,36,A34,A40,3614.0,A61,A75,4,A93,A101,4,A123,34,A143,A152,2,A174,1,A192,A201,1,0,0,89301.0,CHINA
A14,42,A32,A43,3914.0,A65,A74,2,A94,A101,4,A122,29,A143,A151,1,A173,1,A192,A201,1,0,1,157380.0,CHINA
A12,48,A32,A40,4672.0,A65,A74,1,A92,A101,2,A123,24,A143,A152,1,A173,1,A191,A201,1,0,0,245168.0,CHINA
A11,36,A32,A40,840.0,A61,A72,4,A92,A101,4,A123,34,A143,A152,1,A173,1,A192,A201,2,1,1,29172.0,CHINA
A12,24,A32,A41,5677.0,A61,A73,1,A92,A101,4,A123,23,A143,A151,2,A174,1,A191,A201,2,1,1,325649.0,CHINA
A14,18,A34,A43,277.0,A63,A75,4,A93,A101,3,A122,32,A141,A152,2,A174,1,A192,A201,1,0,0,11392.0,CHINA
A12,11,A33,A43,2327.0,A61,A74,2,A93,A101,4,A122,51,A143,A152,1,A173,1,A191,A201,1,0,1,135187.0,CHINA
A14,6,A31,A40,429.0,A65,A73,1,A93,A103,2,A121,26,A142,A152,1,A172,2,A191,A201,1,0,0,12751.0,CHINA
A12,6,A33,A42,527.0,A61,A71,4,A93,A101,1,A122,35,A142,A152,2,A174,1,A192,A201,1,0,0,23268.0,CHINA
A11,6,A32,A40,669.0,A62,A75,3,A93,A101,2,A122,43,A143,A152,1,A173,1,A192,A201,1,0,0,34761.0,CHINA
A11,24,A32,A42,1802.0,A61,A75,4,A93,A101,2,A122,39,A143,A151,1,A174,1,A192,A201,2,1,1,83524.0,CHINA
A12,18,A34,A42,3386.0,A61,A71,4,A93,A101,4,A122,40,A142,A152,2,A174,1,A192,A201,1,0,0,162921.0,CHINA
A11,24,A32,A42,1704.0,A61,A75,4,A93,A101,2,A122,39,A143,A151,1,A174,1,A192,A201,2,1,0,59992.0,CHINA
A14,4,A34,A40,746.0,A61,A74,2,A93,A101,1,A121,42,A143,A152,3,A172,2,A191,A201,1,0,1,36905.0,CHINA
A12,24,A32,A43,1494.0,A62,A72,2,A93,A101,1,A123,29,A143,A152,1,A173,1,A191,A201,1,0,0,73675.0,CHINA
A14,12,A32,A42,780.0,A61,A73,4,A93,A101,2,A121,50,A143,A152,1,A173,1,A191,A201,1,0,1,17961.0,CHINA
A11,6,A34,A40,331.0,A61,A74,4,A92,A101,3,A122,37,A143,A152,2,A173,1,A191,A202,1,0,0,16983.0,CHINA
A11,12,A32,A40,528.0,A61,A73,4,A94,A101,3,A121,27,A143,A152,1,A172,1,A191,A201,1,0,0,18637.0,CHINA
A14,9,A34,A46,571.0,A65,A75,4,A92,A101,4,A122,41,A143,A151,2,A172,1,A191,A201,1,0,0,32957.0,CHINA
A14,12,A34,A49,657.0,A61,A73,3,A92,A101,2,A121,27,A143,A152,2,A173,1,A191,A201,1,0,0,31241.0,CHINA
A14,18,A32,A40,1501.0,A65,A74,4,A93,A101,3,A122,32,A143,A152,1,A173,1,A191,A202,1,0,0,82203.0,CHINA
A14,18,A34,A43,1105.0,A61,A73,2,A92,A101,1,A123,25,A143,A152,2,A173,1,A191,A201,1,0,0,63875.0,CHINA
A11,36,A34,A42,1249.0,A61,A73,3,A94,A101,2,A122,46,A143,A152,2,A173,1,A192,A201,1,0,0,34779.0,CHINA
A12,18,A32,A40,3353.0,A62,A73,2,A93,A101,2,A123,30,A143,A152,2,A173,1,A192,A201,1,0,0,109188.0,CHINA
A14,36,A33,A49,4327.0,A61,A72,1,A91,A101,1,A123,28,A143,A152,2,A173,1,A191,A201,2,1,0,228233.0,CHINA
A11,12,A32,A42,562.0,A61,A73,2,A92,A101,4,A123,20,A143,A151,1,A173,1,A191,A201,2,1,1,16349.0,CHINA
A11,24,A34,A41,3411.0,A61,A71,2,A93,A101,4,A124,75,A143,A153,2,A174,1,A192,A201,1,0,0,152082.0,CHINA
A12,30,A34,A40,2707.0,A61,A71,4,A94,A101,2,A123,28,A143,A152,2,A174,1,A191,A201,2,1,0,157487.0,CHINA
A12,9,A32,A43,1199.0,A61,A73,2,A93,A101,2,A121,37,A143,A152,1,A172,2,A191,A201,1,0,1,37817.0,CHINA
A11,9,A32,A40,346.0,A61,A73,4,A93,A101,3,A123,28,A143,A152,1,A172,1,A191,A201,2,1,1,16169.0,CHINA
A14,12,A32,A43,1236.0,A65,A73,4,A93,A101,4,A124,37,A143,A153,1,A173,1,A192,A201,1,0,0,39411.0,CHINA
A12,48,A31,A49,3133.0,A61,A75,4,A92,A101,3,A124,59,A143,A151,1,A173,1,A191,A201,2,1,1,115279.0,CHINA
A11,6,A32,A40,715.0,A65,A71,4,A92,A101,3,A122,75,A143,A152,1,A174,1,A192,A201,1,0,1,18979.0,CHINA
A11,24,A32,A43,1720.0,A61,A73,2,A92,A101,4,A123,28,A143,A152,1,A173,1,A191,A201,1,0,0,70768.0,CHINA
A14,21,A32,A40,1570.0,A63,A74,1,A92,A101,2,A123,31,A141,A152,1,A174,1,A191,A201,1,0,0,47924.0,CHINA
A12,30,A34,A40,2436.0,A61,A71,4,A94,A101,2,A123,28,A143,A152,2,A174,1,A191,A201,2,1,1,81880.0,CHINA
A12,24,A32,A40,768.0,A61,A72,3,A92,A101,4,A123,25,A143,A152,1,A172,1,A192,A201,2,1,1,26617.0,CHINA
A11,8,A34,A40,1509.0,A61,A74,1,A93,A101,4,A121,39,A143,A152,2,A172,1,A191,A202,1,0,1,50998.0,CHINA
A11,21,A32,A43,1455.0,A61,A72,4,A92,A101,4,A122,28,A143,A151,1,A174,1,A192,A201,1,0,0,58963.0,CHINA
A12,8,A32,A42,706.0,A61,A73,3,A92,A101,4,A121,24,A143,A152,1,A173,1,A191,A201,2,1,0,32909.0,CHINA
A12,12,A32,A43,725.0,A61,A72,1,A94,A101,1,A121,23,A143,A151,1,A173,1,A191,A201,2,1,0,25745.0,CHINA
A14,18,A34,A43,659.0,A64,A73,4,A93,A101,3,A121,46,A143,A152,2,A173,1,A191,A201,1,0,0,22429.0,CHINA
A14,36,A34,A43,4777.0,A61,A73,2,A92,A101,2,A123,31,A142,A152,2,A173,1,A191,A201,1,0,0,144859.0,CHINA
A14,12,A32,A43,647.0,A61,A72,4,A92,A101,3,A123,34,A143,A152,1,A173,2,A191,A201,1,0,0,17545.0,CHINA
A14,7,A33,A43,482.0,A65,A75,3,A93,A101,4,A124,36,A143,A153,1,A173,1,A191,A201,1,0,0,12012.0,CHINA
A14,12,A34,A49,734.0,A61,A73,4,A92,A103,2,A121,29,A143,A152,2,A174,1,A192,A201,1,0,1,26679.0,CHINA
A11,18,A30,A49,1485.0,A61,A74,3,A93,A101,1,A122,31,A141,A152,1,A173,1,A192,A201,1,0,0,36922.0,CHINA
A12,18,A33,A49,1165.0,A65,A75,4,A93,A101,2,A122,42,A143,A152,2,A173,1,A191,A201,1,0,0,49053.0,CHINA
A13,12,A32,A42,1102.0,A61,A73,1,A92,A101,2,A123,46,A143,A152,1,A172,1,A191,A201,1,0,0,47922.0,CHINA
A12,12,A32,A40,680.0,A61,A75,1,A91,A101,1,A121,46,A143,A151,2,A173,1,A191,A201,2,1,1,35841.0,CHINA
A13,18,A32,A43,934.0,A61,A73,4,A93,A102,2,A121,37,A142,A152,1,A173,1,A191,A201,2,1,0,35013.0,CHINA
A12,24,A32,A41,6209.0,A61,A75,4,A92,A101,2,A124,44,A143,A153,1,A174,1,A192,A201,2,1,0,174755.0,CHINA
A11,30,A30,A49,4557.0,A65,A72,2,A93,A101,3,A123,25,A141,A152,3,A173,1,A191,A201,1,0,0,133616.0,CHINA
A11,12,A32,A40,729.0,A61,A74,2,A91,A101,3,A123,36,A143,A152,1,A173,1,A191,A201,2,1,1,33317.0,CHINA
A14,24,A34,A41,3225.0,A64,A73,4,A93,A101,2,A121,27,A143,A152,2,A173,1,A191,A201,1,0,0,102110.0,CHINA
A14,9,A34,A46,440.0,A63,A75,4,A93,A101,2,A123,52,A143,A152,2,A173,1,A192,A201,1,0,0,10211.0,CHINA
A14,6,A34,A43,904.0,A65,A73,1,A93,A101,2,A121,34,A143,A152,2,A172,2,A191,A201,1,0,0,38070.0,CHINA
A14,12,A32,A49,517.0,A61,A73,2,A94,A101,2,A121,26,A143,A152,1,A173,1,A192,A202,1,0,0,12538.0,CHINA
A12,24,A32,A43,1587.0,A62,A72,2,A93,A101,1,A123,29,A143,A152,1,A173,1,A191,A201,1,0,0,43379.0,CHINA
A11,24,A32,A42,1689.0,A61,A73,2,A91,A101,2,A121,24,A143,A151,1,A172,1,A191,A201,1,0,0,97294.0,CHINA
A11,18,A34,A40,2061.0,A61,A75,1,A92,A101,4,A121,33,A141,A151,3,A173,1,A192,A201,2,1,1,85037.0,CHINA
A12,24,A32,A43,1007.0,A61,A72,1,A94,A101,1,A122,22,A143,A152,1,A173,1,A192,A201,2,1,0,47458.0,CHINA
A11,36,A33,A49,1143.0,A61,A74,2,A93,A101,1,A123,24,A143,A152,2,A173,1,A192,A201,2,1,0,54708.0,CHINA
A14,18,A34,A42,1784.0,A61,A72,3,A91,A101,2,A123,35,A143,A152,2,A174,1,A192,A201,1,0,1,54071.0,CHINA
A14,24,A32,A41,4012.0,A61,A74,3,A93,A101,3,A123,38,A143,A152,1,A174,1,A192,A201,1,0,0,118714.0,CHINA
A12,72,A32,A43,2687.0,A62,A73,2,A94,A101,2,A123,24,A143,A152,1,A173,1,A191,A201,2,1,0,139549.0,CHINA
A14,24,A34,A410,3028.0,A61,A71,4,A93,A102,2,A124,27,A141,A152,2,A174,1,A192,A201,1,0,0,141952.0,CHINA
A11,6,A32,A44,166.0,A61,A72,4,A92,A101,1,A121,27,A143,A152,1,A173,1,A191,A201,1,0,0,7411.0,CHINA
A14,6,A32,A40,365.0,A61,A71,1,A92,A101,4,A121,54,A143,A152,1,A171,1,A192,A201,1,0,0,11527.0,CHINA
A12,36,A34,A43,1239.0,A61,A75,4,A93,A101,4,A121,36,A143,A152,1,A173,1,A191,A201,1,0,0,33569.0,CHINA
A14,18,A34,A43,829.0,A61,A73,4,A93,A101,2,A123,24,A143,A152,2,A173,1,A191,A201,1,0,0,30282.0,CHINA
A14,48,A33,A43,3178.0,A65,A75,3,A93,A101,3,A123,32,A141,A152,2,A173,2,A191,A201,1,0,0,104262.0,CHINA
A14,12,A32,A43,982.0,A61,A74,4,A93,A101,2,A123,31,A143,A151,2,A174,2,A192,A201,1,0,0,53421.0,CHINA
A14,48,A34,A41,1522.0,A65,A75,4,A93,A101,3,A123,38,A143,A152,2,A173,2,A192,A201,1,0,0,67013.0,CHINA
A11,18,A30,A49,1371.0,A61,A74,3,A93,A101,1,A122,31,A141,A152,1,A173,1,A192,A201,1,0,0,43964.0,CHINA
A14,24,A33,A40,394.0,A65,A75,4,A94,A101,4,A123,54,A143,A152,2,A173,1,A192,A201,1,0,1,13481.0,CHINA
A14,24,A32,A42,1237.0,A63,A75,3,A93,A101,4,A122,53,A143,A152,1,A173,1,A191,A201,1,0,0,36326.0,CHINA
A12,36,A32,A40,7136.0,A61,A75,4,A93,A101,2,A124,57,A143,A153,1,A174,1,A192,A201,2,0,0,367169.0,CHINA
A12,36,A32,A46,6068.0,A62,A73,1,A93,A101,4,A124,47,A143,A153,1,A173,2,A192,A201,2,1,1,294598.0,CHINA
A13,12,A31,A49,284.0,A61,A72,4,A92,A101,1,A121,26,A143,A152,1,A171,1,A191,A201,2,1,0,14299.0,CHINA
A11,15,A32,A49,387.0,A61,A73,4,A92,A101,4,A122,22,A143,A152,1,A172,1,A191,A201,1,0,0,12616.0,CHINA
A12,6,A31,A40,460.0,A62,A72,1,A92,A101,1,A122,32,A142,A152,1,A172,1,A191,A201,2,0,0,14203.0,CHINA
A12,24,A32,A40,538.0,A61,A72,4,A93,A101,2,A121,23,A142,A152,1,A172,1,A191,A201,2,1,0,21884.0,CHINA
A11,36,A33,A49,1169.0,A61,A74,2,A93,A101,1,A123,24,A143,A152,2,A173,1,A192,A201,2,0,0,26624.0,CHINA
A11,18,A32,A40,2085.0,A62,A73,3,A93,A101,4,A123,35,A143,A152,1,A172,2,A192,A201,1,0,1,92908.0,CHINA
A12,18,A32,A49,2157.0,A61,A75,1,A93,A102,1,A121,33,A141,A152,1,A174,1,A192,A201,1,0,0,119880.0,CHINA
A12,18,A32,A43,1763.0,A63,A72,1,A94,A101,3,A121,25,A143,A151,1,A173,1,A191,A201,1,0,1,46253.0,CHINA
A12,48,A30,A49,7815.0,A61,A73,2,A93,A101,2,A123,25,A143,A152,1,A173,1,A192,A201,2,1,0,436542.0,CHINA
A14,24,A32,A42,2871.0,A62,A73,4,A93,A101,1,A123,25,A142,A152,1,A173,1,A191,A201,1,0,1,91134.0,CHINA
A12,12,A32,A48,344.0,A65,A75,4,A93,A101,4,A122,38,A143,A152,2,A173,1,A191,A201,1,0,0,12603.0,CHINA
A11,6,A32,A42,245.0,A61,A75,2,A92,A101,1,A122,49,A141,A152,1,A173,1,A192,A201,1,0,1,7155.0,CHINA
A12,18,A32,A46,589.0,A65,A73,4,A93,A101,4,A124,61,A143,A153,1,A173,1,A191,A201,1,0,0,22808.0,CHINA
A12,18,A32,A49,1382.0,A62,A73,4,A93,A101,4,A123,34,A143,A152,1,A173,1,A191,A201,1,0,0,44101.0,CHINA
A11,12,A32,A40,561.0,A61,A73,4,A92,A101,2,A121,24,A143,A152,1,A172,1,A191,A201,2,1,0,25016.0,CHINA
A11,6,A34,A43,588.0,A65,A75,4,A93,A101,4,A121,67,A143,A152,2,A173,1,A192,A201,1,0,1,34311.0,CHINA
A14,4,A34,A40,1749.0,A61,A74,1,A92,A101,1,A121,37,A143,A152,1,A173,2,A191,A201,1,0,0,44293.0,CHINA
A11,48,A30,A42,3256.0,A61,A73,3,A93,A101,4,A124,53,A143,A153,2,A173,2,A191,A201,2,1,0,186036.0,CHINA
A14,18,A32,A40,1294.0,A65,A74,4,A93,A101,3,A122,32,A143,A152,1,A173,1,A191,A202,1,0,1,73251.0,CHINA
A14,12,A32,A43,1409.0,A61,A73,2,A93,A101,4,A123,52,A143,A152,1,A173,1,A192,A201,1,0,0,54941.0,CHINA
A14,27,A33,A41,4840.0,A64,A73,2,A93,A101,2,A123,27,A143,A152,2,A173,1,A191,A201,1,0,0,224783.0,CHINA
A14,24,A34,A41,1160.0,A61,A74,4,A93,A101,3,A123,35,A143,A152,2,A173,1,A192,A201,1,0,1,26949.0,CHINA
A11,21,A31,A40,706.0,A65,A73,4,A93,A101,2,A122,40,A143,A152,2,A172,2,A191,A201,2,1,0,21006.0,CHINA
A14,24,A34,A46,740.0,A61,A75,4,A93,A101,4,A124,54,A143,A153,2,A173,2,A191,A201,1,0,0,27987.0,CHINA
A14,9,A34,A46,489.0,A63,A75,4,A93,A101,2,A123,52,A143,A152,2,A173,1,A192,A201,1,0,0,20853.0,CHINA
A14,24,A34,A42,801.0,A61,A74,4,A93,A101,3,A122,40,A143,A152,2,A173,1,A191,A201,1,0,0,42661.0,CHINA
A11,8,A34,A40,1836.0,A61,A74,1,A93,A101,4,A121,39,A143,A152,2,A172,1,A191,A202,1,0,0,50905.0,CHINA
A11,36,A34,A42,2890.0,A61,A73,3,A93,A103,2,A122,28,A143,A152,2,A173,1,A191,A201,1,0,0,129172.0,CHINA
A14,18,A32,A45,870.0,A61,A72,4,A92,A101,4,A121,23,A143,A152,1,A173,1,A191,A201,2,1,0,28129.0,CHINA
A14,15,A32,A43,680.0,A63,A75,4,A93,A101,3,A122,47,A142,A152,1,A173,1,A192,A201,1,0,0,36721.0,CHINA
A14,12,A32,A43,587.0,A61,A73,3,A93,A101,2,A123,25,A143,A152,1,A173,1,A191,A201,1,0,0,24476.0,CHINA
A14,24,A34,A45,978.0,A61,A73,4,A91,A101,2,A121,33,A143,A152,2,A173,1,A192,A201,1,0,0,27267.0,CHINA
A11,18,A32,A42,885.0,A61,A73,1,A92,A101,4,A121,20,A141,A151,1,A173,1,A191,A201,2,1,0,30655.0,CHINA
A14,21,A34,A42,1234.0,A61,A72,4,A92,A101,4,A122,23,A143,A152,1,A173,1,A192,A201,1,0,0,65241.0,CHINA
A11,10,A34,A42,1225.0,A65,A72,2,A92,A102,3,A121,27,A143,A151,2,A173,1,A191,A202,1,0,0,41232.0,CHINA
A11,12,A32,A43,808.0,A63,A75,3,A94,A101,1,A121,35,A143,A152,1,A173,1,A191,A201,1,0,0,23089.0,CHINA
A14,12,A34,A43,880.0,A61,A75,2,A93,A101,4,A121,63,A143,A152,2,A172,1,A192,A201,1,0,0,26017.0,CHINA
A14,27,A32,A45,2702.0,A65,A75,4,A93,A101,4,A122,48,A143,A152,4,A173,2,A192,A201,1,0,0,144946.0,CHINA
A12,36,A33,A40,4416.0,A62,A75,2,A93,A101,4,A123,42,A143,A152,4,A174,1,A192,A201,2,1,0,253390.0,CHINA
A12,12,A34,A40,411.0,A61,A74,2,A93,A101,3,A121,47,A143,A152,2,A172,2,A191,A201,1,0,1,18324.0,CHINA
A14,9,A34,A46,532.0,A65,A75,4,A92,A101,4,A122,41,A143,A151,2,A172,1,A191,A201,1,0,0,15457.0,CHINA
A14,48,A34,A46,3235.0,A61,A73,1,A93,A101,3,A124,31,A141,A153,1,A173,1,A192,A201,1,0,0,166189.0,CHINA
A11,39,A34,A42,7475.0,A65,A74,4,A93,A101,4,A122,30,A143,A152,2,A174,1,A192,A201,1,0,0,266598.0,CHINA
A11,9,A32,A40,783.0,A61,A72,3,A93,A101,2,A124,27,A143,A153,1,A174,1,A192,A201,2,1,0,32786.0,CHINA
A14,12,A32,A49,548.0,A61,A73,2,A94,A101,2,A121,26,A143,A152,1,A173,1,A192,A202,1,0,0,18320.0,CHINA
A12,9,A32,A40,1526.0,A65,A73,1,A92,A101,2,A121,33,A143,A152,1,A172,1,A191,A201,1,0,0,62219.0,CHINA
A12,48,A32,A42,5559.0,A61,A72,1,A92,A101,2,A123,26,A143,A152,1,A173,1,A192,A201,2,1,1,169391.0,CHINA
A11,18,A32,A40,1113.0,A62,A74,4,A93,A101,3,A123,30,A143,A152,1,A174,2,A192,A201,1,0,0,31884.0,CHINA
A12,9,A32,A40,875.0,A65,A72,4,A93,A101,2,A121,35,A143,A152,1,A171,1,A191,A201,1,0,1,44324.0,CHINA
A11,12,A32,A42,355.0,A61,A73,2,A93,A103,3,A122,38,A143,A152,1,A172,2,A191,A201,1,0,1,18028.0,CHINA
A12,30,A34,A40,1994.0,A61,A71,4,A94,A101,2,A123,28,A143,A152,2,A174,1,A191,A201,2,1,1,47445.0,CHINA
A14,18,A34,A46,914.0,A62,A73,4,A92,A101,2,A121,30,A143,A152,2,A173,1,A191,A201,2,1,0,23776.0,CHINA
A12,12,A32,A40,443.0,A62,A72,4,A92,A101,2,A122,23,A141,A152,1,A172,1,A191,A201,2,1,0,20107.0,CHINA
A12,12,A32,A43,3595.0,A65,A71,2,A93,A101,1,A124,52,A143,A152,1,A174,1,A192,A201,2,1,0,204817.0,CHINA
A12,24,A33,A49,3721.0,A62,A74,4,A93,A101,4,A123,36,A143,A151,1,A174,1,A192,A201,1,0,1,116867.0,CHINA
A14,12,A32,A40,1484.0,A65,A71,4,A93,A101,4,A124,38,A143,A152,1,A174,1,A192,A201,1,0,1,65268.0,CHINA
A14,30,A31,A41,3817.0,A65,A71,4,A92,A101,1,A121,53,A141,A152,1,A174,1,A192,A201,2,1,1,174953.0,CHINA
A11,12,A32,A42,1281.0,A61,A71,3,A92,A101,4,A124,55,A143,A153,1,A174,1,A191,A201,1,0,0,49452.0,CHINA
A12,60,A32,A40,6725.0,A61,A74,4,A93,A101,2,A124,27,A143,A152,1,A174,1,A192,A201,2,0,0,168926.0,CHINA
A14,18,A32,A43,2407.0,A61,A72,3,A93,A101,2,A123,32,A143,A152,1,A173,1,A192,A201,1,0,0,140045.0,CHINA
A12,6,A32,A43,209.0,A65,A75,4,A93,A101,4,A122,38,A143,A152,1,A173,1,A191,A201,1,0,0,9969.0,CHINA
A14,42,A32,A43,3429.0,A65,A74,2,A94,A101,4,A122,29,A143,A151,1,A173,1,A192,A201,1,0,0,129616.0,CHINA
A12,24,A34,A49,1012.0,A61,A75,4,A91,A101,4,A121,31,A143,A152,2,A173,1,A192,A201,2,0,0,26872.0,CHINA
A13,18,A32,A42,1403.0,A61,A73,2,A93,A101,1,A121,34,A143,A152,1,A172,2,A191,A201,2,1,0,47255.0,CHINA
A14,24,A34,A43,681.0,A64,A73,4,A92,A101,1,A121,43,A143,A152,2,A172,1,A191,A201,1,0,0,18509.0,CHINA
A11,24,A32,A410,845.0,A61,A75,4,A92,A103,4,A121,58,A143,A152,1,A172,1,A192,A201,1,0,0,26992.0,CHINA
A14,36,A30,A45,1325.0,A61,A73,4,A93,A101,2,A123,27,A143,A152,2,A173,1,A191,A201,1,0,0,65665.0,CHINA
A12,24,A32,A410,6428.0,A61,A73,2,A93,A102,3,A123,29,A141,A152,2,A174,1,A192,A201,2,1,1,330567.0,CHINA
A13,6,A32,A40,361.0,A64,A72,2,A94,A101,2,A121,27,A143,A152,1,A171,1,A191,A202,1,0,0,14808.0,CHINA
A14,12,A32,A43,384.0,A61,A73,4,A93,A101,2,A121,30,A141,A152,2,A173,1,A191,A201,1,0,0,12833.0,CHINA
A14,15,A34,A43,829.0,A61,A73,4,A92,A101,2,A123,43,A143,A152,1,A172,1,A191,A201,1,0,0,28092.0,CHINA
A12,18,A32,A43,1552.0,A63,A72,1,A94,A101,3,A121,25,A143,A151,1,A173,1,A191,A201,1,0,0,47789.0,CHINA
A14,12,A34,A43,863.0,A61,A75,2,A93,A101,4,A121,63,A143,A152,2,A172,1,A192,A201,1,0,0,47322.0,CHINA
A11,13,A34,A49,1029.0,A61,A72,3,A93,A101,1,A122,28,A141,A152,2,A172,1,A191,A201,1,0,0,38236.0,CHINA
A12,18,A32,A41,6761.0,A61,A71,3,A92,A101,4,A124,38,A143,A153,1,A174,1,A192,A201,2,1,0,178283.0,CHINA
A11,36,A32,A42,1748.0,A61,A71,4,A93,A101,3,A122,30,A143,A152,1,A174,1,A192,A201,1,0,0,72595.0,CHINA
A12,12,A32,A43,419.0,A63,A73,4,A93,A101,3,A121,66,A143,A152,1,A172,1,A191,A201,2,1,0,18355.0,CHINA
A11,12,A32,A48,426.0,A61,A74,4,A94,A101,4,A122,21,A143,A151,1,A173,1,A191,A201,2,1,0,9667.0,CHINA
A11,18,A31,A40,615.0,A61,A74,4,A93,A101,4,A124,32,A143,A153,2,A172,2,A191,A201,2,1,0,31973.0,CHINA
A11,12,A32,A43,349.0,A61,A75,4,A93,A101,4,A121,57,A142,A152,1,A172,1,A191,A201,2,1,0,14588.0,CHINA
A14,24,A34,A45,982.0,A61,A73,4,A91,A101,2,A121,33,A143,A152,2,A173,1,A192,A201,1,0,0,40613.0,CHINA
A14,9,A34,A46,543.0,A65,A75,4,A92,A101,4,A122,41,A143,A151,2,A172,1,A191,A201,1,0,0,29707.0,CHINA
A12,30,A33,A49,1412.0,A62,A75,4,A93,A101,2,A122,41,A142,A152,2,A173,1,A191,A201,1,0,0,60125.0,CHINA
A14,30,A34,A43,1492.0,A61,A73,4,A92,A101,2,A123,33,A143,A152,1,A173,1,A192,A201,1,0,0,54206.0,CHINA
A11,13,A34,A49,844.0,A61,A72,3,A93,A101,1,A122,28,A141,A152,2,A172,1,A191,A201,1,0,0,45009.0,CHINA
A14,48,A34,A46,2753.0,A61,A73,1,A93,A101,3,A124,31,A141,A153,1,A173,1,A192,A201,1,0,0,78535.0,CHINA
A11,6,A32,A46,206.0,A61,A72,4,A92,A101,4,A122,23,A143,A152,1,A173,1,A191,A201,2,1,1,6776.0,CHINA
A14,9,A32,A40,2031.0,A62,A73,1,A93,A103,2,A121,26,A143,A151,1,A173,2,A191,A202,1,0,1,85473.0,CHINA
A14,18,A34,A43,561.0,A65,A73,4,A93,A101,3,A122,29,A143,A152,2,A173,1,A192,A201,1,0,0,27547.0,CHINA
A12,24,A32,A41,5093.0,A61,A73,1,A92,A101,4,A123,23,A143,A151,2,A174,1,A191,A201,2,1,1,256903.0,CHINA
A11,12,A34,A40,2678.0,A61,A75,3,A93,A102,4,A122,43,A143,A151,2,A173,1,A192,A201,2,1,0,154046.0,CHINA
A14,6,A32,A42,855.0,A61,A73,1,A94,A101,2,A122,21,A143,A151,1,A173,1,A191,A201,1,0,1,44519.0,CHINA
A14,12,A32,A40,303.0,A61,A73,4,A91,A101,2,A121,49,A143,A152,1,A172,1,A191,A201,1,0,0,17448.0,CHINA
A11,24,A34,A40,649.0,A61,A75,4,A93,A101,4,A123,60,A143,A152,2,A172,1,A191,A201,2,1,1,18600.0,CHINA
A14,12,A32,A40,1450.0,A65,A71,4,A93,A101,4,A124,38,A143,A152,1,A174,1,A192,A201,1,0,1,82905.0,CHINA
A12,12,A32,A40,660.0,A64,A75,4,A93,A101,4,A121,54,A143,A152,1,A173,1,A192,A201,1,0,1,28460.0,CHINA
A11,12,A30,A45,587.0,A61,A74,4,A93,A101,3,A121,28,A143,A152,2,A173,1,A191,A201,2,0,0,26958.0,CHINA
A14,12,A32,A46,681.0,A61,A75,4,A93,A101,4,A122,47,A141,A152,3,A173,2,A192,A201,1,0,0,18764.0,CHINA
A11,8,A34,A40,1643.0,A61,A74,1,A93,A101,4,A121,39,A143,A152,2,A172,1,A191,A202,1,0,0,49386.0,CHINA
A12,18,A32,A40,3377.0,A61,A74,3,A93,A101,3,A121,28,A143,A151,1,A172,1,A191,A201,1,0,0,78878.0,CHINA
A14,36,A34,A43,1773.0,A65,A75,4,A93,A101,2,A123,51,A143,A152,1,A173,1,A192,A201,1,0,0,89706.0,CHINA
A14,24,A32,A43,506.0,A65,A75,4,A93,A101,2,A123,25,A143,A152,2,A173,1,A191,A201,1,0,0,21605.0,CHINA
A12,36,A32,A46,2006.0,A65,A73,2,A94,A101,2,A123,27,A143,A152,1,A173,1,A191,A201,1,0,0,78167.0,CHINA
A12,24,A34,A42,2265.0,A61,A72,2,A92,A101,4,A123,25,A141,A152,1,A172,1,A191,A201,2,1,1,121696.0,CHINA
A12,36,A32,A46,1616.0,A65,A73,2,A94,A101,2,A123,27,A143,A152,1,A173,1,A191,A201,1,0,0,85085.0,CHINA
A13,12,A32,A43,1604.0,A65,A75,2,A93,A101,3,A123,37,A143,A152,1,A174,1,A191,A201,1,0,0,87394.0,CHINA
A12,18,A34,A43,829.0,A61,A75,3,A92,A103,4,A121,48,A141,A151,2,A172,1,A192,A201,1,0,1,32991.0,CHINA
A11,12,A34,A43,169.0,A61,A74,4,A92,A101,3,A121,58,A143,A152,4,A172,1,A192,A201,1,0,0,5326.0,CHINA
A12,15,A30,A40,880.0,A61,A72,2,A92,A101,1,A121,26,A143,A151,2,A171,1,A191,A201,2,1,0,28911.0,CHINA
A14,21,A33,A41,1483.0,A61,A73,3,A93,A101,2,A121,28,A142,A152,2,A172,1,A191,A201,1,0,0,73526.0,CHINA
A11,15,A34,A42,653.0,A61,A73,4,A92,A101,3,A122,25,A143,A151,2,A173,1,A191,A201,1,0,0,29545.0,CHINA
A11,12,A32,A42,892.0,A61,A72,4,A92,A101,1,A123,22,A143,A151,1,A173,1,A191,A201,1,0,0,34831.0,CHINA
A13,12,A33,A40,989.0,A61,A73,2,A92,A101,2,A123,36,A142,A152,2,A173,1,A192,A201,1,0,0,42568.0,CHINA
A14,12,A32,A42,706.0,A61,A73,4,A93,A101,2,A121,50,A143,A152,1,A173,1,A191,A201,1,0,0,32039.0,CHINA
A12,6,A31,A40,490.0,A62,A72,1,A92,A101,1,A122,32,A142,A152,1,A172,1,A191,A201,2,1,1,12978.0,CHINA
A14,15,A34,A43,810.0,A61,A73,4,A93,A101,4,A124,35,A143,A153,2,A173,1,A192,A201,1,0,0,32025.0,CHINA
A14,36,A34,A41,5872.0,A65,A73,4,A93,A101,2,A123,30,A143,A152,1,A174,1,A192,A201,1,0,0,206704.0,CHINA
A11,6,A32,A44,178.0,A61,A72,4,A92,A101,1,A121,27,A143,A152,1,A173,1,A191,A201,1,0,0,8520.0,CHINA
A11,24,A31,A49,1723.0,A61,A73,4,A93,A101,2,A122,31,A143,A151,1,A173,1,A192,A201,2,1,0,58674.0,CHINA
A12,24,A32,A43,1546.0,A62,A72,3,A94,A101,2,A123,22,A143,A151,1,A173,1,A192,A201,2,0,0,60220.0,CHINA
A14,18,A32,A42,1110.0,A61,A73,4,A93,A101,4,A124,47,A141,A153,2,A173,1,A191,A201,1,0,1,53692.0,CHINA
A14,15,A34,A40,2795.0,A65,A75,1,A92,A101,4,A123,59,A143,A152,1,A173,1,A192,A201,1,0,0,92956.0,CHINA
A14,12,A34,A42,3153.0,A65,A75,2,A93,A101,4,A122,49,A143,A151,1,A173,1,A192,A201,1,0,0,89109.0,CHINA
A11,8,A34,A40,397.0,A61,A75,4,A93,A101,4,A121,47,A143,A152,2,A172,1,A191,A201,1,0,0,16733.0,CHINA
A12,12,A32,A45,293.0,A61,A73,4,A93,A101,2,A123,30,A143,A152,1,A173,1,A191,A201,2,1,1,15700.0,CHINA
A11,18,A32,A40,698.0,A61,A72,4,A92,A101,3,A123,23,A143,A151,1,A173,1,A192,A201,2,1,0,20170.0,CHINA
A11,12,A32,A46,357.0,A61,A72,4,A92,A101,4,A122,53,A143,A152,1,A173,1,A191,A201,2,0,0,14379.0,CHINA
A14,12,A34,A46,2011.0,A65,A72,2,A93,A101,1,A122,37,A143,A152,2,A172,2,A191,A201,1,0,1,65197.0,CHINA
A11,24,A32,A42,1308.0,A65,A73,2,A94,A101,4,A123,20,A143,A152,1,A173,1,A191,A201,2,1,0,74766.0,CHINA
A12,18,A34,A49,918.0,A65,A73,4,A94,A101,4,A121,28,A141,A152,2,A173,1,A191,A201,1,0,0,27189.0,CHINA
A11,24,A32,A40,2500.0,A61,A74,2,A93,A102,3,A122,31,A143,A152,1,A173,1,A192,A201,2,0,0,95616.0,CHINA
A14,24,A34,A42,2413.0,A61,A75,4,A93,A101,4,A123,33,A143,A152,1,A173,1,A192,A201,1,0,0,64859.0,CHINA
A14,36,A33,A42,3764.0,A63,A74,2,A92,A101,4,A123,40,A143,A152,2,A173,1,A192,A201,1,0,1,131178.0,CHINA
A11,12,A32,A42,2033.0,A61,A73,2,A93,A102,2,A122,29,A143,A152,1,A172,2,A191,A201,1,0,0,62392.0,CHINA
A11,24,A32,A42,4407.0,A65,A72,1,A92,A101,2,A122,30,A143,A152,1,A173,1,A192,A202,1,0,0,156934.0,CHINA
A12,18,A32,A43,573.0,A61,A73,4,A92,A103,4,A121,26,A143,A152,1,A172,2,A191,A201,1,0,0,23174.0,CHINA
A11,12,A34,A43,176.0,A61,A74,4,A92,A101,3,A121,58,A143,A152,4,A172,1,A192,A201,1,0,0,7998.0,CHINA
A14,18,A34,A43,1179.0,A61,A73,2,A92,A101,1,A123,25,A143,A152,2,A173,1,A191,A201,1,0,0,54878.0,CHINA
A12,12,A32,A40,680.0,A61,A75,1,A91,A101,1,A121,46,A143,A151,2,A173,1,A191,A201,2,1,0,36484.0,CHINA
A12,6,A32,A43,504.0,A61,A75,4,A93,A101,4,A123,28,A143,A152,1,A173,2,A191,A201,1,0,0,15004.0,CHINA
A14,12,A34,A42,844.0,A64,A74,3,A92,A101,2,A122,35,A143,A152,1,A173,1,A191,A202,1,0,0,23519.0,CHINA
A11,24,A31,A40,573.0,A61,A71,1,A92,A102,4,A124,29,A143,A151,2,A171,1,A191,A201,2,0,0,17941.0,CHINA
A12,30,A32,A42,1570.0,A62,A73,2,A92,A102,4,A123,21,A143,A151,1,A173,1,A191,A201,2,1,1,76540.0,CHINA
A12,30,A32,A40,1106.0,A61,A73,4,A92,A103,2,A124,24,A141,A152,1,A173,1,A191,A201,2,1,0,48773.0,CHINA
A11,15,A33,A42,1604.0,A61,A75,1,A92,A101,4,A122,27,A143,A152,2,A172,1,A191,A201,1,0,1,77366.0,CHINA
A11,24,A32,A42,957.0,A61,A72,4,A93,A102,1,A122,24,A143,A152,1,A172,1,A191,A202,1,0,0,44467.0,CHINA
A14,60,A33,A43,8207.0,A61,A74,2,A93,A101,4,A123,21,A143,A152,2,A173,1,A192,A201,1,0,0,399611.0,CHINA
A12,15,A30,A40,805.0,A61,A72,2,A92,A101,1,A121,26,A143,A151,2,A171,1,A191,A201,2,0,0,29979.0,CHINA
A14,39,A32,A41,4120.0,A62,A75,4,A93,A101,2,A123,45,A143,A152,1,A174,1,A192,A201,1,0,0,194618.0,CHINA
A14,15,A32,A43,1920.0,A61,A75,4,A92,A101,2,A123,54,A141,A151,1,A174,1,A192,A201,1,0,0,103671.0,CHINA
A14,24,A33,A49,1188.0,A63,A73,4,A93,A101,2,A123,44,A143,A152,2,A173,2,A192,A201,1,0,0,32261.0,CHINA
A12,48,A31,A49,2892.0,A61,A75,4,A92,A101,3,A124,59,A143,A151,1,A173,1,A191,A201,2,1,0,162063.0,CHINA
A14,21,A32,A49,871.0,A64,A75,4,A92,A101,4,A121,36,A141,A152,1,A172,1,A191,A201,1,0,1,42699.0,CHINA
A14,9,A34,A40,592.0,A61,A73,3,A93,A101,1,A121,30,A143,A152,2,A173,1,A191,A201,1,0,0,31697.0,CHINA
A12,12,A32,A43,708.0,A61,A73,1,A92,A101,1,A123,22,A143,A152,1,A173,1,A192,A201,1,0,0,18907.0,CHINA
A13,12,A32,A40,748.0,A61,A72,4,A93,A101,1,A121,26,A143,A152,1,A173,1,A191,A201,1,0,1,22260.0,CHINA
A12,30,A34,A42,3904.0,A61,A74,2,A93,A101,2,A122,49,A143,A152,1,A173,1,A191,A201,2,1,1,201485.0,CHINA
A12,36,A32,A46,1142.0,A61,A74,3,A93,A101,1,A123,32,A143,A152,2,A173,2,A191,A201,1,0,1,41175.0,CHINA
A11,42,A34,A45,1550.0,A61,A71,4,A93,A102,4,A123,65,A143,A152,2,A171,1,A191,A201,1,0,1,35843.0,CHINA
A12,27,A32,A49,1989.0,A61,A73,4,A93,A101,2,A123,36,A143,A152,1,A173,2,A192,A201,2,1,1,86371.0,CHINA
A11,6,A32,A40,7380.0,A61,A75,1,A93,A101,4,A124,68,A141,A152,1,A174,1,A192,A201,2,1,0,372961.0,CHINA
A11,15,A33,A42,1926.0,A61,A75,1,A92,A101,4,A122,27,A143,A152,2,A172,1,A191,A201,1,0,0,58911.0,CHINA
A14,18,A32,A49,772.0,A62,A73,3,A92,A101,4,A122,24,A143,A151,1,A172,1,A191,A201,1,0,1,30709.0,CHINA
A12,48,A30,A49,7219.0,A61,A73,2,A93,A101,2,A123,25,A143,A152,1,A173,1,A192,A201,2,1,0,227653.0,CHINA
A14,18,A34,A43,568.0,A65,A73,4,A93,A101,3,A122,29,A143,A152,2,A173,1,A192,A201,1,0,1,29890.0,CHINA
A12,12,A34,A41,844.0,A62,A72,3,A93,A101,4,A122,44,A143,A152,1,A173,1,A191,A201,1,0,0,30711.0,CHINA
A13,15,A32,A49,1198.0,A61,A74,2,A93,A101,4,A122,26,A143,A151,1,A173,1,A192,A201,1,0,0,66333.0,CHINA
A12,8,A32,A43,432.0,A61,A74,4,A92,A103,2,A121,44,A143,A152,1,A172,1,A191,A201,1,0,0,12089.0,CHINA
A12,12,A32,A43,520.0,A63,A73,3,A91,A101,1,A123,26,A143,A152,1,A173,1,A192,A201,1,0,0,14479.0,CHINA
A11,12,A32,A42,722.0,A61,A73,2,A93,A101,2,A121,27,A143,A152,1,A173,1,A191,A201,1,0,0,33760.0,CHINA
A14,12,A32,A43,1128.0,A61,A72,2,A92,A101,2,A123,29,A141,A152,1,A173,1,A191,A201,1,0,0,32012.0,CHINA
A14,36,A34,A41,5887.0,A65,A75,2,A93,A101,4,A124,42,A143,A153,2,A173,1,A191,A201,1,0,0,288964.0,CHINA
A14,12,A34,A43,380.0,A61,A75,4,A93,A101,4,A121,52,A143,A152,3,A173,1,A191,A201,1,0,0,16497.0,CHINA
A11,12,A34,A43,220.0,A61,A74,4,A92,A101,3,A121,58,A143,A152,4,A172,1,A192,A201,1,0,0,5593.0,CHINA
A12,15,A34,A43,1426.0,A65,A74,4,A93,A103,2,A121,35,A141,A152,3,A173,1,A192,A201,1,0,1,82139.0,CHINA
A12,48,A30,A49,1845.0,A62,A74,4,A93,A101,4,A124,34,A143,A153,1,A172,2,A191,A201,2,1,0,102233.0,CHINA
A13,24,A32,A42,836.0,A61,A73,2,A93,A101,2,A121,26,A143,A152,1,A173,1,A191,A201,1,0,0,25508.0,CHINA
A11,48,A30,A41,2365.0,A61,A75,3,A93,A101,4,A124,24,A143,A153,2,A173,2,A191,A201,2,1,0,77366.0,CHINA
A14,18,A33,A43,1332.0,A61,A71,2,A94,A101,3,A121,34,A143,A152,2,A173,1,A191,A201,1,0,1,34088.0,CHINA
A11,18,A32,A43,1932.0,A61,A74,4,A92,A103,1,A121,25,A143,A152,1,A173,1,A191,A201,1,0,0,49361.0,CHINA
A12,12,A32,A40,571.0,A64,A75,4,A93,A101,4,A121,54,A143,A152,1,A173,1,A192,A201,1,0,0,24327.0,CHINA
A12,9,A32,A43,924.0,A61,A73,2,A93,A101,2,A121,37,A143,A152,1,A172,2,A191,A201,1,0,0,27494.0,CHINA
A13,15,A32,A46,1009.0,A61,A75,4,A93,A101,4,A123,40,A143,A151,1,A174,1,A192,A201,1,0,1,34929.0,CHINA
A11,24,A31,A41,1970.0,A61,A73,1,A92,A103,4,A123,22,A141,A151,1,A173,1,A191,A202,1,0,0,70807.0,CHINA
A14,12,A31,A48,1924.0,A63,A73,4,A92,A101,3,A121,35,A143,A152,1,A172,2,A191,A201,1,0,0,93668.0,CHINA
A11,12,A32,A44,358.0,A62,A71,4,A92,A101,3,A122,22,A143,A152,1,A173,1,A191,A201,2,1,0,16460.0,CHINA
A12,12,A32,A43,1441.0,A61,A74,2,A92,A101,1,A121,27,A143,A152,1,A173,1,A191,A201,1,0,0,45068.0,CHINA
A14,12,A34,A43,1237.0,A65,A75,1,A93,A102,4,A121,49,A143,A152,1,A173,1,A192,A201,1,0,0,68204.0,CHINA
A11,30,A34,A41,4981.0,A61,A75,3,A93,A101,4,A124,38,A143,A153,3,A174,2,A192,A201,1,0,0,251802.0,CHINA
A11,24,A34,A43,656.0,A64,A75,4,A92,A101,4,A122,57,A143,A151,2,A174,1,A192,A201,1,0,0,37461.0,CHINA
A14,18,A34,A42,1697.0,A61,A72,3,A91,A101,2,A123,35,A143,A152,2,A174,1,A192,A201,1,0,0,78030.0,CHINA
A12,24,A34,A40,2139.0,A62,A72,4,A91,A101,2,A123,37,A143,A152,1,A173,1,A192,A201,1,0,1,75703.0,CHINA
A11,36,A32,A41,2642.0,A61,A75,2,A93,A101,4,A124,42,A143,A153,1,A173,2,A191,A201,1,0,0,125791.0,CHINA
A14,12,A32,A42,379.0,A61,A73,4,A92,A101,1,A121,26,A143,A152,1,A173,1,A192,A201,1,0,0,16431.0,CHINA
A12,9,A34,A46,578.0,A64,A75,4,A93,A101,3,A124,32,A143,A153,2,A173,2,A191,A201,2,1,0,20722.0,CHINA
A12,24,A34,A43,567.0,A62,A72,4,A93,A101,4,A124,38,A141,A152,2,A173,2,A191,A201,2,1,0,16305.0,CHINA
A11,24,A32,A43,1227.0,A61,A72,4,A92,A101,4,A121,35,A143,A152,1,A173,1,A192,A201,2,1,0,30364.0,CHINA
A11,15,A32,A40,940.0,A61,A72,2,A93,A101,3,A121,36,A143,A152,1,A173,1,A191,A201,1,0,0,54765.0,CHINA
A12,26,A32,A41,4225.0,A61,A72,2,A93,A101,3,A123,30,A143,A152,2,A173,1,A191,A201,1,0,1,220603.0,CHINA
A14,24,A32,A42,2080.0,A61,A74,2,A92,A101,4,A122,25,A143,A151,1,A173,1,A192,A201,1,0,1,87737.0,CHINA
A14,21,A30,A40,2642.0,A65,A73,1,A92,A101,4,A122,29,A141,A152,2,A173,1,A192,A201,2,1,1,106199.0,CHINA
A14,6,A32,A40,325.0,A61,A71,1,A92,A101,4,A121,54,A143,A152,1,A171,1,A192,A201,1,0,1,15347.0,CHINA
A14,12,A32,A42,490.0,A63,A73,4,A92,A101,4,A123,29,A143,A151,1,A172,1,A191,A201,2,1,1,16940.0,CHINA
A14,10,A32,A40,684.0,A65,A73,4,A93,A103,4,A122,27,A143,A152,1,A172,1,A191,A201,2,1,0,28844.0,CHINA
A12,24,A34,A41,3783.0,A64,A75,2,A92,A101,4,A124,29,A143,A151,1,A173,1,A191,A201,1,0,0,126495.0,CHINA
A11,36,A33,A49,1162.0,A61,A74,2,A93,A101,1,A123,24,A143,A152,2,A173,1,A192,A201,2,1,0,38628.0,CHINA
A14,12,A33,A45,832.0,A64,A75,4,A93,A101,4,A124,55,A143,A153,2,A173,2,A191,A201,2,1,0,32249.0,CHINA
A14,12,A32,A42,592.0,A63,A73,4,A92,A101,4,A123,29,A143,A151,1,A172,1,A191,A201,2,1,0,34090.0,CHINA
A11,15,A32,A49,407.0,A61,A73,4,A92,A101,4,A122,22,A143,A152,1,A172,1,A191,A201,1,0,0,10542.0,CHINA
A12,15,A32,A43,752.0,A65,A72,4,A93,A101,1,A122,23,A143,A152,1,A173,1,A191,A201,1,0,0,32260.0,CHINA
A11,21,A32,A43,977.0,A61,A73,3,A92,A101,2,A121,25,A143,A152,2,A173,1,A192,A201,2,1,0,25793.0,CHINA
A11,48,A32,A43,3402.0,A61,A73,3,A92,A101,2,A123,31,A143,A152,1,A173,1,A192,A201,2,0,0,104236.0,CHINA
A11,18,A32,A46,348.0,A61,A71,4,A92,A101,1,A121,27,A143,A152,1,A171,1,A191,A201,2,1,0,9819.0,CHINA
A14,24,A32,A41,1341.0,A64,A73,2,A92,A101,4,A123,28,A143,A151,1,A173,1,A192,A201,1,0,1,66295.0,CHINA
A14,24,A34,A45,2685.0,A61,A75,3,A93,A101,4,A124,44,A143,A153,2,A173,1,A191,A201,1,0,0,133168.0,CHINA
A12,24,A32,A410,5780.0,A61,A73,2,A93,A102,3,A123,29,A141,A152,2,A174,1,A192,A201,2,1,0,274823.0,CHINA
A12,6,A32,A43,182.0,A65,A75,4,A93,A101,4,A122,38,A143,A152,1,A173,1,A191,A201,1,0,0,6143.0,CHINA
A13,18,A31,A43,737.0,A65,A74,4,A93,A101,4,A123,49,A141,A152,1,A172,1,A191,A201,1,0,0,31891.0,CHINA
A14,36,A34,A41,4735.0,A65,A75,2,A93,A101,4,A124,42,A143,A153,2,A173,1,A191,A201,1,0,0,188003.0,CHINA
A12,24,A32,A43,1942.0,A63,A71,1,A92,A101,4,A124,23,A143,A151,1,A171,1,A191,A201,1,0,1,94073.0,CHINA
A12,24,A32,A42,1395.0,A62,A75,4,A93,A101,4,A124,30,A143,A153,1,A173,1,A191,A201,1,0,1,58784.0,CHINA
A14,6,A32,A43,1161.0,A61,A74,2,A94,A101,2,A121,29,A143,A151,1,A173,1,A191,A201,1,0,0,62787.0,CHINA
A14,18,A32,A42,860.0,A61,A72,4,A94,A102,1,A122,43,A143,A152,1,A172,2,A191,A201,2,1,0,39526.0,CHINA
A12,12,A34,A44,685.0,A61,A74,4,A93,A101,3,A122,26,A143,A152,1,A173,1,A191,A201,1,0,0,26705.0,CHINA
A11,12,A30,A45,503.0,A61,A74,4,A93,A101,3,A121,28,A143,A152,2,A173,1,A191,A201,2,1,0,26085.0,CHINA
A14,7,A34,A43,325.0,A65,A75,4,A93,A101,2,A122,46,A143,A151,2,A172,1,A192,A201,1,0,0,18486.0,CHINA
A11,12,A31,A40,351.0,A61,A72,4,A93,A101,2,A123,46,A141,A152,2,A173,1,A192,A201,2,1,1,7918.0,CHINA
A14,10,A32,A40,674.0,A65,A75,4,A93,A102,2,A122,45,A143,A152,1,A172,1,A191,A202,1,0,1,37081.0,CHINA
A11,36,A32,A40,851.0,A61,A72,4,A92,A101,4,A123,34,A143,A152,1,A173,1,A192,A201,2,0,0,29738.0,CHINA
A14,15,A34,A43,580.0,A63,A73,2,A94,A101,2,A122,47,A143,A152,2,A172,1,A191,A201,1,0,0,24478.0,CHINA
A11,12,A34,A40,2322.0,A61,A75,3,A93,A102,4,A122,43,A143,A151,2,A173,1,A192,A201,2,1,0,92120.0,CHINA
A14,6,A34,A43,556.0,A62,A73,1,A92,A101,1,A122,27,A143,A152,2,A173,1,A191,A201,1,0,0,21026.0,CHINA
A12,48,A32,A410,2778.0,A65,A71,3,A93,A101,4,A124,40,A141,A153,1,A171,1,A192,A201,1,0,0,143128.0,CHINA
A12,36,A32,A46,6854.0,A62,A73,1,A93,A101,4,A124,47,A143,A153,1,A173,2,A192,A201,2,1,0,301019.0,CHINA
A14,6,A32,A42,1577.0,A63,A73,1,A93,A101,2,A123,32,A143,A152,1,A173,1,A192,A201,1,0,1,76105.0,CHINA
A14,9,A32,A43,1186.0,A61,A73,1,A93,A101,2,A121,32,A143,A152,1,A173,2,A191,A201,1,0,0,41321.0,CHINA
A12,36,A30,A43,2043.0,A61,A73,4,A92,A101,1,A123,42,A143,A152,1,A173,1,A192,A201,2,1,0,50499.0,CHINA
A14,24,A32,A40,3717.0,A61,A73,1,A93,A101,4,A122,43,A143,A152,1,A172,2,A191,A201,1,0,0,119284.0,CHINA
A12,9,A32,A40,806.0,A65,A72,4,A93,A101,2,A121,35,A143,A152,1,A171,1,A191,A201,1,0,0,22203.0,CHINA
A11,48,A32,A43,2881.0,A61,A73,3,A92,A101,2,A123,31,A143,A152,1,A173,1,A192,A201,2,0,0,148631.0,CHINA
A11,12,A32,A43,327.0,A61,A73,4,A94,A101,2,A121,40,A143,A152,1,A172,1,A191,A201,1,0,1,16439.0,CHINA
A11,12,A32,A46,344.0,A61,A73,4,A93,A101,4,A123,40,A143,A151,1,A172,2,A191,A201,2,0,0,8332.0,CHINA
A12,12,A32,A40,699.0,A64,A75,4,A93,A101,4,A121,54,A143,A152,1,A173,1,A192,A201,1,0,0,33489.0,CHINA
A14,18,A32,A49,722.0,A62,A73,3,A92,A101,4,A122,24,A143,A151,1,A172,1,A191,A201,1,0,1,29932.0,CHINA
A12,48,A32,A43,5803.0,A64,A74,1,A93,A102,2,A124,27,A141,A152,2,A173,1,A192,A201,2,1,1,249260.0,CHINA
A13,15,A34,A41,1278.0,A63,A73,2,A93,A101,2,A123,36,A143,A152,1,A173,1,A192,A201,1,0,1,55735.0,CHINA
A12,20,A32,A41,3372.0,A65,A71,1,A91,A101,4,A121,60,A143,A152,1,A174,1,A192,A201,1,0,0,112724.0,CHINA
A14,30,A34,A43,2766.0,A61,A74,3,A93,A102,2,A123,38,A143,A152,1,A173,1,A191,A201,1,0,0,143123.0,CHINA
A14,30,A31,A41,3998.0,A65,A71,4,A92,A101,1,A121,53,A141,A152,1,A174,1,A192,A201,2,1,1,159883.0,CHINA
A11,18,A32,A42,1057.0,A61,A73,2,A93,A101,2,A123,22,A143,A152,1,A173,1,A191,A201,2,0,0,36967.0,CHINA
A14,24,A34,A49,2025.0,A61,A73,3,A93,A101,2,A121,74,A143,A152,1,A174,1,A192,A201,1,0,1,71497.0,CHINA
A14,24,A34,A41,1160.0,A65,A74,4,A93,A101,4,A123,43,A143,A152,2,A173,2,A192,A201,1,0,1,53115.0,CHINA
A14,24,A34,A41,2195.0,A61,A75,4,A92,A101,2,A123,41,A143,A151,2,A174,1,A192,A201,1,0,0,52172.0,CHINA
A12,12,A32,A42,1634.0,A61,A72,3,A92,A101,1,A121,34,A143,A151,1,A174,1,A191,A201,1,0,0,58348.0,CHINA
A14,12,A34,A40,690.0,A61,A75,4,A93,A101,1,A121,38,A143,A152,2,A172,2,A191,A201,1,0,0,37602.0,CHINA
A14,12,A32,A40,477.0,A61,A73,3,A94,A101,2,A121,27,A143,A152,2,A173,1,A192,A201,1,0,1,14411.0,CHINA
A12,12,A34,A40,1693.0,A61,A72,1,A93,A101,3,A121,49,A141,A152,2,A172,2,A191,A201,1,0,0,61810.0,CHINA
A14,18,A32,A42,782.0,A61,A72,4,A94,A102,1,A122,43,A143,A152,1,A172,2,A191,A201,2,1,1,34543.0,CHINA
A14,21,A30,A40,2481.0,A65,A73,1,A92,A101,4,A122,29,A141,A152,2,A173,1,A192,A201,2,1,1,121913.0,CHINA
A14,30,A34,A41,3479.0,A65,A75,1,A93,A101,4,A123,63,A143,A152,2,A173,1,A191,A201,1,0,0,123504.0,CHINA
A12,18,A34,A42,3569.0,A61,A75,2,A93,A101,1,A124,41,A143,A152,1,A173,1,A192,A201,1,0,0,202198.0,CHINA
A11,48,A32,A40,4436.0,A61,A75,4,A93,A101,4,A124,42,A141,A153,1,A174,1,A191,A201,2,1,0,205205.0,CHINA
A14,15,A32,A44,412.0,A65,A72,4,A92,A101,1,A121,24,A143,A152,1,A173,1,A191,A201,1,0,1,12732.0,CHINA
A14,12,A34,A40,526.0,A61,A71,1,A92,A101,2,A122,38,A143,A152,1,A171,1,A191,A201,1,0,0,15371.0,CHINA
A11,33,A34,A42,2390.0,A63,A73,1,A92,A101,4,A123,23,A143,A152,2,A173,1,A191,A201,2,1,0,123092.0,CHINA
A11,36,A34,A46,3571.0,A61,A73,3,A92,A101,2,A124,25,A143,A152,2,A174,1,A192,A201,2,1,1,135580.0,CHINA
A14,33,A34,A41,4056.0,A61,A74,3,A93,A101,2,A123,35,A143,A152,2,A174,1,A192,A201,1,0,0,219189.0,CHINA
A12,12,A32,A43,3004.0,A65,A71,2,A93,A101,1,A124,52,A143,A152,1,A174,1,A192,A201,2,1,0,107512.0,CHINA
A14,24,A33,A49,1912.0,A61,A73,1,A93,A101,2,A124,32,A143,A153,1,A173,1,A191,A201,1,0,0,67464.0,CHINA
A11,24,A31,A49,1779.0,A61,A73,4,A93,A101,2,A122,31,A143,A151,1,A173,1,A192,A201,2,1,0,95263.0,CHINA
A12,9,A32,A40,806.0,A65,A72,4,A93,A101,2,A121,35,A143,A152,1,A171,1,A191,A201,1,0,0,27799.0,CHINA
A13,15,A32,A49,3290.0,A61,A74,2,A93,A101,4,A122,26,A143,A151,1,A173,1,A192,A201,1,0,0,271199.0,USA
A12,36,A32,A40,12704.0,A65,A73,1,A93,A101,4,A124,37,A143,A153,1,A173,1,A192,A201,2,1,0,1675036.0,USA
A11,15,A32,A44,1396.0,A65,A73,4,A92,A101,2,A123,24,A143,A151,1,A173,1,A191,A201,2,1,0,92754.0,USA
A14,12,A30,A42,3041.0,A61,A75,2,A93,A101,4,A122,34,A143,A152,2,A173,1,A191,A201,1,0,0,178405.0,USA
A12,24,A32,A43,4248.0,A63,A71,1,A92,A101,4,A124,23,A143,A151,1,A171,1,A191,A201,1,0,0,502897.0,USA
A11,15,A32,A42,2153.0,A61,A72,4,A92,A103,1,A122,46,A143,A151,1,A173,1,A191,A201,1,0,0,236823.0,USA
A11,45,A30,A49,16052.0,A61,A75,2,A93,A101,4,A123,29,A143,A151,2,A173,1,A191,A201,2,1,0,1532368.0,USA
A12,27,A34,A43,2760.0,A63,A73,4,A93,A101,2,A122,23,A143,A152,2,A172,1,A191,A201,2,1,0,348036.0,USA
A11,24,A32,A40,5057.0,A61,A74,2,A93,A102,3,A122,31,A143,A152,1,A173,1,A192,A201,2,1,0,501090.0,USA
A14,12,A32,A49,1399.0,A61,A73,2,A94,A101,2,A121,26,A143,A152,1,A173,1,A192,A202,1,0,0,90381.0,USA
A14,6,A33,A49,2012.0,A62,A73,1,A93,A101,2,A121,34,A143,A152,2,A172,1,A191,A201,1,0,1,252482.0,USA
A11,24,A32,A49,7135.0,A61,A73,2,A94,A101,2,A123,21,A142,A152,1,A172,1,A191,A201,1,0,1,1027642.0,USA
A12,6,A32,A40,17392.0,A65,A71,1,A93,A101,2,A122,23,A143,A152,1,A171,1,A192,A201,2,1,0,2357657.0,USA
A13,30,A34,A43,3512.0,A61,A75,4,A93,A101,4,A122,47,A143,A152,1,A173,1,A191,A201,1,0,0,447171.0,USA
A14,24,A32,A42,3693.0,A63,A75,3,A93,A101,4,A122,53,A143,A152,1,A173,1,A191,A201,1,0,1,547512.0,USA
A14,36,A34,A43,3639.0,A65,A75,4,A93,A101,2,A123,51,A143,A152,1,A173,1,A192,A201,1,0,0,543600.0,USA
A11,48,A32,A41,13071.0,A61,A74,4,A93,A101,4,A124,39,A142,A153,3,A173,2,A192,A201,2,1,0,1528267.0,USA
A11,48,A32,A40,4421.0,A61,A74,4,A93,A101,4,A124,46,A143,A153,1,A173,2,A191,A201,2,1,0,579021.0,USA
A11,15,A32,A42,1984.0,A61,A72,4,A92,A103,1,A122,46,A143,A151,1,A173,1,A191,A201,1,0,0,176033.0,USA
A11,24,A32,A43,2135.0,A61,A73,2,A93,A101,4,A121,21,A143,A151,1,A172,2,A191,A201,2,0,0,153745.0,USA
A11,18,A32,A41,9351.0,A65,A75,1,A93,A101,4,A122,51,A143,A153,1,A173,2,A192,A201,2,1,1,661493.0,USA
A14,9,A32,A40,2898.0,A63,A75,2,A93,A101,4,A124,51,A143,A153,1,A172,1,A191,A201,1,0,0,361621.0,USA
A11,18,A34,A40,4635.0,A61,A75,1,A92,A101,4,A121,33,A141,A151,3,A173,1,A192,A201,2,1,0,312739.0,USA
A12,60,A33,A43,11799.0,A65,A73,2,A93,A101,2,A124,27,A143,A153,1,A174,1,A191,A201,1,0,0,783019.0,USA
A11,14,A32,A40,4970.0,A61,A71,1,A93,A101,4,A124,22,A143,A153,1,A173,1,A191,A201,1,0,0,436897.0,USA
A11,30,A32,A42,7753.0,A65,A75,4,A93,A101,4,A122,31,A143,A152,1,A173,1,A191,A201,2,1,0,895748.0,USA
A12,36,A34,A40,3074.0,A61,A72,4,A91,A101,4,A123,27,A143,A152,2,A173,1,A191,A201,2,1,0,440298.0,USA
A12,36,A32,A46,3089.0,A61,A74,3,A93,A101,1,A123,32,A143,A152,2,A173,2,A191,A201,1,0,1,425371.0,USA
A14,24,A34,A40,1438.0,A64,A75,4,A92,A101,4,A121,37,A143,A152,2,A173,1,A192,A201,1,0,0,169343.0,USA
A12,36,A32,A46,2336.0,A61,A74,3,A93,A101,1,A123,32,A143,A152,2,A173,2,A191,A201,1,0,0,212742.0,USA
A14,4,A34,A43,2025.0,A61,A74,2,A93,A101,1,A121,42,A143,A152,3,A172,2,A191,A201,1,0,0,145030.0,USA
A11,6,A32,A43,2847.0,A63,A73,2,A93,A101,3,A121,44,A143,A151,1,A173,2,A191,A201,1,0,1,369394.0,USA
A14,12,A32,A42,2044.0,A61,A73,4,A93,A101,2,A121,50,A143,A152,1,A173,1,A191,A201,1,0,0,132859.0,USA
A13,10,A32,A42,1520.0,A61,A72,4,A92,A101,2,A122,23,A143,A152,1,A173,1,A191,A201,1,0,0,195664.0,USA
A14,21,A32,A40,3707.0,A63,A74,1,A92,A101,2,A123,31,A141,A152,1,A174,1,A191,A201,1,0,0,396868.0,USA
A11,33,A34,A42,4461.0,A63,A73,1,A92,A101,4,A123,23,A143,A152,2,A173,1,A191,A201,2,1,0,313728.0,USA
A14,9,A32,A42,2822.0,A62,A72,2,A92,A101,4,A122,22,A143,A151,1,A173,1,A191,A201,1,0,0,398330.0,USA
A11,36,A32,A41,8843.0,A65,A75,3,A93,A101,4,A124,47,A143,A153,1,A173,1,A191,A201,2,0,0,537509.0,USA
A14,15,A32,A44,1597.0,A63,A74,4,A93,A101,3,A122,36,A143,A152,2,A173,1,A192,A201,1,0,1,193828.0,USA
A11,18,A34,A45,1574.0,A61,A71,2,A92,A101,4,A124,55,A143,A153,3,A171,2,A191,A201,2,0,0,200480.0,USA
A12,12,A32,A45,699.0,A61,A73,4,A93,A101,2,A123,30,A143,A152,1,A173,1,A191,A201,2,1,0,79021.0,USA
A12,8,A32,A49,1129.0,A61,A72,3,A94,A101,2,A121,26,A143,A152,1,A173,1,A192,A201,1,0,0,162335.0,USA
A11,24,A32,A41,8566.0,A61,A71,4,A93,A101,2,A124,29,A143,A153,1,A174,1,A192,A201,1,0,1,852007.0,USA
A11,6,A34,A43,371.0,A63,A75,4,A93,A101,4,A123,52,A143,A152,2,A173,1,A191,A201,1,0,0,43599.0,USA
A11,6,A32,A40,20353.0,A61,A75,1,A93,A101,4,A124,68,A141,A152,1,A174,1,A192,A201,2,1,1,1552525.0,USA
A14,18,A32,A40,2268.0,A61,A73,2,A94,A101,2,A122,30,A143,A152,1,A174,1,A192,A201,1,0,0,333476.0,USA
A11,6,A32,A41,1833.0,A63,A71,1,A92,A101,2,A122,23,A143,A151,1,A171,1,A192,A201,1,0,1,154591.0,USA
A12,48,A31,A40,15805.0,A65,A71,4,A93,A102,4,A124,36,A143,A153,1,A174,1,A192,A201,1,0,0,1042652.0,USA
A13,42,A34,A41,6067.0,A61,A75,4,A93,A101,4,A124,56,A143,A153,1,A173,1,A191,A201,1,0,0,488584.0,USA
A14,6,A34,A43,1646.0,A62,A73,1,A92,A101,1,A122,27,A143,A152,2,A173,1,A191,A201,1,0,1,222244.0,USA
A11,36,A34,A42,2449.0,A61,A73,3,A94,A101,2,A122,46,A143,A152,2,A173,1,A192,A201,1,0,0,280298.0,USA
A14,36,A32,A40,3205.0,A65,A73,4,A93,A101,4,A121,36,A143,A152,1,A173,1,A191,A201,1,0,0,461040.0,USA
A14,24,A32,A43,3782.0,A65,A72,4,A93,A101,2,A123,25,A143,A152,2,A173,1,A191,A201,1,0,0,355744.0,USA
A11,12,A32,A40,1653.0,A61,A74,2,A91,A101,3,A123,36,A143,A152,1,A173,1,A191,A201,2,1,0,170837.0,USA
A11,24,A32,A41,8364.0,A61,A71,4,A93,A101,2,A124,29,A143,A153,1,A174,1,A192,A201,1,0,0,1088489.0,USA
A12,18,A32,A43,1167.0,A61,A73,4,A92,A103,4,A121,26,A143,A152,1,A172,2,A191,A201,1,0,0,89077.0,USA
A14,48,A32,A49,5763.0,A61,A71,3,A93,A101,2,A123,33,A141,A151,1,A174,1,A192,A201,2,1,1,697503.0,USA
A12,30,A31,A42,4282.0,A64,A73,4,A93,A101,2,A123,34,A142,A152,1,A173,2,A192,A201,1,0,1,342057.0,USA
A14,24,A32,A43,4111.0,A65,A72,4,A93,A101,2,A123,25,A143,A152,2,A173,1,A191,A201,1,0,0,421532.0,USA
A12,48,A32,A40,10984.0,A65,A74,1,A92,A101,2,A123,24,A143,A152,1,A173,1,A191,A201,1,0,0,1165670.0,USA
A12,18,A30,A42,3410.0,A61,A73,1,A92,A101,4,A123,33,A141,A152,2,A173,1,A192,A201,1,0,0,489672.0,USA
A12,18,A32,A43,1447.0,A61,A75,4,A94,A103,2,A121,32,A143,A152,1,A172,1,A191,A201,1,0,0,123330.0,USA
A11,18,A31,A43,2401.0,A61,A72,3,A93,A102,4,A124,36,A141,A153,1,A174,1,A192,A201,1,0,0,341585.0,USA
A11,12,A32,A40,1223.0,A65,A73,4,A94,A101,2,A123,23,A143,A152,1,A173,1,A191,A201,2,1,0,109780.0,USA
A14,12,A34,A43,2629.0,A65,A75,1,A93,A102,4,A121,49,A143,A152,1,A173,1,A192,A201,1,0,0,196101.0,USA
A14,15,A32,A43,1578.0,A65,A73,4,A94,A101,2,A121,40,A143,A151,1,A173,1,A192,A201,1,0,1,205186.0,USA
A14,12,A34,A43,1300.0,A65,A75,4,A93,A101,4,A123,35,A143,A152,2,A173,1,A191,A201,1,0,0,158849.0,USA
A13,6,A33,A43,828.0,A61,A72,2,A92,A101,1,A122,29,A141,A152,1,A173,1,A191,A201,1,0,0,72565.0,USA
A13,12,A32,A42,1867.0,A65,A75,3,A92,A101,4,A121,55,A143,A152,1,A174,1,A192,A201,1,0,1,175769.0,USA
A14,24,A32,A48,1190.0,A61,A72,4,A94,A101,3,A123,27,A143,A152,2,A172,1,A191,A201,1,0,0,174167.0,USA
A12,18,A34,A42,7865.0,A61,A71,4,A93,A101,4,A122,40,A142,A152,2,A174,1,A192,A201,1,0,0,1038087.0,USA
A12,8,A32,A43,889.0,A61,A74,4,A92,A103,2,A121,44,A143,A152,1,A172,1,A191,A201,1,0,0,86202.0,USA
A14,4,A34,A43,1795.0,A61,A74,2,A93,A101,1,A121,42,A143,A152,2,A172,2,A191,A201,1,0,1,164109.0,USA
A13,9,A32,A43,1538.0,A62,A75,2,A91,A101,4,A121,49,A143,A152,1,A173,1,A191,A201,1,0,1,222713.0,USA
A12,9,A32,A42,2779.0,A65,A74,2,A93,A101,1,A123,24,A143,A152,1,A173,1,A192,A201,1,0,0,333371.0,USA
A14,60,A32,A40,10957.0,A61,A75,2,A93,A101,4,A122,42,A143,A152,1,A174,1,A192,A201,1,0,0,1436030.0,USA
A14,15,A32,A46,5545.0,A62,A73,3,A93,A101,2,A122,40,A143,A152,1,A174,1,A192,A201,2,1,0,433683.0,USA
A14,12,A32,A43,2238.0,A62,A73,4,A92,A102,2,A121,28,A143,A152,1,A173,1,A191,A201,1,0,0,158527.0,USA
A12,12,A32,A43,1760.0,A61,A72,2,A93,A101,1,A123,22,A142,A152,1,A173,1,A191,A201,2,1,0,247434.0,USA
A14,6,A33,A43,1120.0,A61,A73,3,A92,A101,2,A121,24,A143,A152,1,A173,1,A191,A201,1,0,1,165106.0,USA
A12,12,A32,A40,1499.0,A61,A75,1,A91,A101,1,A121,46,A143,A151,2,A173,1,A191,A201,2,1,0,138729.0,USA
A11,48,A32,A43,9189.0,A61,A73,3,A92,A101,2,A123,31,A143,A152,1,A173,1,A192,A201,2,1,0,813226.0,USA
A12,6,A31,A40,1240.0,A62,A72,1,A92,A101,1,A122,32,A142,A152,1,A172,1,A191,A201,2,1,0,104921.0,USA
A12,6,A32,A43,423.0,A65,A75,4,A93,A101,4,A122,38,A143,A152,1,A173,1,A191,A201,1,0,0,60656.0,USA
A14,24,A32,A43,1442.0,A63,A74,4,A92,A101,1,A123,28,A143,A152,1,A173,1,A191,A201,1,0,1,102231.0,USA
A12,9,A32,A42,1087.0,A61,A73,4,A92,A101,1,A122,30,A143,A152,1,A173,1,A191,A201,2,1,0,139177.0,USA
A13,10,A32,A42,1319.0,A61,A72,4,A92,A101,2,A122,23,A143,A152,1,A173,1,A191,A201,1,0,0,164948.0,USA
A12,12,A33,A43,645.0,A61,A73,4,A94,A102,4,A121,20,A143,A151,2,A173,1,A191,A201,1,0,0,46994.0,USA
A13,21,A34,A46,2755.0,A61,A72,2,A91,A101,1,A123,33,A143,A151,1,A173,1,A191,A201,2,1,0,165425.0,USA
A14,12,A32,A43,1461.0,A61,A73,3,A93,A101,2,A123,25,A143,A152,1,A173,1,A191,A201,1,0,0,183737.0,USA
A14,24,A33,A42,5518.0,A62,A73,2,A93,A101,3,A122,35,A143,A152,2,A173,1,A191,A201,1,0,0,821975.0,USA
A11,24,A32,A41,3532.0,A65,A75,2,A92,A101,4,A121,26,A143,A151,1,A173,1,A191,A201,1,0,0,442487.0,USA
A14,24,A34,A46,2231.0,A65,A73,3,A92,A101,2,A123,33,A143,A152,2,A173,1,A192,A201,1,0,0,251915.0,USA
A11,36,A32,A46,2414.0,A65,A75,4,A93,A101,4,A124,40,A143,A152,1,A174,1,A192,A201,2,1,0,265410.0,USA
A12,18,A34,A49,4663.0,A61,A71,3,A94,A101,3,A123,40,A143,A152,3,A171,2,A192,A201,1,0,0,414678.0,USA
A11,6,A34,A40,705.0,A61,A74,4,A92,A101,3,A122,37,A143,A152,2,A173,1,A191,A202,1,0,0,89596.0,USA
A14,12,A34,A40,1536.0,A61,A75,4,A93,A101,1,A121,38,A143,A152,2,A172,2,A191,A201,1,0,0,215211.0,USA
A12,36,A32,A40,14905.0,A61,A75,4,A93,A101,2,A124,57,A143,A153,1,A174,1,A192,A201,2,1,1,1337482.0,USA
A11,12,A32,A40,1089.0,A65,A73,4,A94,A101,2,A123,23,A143,A152,1,A173,1,A191,A201,2,1,0,91750.0,USA
A14,30,A34,A43,6454.0,A61,A74,3,A93,A102,2,A123,38,A143,A152,1,A173,1,A191,A201,1,0,1,739817.0,USA
A14,15,A32,A41,4853.0,A61,A73,3,A93,A101,2,A123,30,A143,A152,1,A173,1,A192,A201,1,0,0,650982.0,USA
A14,6,A32,A41,1536.0,A63,A73,2,A93,A101,4,A122,50,A143,A151,1,A173,1,A191,A201,1,0,0,121133.0,USA
A12,9,A32,A43,1304.0,A61,A75,4,A92,A101,4,A121,25,A143,A152,1,A173,1,A191,A201,1,0,0,171542.0,USA
A13,24,A32,A43,1328.0,A63,A73,3,A92,A101,3,A123,57,A143,A152,1,A172,1,A191,A201,1,0,0,77438.0,USA
A14,36,A32,A40,4017.0,A65,A73,4,A93,A101,4,A121,36,A143,A152,1,A173,1,A191,A201,1,0,1,248158.0,USA
A11,12,A32,A43,922.0,A62,A74,4,A94,A101,1,A122,20,A143,A152,1,A173,1,A191,A201,2,1,0,79192.0,USA
A12,21,A34,A49,4941.0,A61,A74,2,A93,A101,3,A122,27,A143,A152,2,A173,1,A191,A201,1,0,0,672126.0,USA
A14,36,A32,A43,2909.0,A63,A75,4,A93,A101,4,A123,39,A143,A152,1,A173,1,A191,A201,1,0,0,387964.0,USA
A14,12,A32,A43,2450.0,A62,A73,4,A92,A102,2,A121,28,A143,A152,1,A173,1,A191,A201,1,0,0,219146.0,USA
A14,12,A34,A40,1130.0,A61,A71,1,A92,A101,2,A122,38,A143,A152,1,A171,1,A191,A201,1,0,0,149871.0,USA
A14,24,A32,A43,1643.0,A61,A74,3,A93,A101,1,A123,32,A141,A152,1,A173,2,A191,A201,1,0,0,209778.0,USA
A14,36,A33,A43,5795.0,A61,A73,4,A92,A101,4,A121,34,A143,A152,2,A173,1,A191,A201,1,0,0,685688.0,USA
A14,18,A32,A49,2127.0,A61,A74,4,A93,A101,1,A123,34,A142,A152,2,A173,1,A192,A201,1,0,0,161867.0,USA
A12,24,A32,A40,1580.0,A61,A72,4,A93,A101,2,A121,23,A142,A152,1,A172,1,A191,A201,2,1,0,108148.0,USA
A14,18,A32,A43,2124.0,A61,A72,4,A93,A101,1,A121,33,A143,A152,1,A173,1,A191,A201,1,0,0,178087.0,USA
A13,6,A34,A40,1584.0,A61,A75,1,A93,A101,4,A121,46,A143,A152,2,A173,2,A191,A202,1,0,0,98286.0,USA
A12,9,A32,A43,1571.0,A61,A75,4,A92,A101,4,A121,25,A143,A152,1,A173,1,A191,A201,1,0,0,200792.0,USA
A11,12,A32,A40,3053.0,A61,A72,4,A93,A101,1,A121,33,A143,A152,1,A172,2,A191,A201,2,1,0,202904.0,USA
A13,6,A34,A40,1651.0,A62,A75,2,A91,A101,4,A123,28,A143,A152,2,A173,2,A192,A201,1,0,0,112258.0,USA
A12,9,A31,A40,1732.0,A62,A74,2,A93,A101,3,A124,29,A143,A152,1,A173,1,A191,A201,2,1,1,227290.0,USA
A14,48,A32,A43,11259.0,A65,A74,4,A93,A101,3,A123,37,A142,A152,1,A173,1,A192,A201,1,0,0,1092944.0,USA
A11,6,A34,A40,884.0,A64,A74,3,A92,A101,4,A121,39,A143,A152,2,A172,1,A192,A201,1,0,1,54783.0,USA
A14,21,A34,A40,16644.0,A65,A75,4,A93,A101,4,A124,30,A143,A153,1,A174,1,A192,A201,2,1,0,1652502.0,USA
A14,12,A34,A49,2526.0,A61,A71,4,A93,A101,2,A123,42,A142,A152,2,A174,1,A192,A201,2,1,1,354473.0,USA
A12,48,A31,A40,13180.0,A65,A71,4,A93,A102,4,A124,36,A143,A153,1,A174,1,A192,A201,1,0,0,1246486.0,USA
A12,48,A32,A410,7220.0,A65,A71,3,A93,A101,4,A124,40,A141,A153,1,A171,1,A192,A201,1,0,0,620766.0,USA
A14,12,A32,A43,941.0,A61,A75,4,A93,A101,4,A123,38,A143,A152,1,A173,1,A191,A201,1,0,0,68258.0,USA
A14,36,A33,A43,5331.0,A61,A73,4,A93,A101,2,A123,26,A143,A152,2,A174,1,A192,A201,2,1,0,320649.0,USA
A12,13,A34,A43,933.0,A61,A72,4,A93,A103,4,A121,23,A143,A152,2,A173,1,A191,A201,1,0,0,84525.0,USA
A14,18,A34,A43,1296.0,A64,A73,4,A93,A101,3,A121,46,A143,A152,2,A173,1,A191,A201,1,0,0,162419.0,USA
A11,24,A32,A42,3454.0,A61,A73,2,A91,A101,2,A121,24,A143,A151,1,A172,1,A191,A201,1,0,1,201404.0,USA
A12,12,A32,A43,925.0,A63,A73,4,A93,A101,3,A121,66,A143,A152,1,A172,1,A191,A201,2,1,0,74766.0,USA
A12,15,A32,A43,989.0,A61,A75,4,A93,A101,3,A123,37,A143,A152,1,A173,2,A191,A201,2,1,0,137284.0,USA
A11,60,A33,A49,7456.0,A61,A75,3,A93,A101,4,A124,63,A143,A152,2,A173,1,A192,A201,2,1,1,498665.0,USA
A12,30,A34,A40,2893.0,A65,A75,4,A93,A101,4,A121,36,A143,A152,2,A173,1,A191,A201,1,0,0,396620.0,USA
A12,60,A32,A40,18725.0,A61,A74,4,A93,A101,2,A124,27,A143,A152,1,A174,1,A192,A201,2,1,1,1389545.0,USA
A11,12,A32,A42,3443.0,A61,A73,2,A91,A101,1,A123,42,A143,A152,1,A173,1,A191,A201,1,0,0,478699.0,USA
A12,7,A32,A43,2912.0,A61,A72,1,A92,A103,1,A121,45,A143,A152,1,A173,1,A191,A201,1,0,1,212169.0,USA
A11,18,A31,A43,2499.0,A61,A72,3,A93,A102,4,A124,36,A141,A153,1,A174,1,A192,A201,1,0,1,203764.0,USA
A12,30,A32,A42,3920.0,A62,A73,2,A92,A102,4,A123,21,A143,A151,1,A173,1,A191,A201,2,1,0,423647.0,USA
A12,9,A32,A43,2717.0,A61,A73,2,A93,A101,2,A121,37,A143,A152,1,A172,2,A191,A201,1,0,0,341524.0,USA
A14,18,A34,A40,3700.0,A61,A74,2,A93,A101,2,A122,31,A141,A152,2,A173,1,A191,A201,2,1,0,215520.0,USA
A14,6,A31,A40,900.0,A65,A73,1,A93,A103,2,A121,26,A142,A152,1,A172,2,A191,A201,1,0,1,106946.0,USA
A14,36,A32,A41,4834.0,A61,A73,2,A93,A101,2,A124,32,A143,A153,1,A174,1,A192,A201,1,0,0,424155.0,USA
A11,6,A32,A40,1306.0,A62,A75,3,A93,A101,2,A122,43,A143,A152,1,A173,1,A192,A201,1,0,1,106928.0,USA
A11,9,A32,A43,1746.0,A61,A74,3,A93,A101,4,A121,59,A143,A152,1,A173,1,A191,A201,1,0,0,104007.0,USA
A13,15,A32,A49,3300.0,A61,A74,2,A93,A101,4,A122,26,A143,A151,1,A173,1,A192,A201,1,0,0,418359.0,USA
A12,39,A34,A43,6026.0,A61,A74,2,A93,A103,2,A121,25,A143,A152,2,A173,1,A191,A201,2,0,0,841714.0,USA
A12,18,A32,A40,1213.0,A65,A73,4,A92,A101,2,A122,33,A143,A152,1,A173,1,A191,A201,2,1,0,133669.0,USA
A14,15,A34,A42,3511.0,A61,A74,2,A92,A102,3,A123,24,A141,A152,2,A173,1,A191,A201,1,0,0,398648.0,USA
A11,12,A32,A40,1112.0,A65,A73,4,A94,A101,2,A123,23,A143,A152,1,A173,1,A191,A201,2,1,0,104513.0,USA
A14,11,A32,A49,2243.0,A64,A75,1,A91,A101,2,A121,28,A143,A152,1,A173,1,A192,A201,1,0,0,158235.0,USA
A14,48,A34,A49,8334.0,A65,A75,4,A91,A101,2,A123,46,A141,A152,2,A174,2,A191,A201,1,0,0,588172.0,USA
A12,13,A34,A43,1032.0,A61,A72,4,A93,A103,4,A121,23,A143,A152,2,A173,1,A191,A201,1,0,0,70209.0,USA
A14,10,A32,A46,937.0,A63,A75,4,A93,A101,4,A124,46,A143,A153,1,A173,1,A192,A201,1,0,0,77471.0,USA
A11,12,A32,A40,4472.0,A64,A73,1,A93,A101,3,A122,31,A143,A152,1,A173,2,A191,A201,1,0,0,464960.0,USA
A14,24,A32,A43,1847.0,A63,A74,4,A92,A101,1,A123,28,A143,A152,1,A173,1,A191,A201,1,0,0,228650.0,USA
A12,12,A32,A42,1220.0,A64,A72,1,A92,A101,4,A121,19,A143,A151,1,A172,1,A191,A201,1,0,0,93538.0,USA
A11,21,A32,A42,4552.0,A61,A74,1,A92,A101,4,A123,26,A143,A151,1,A172,1,A191,A201,1,0,0,484379.0,USA
A14,6,A32,A40,698.0,A61,A71,1,A92,A101,4,A121,54,A143,A152,1,A171,1,A192,A201,1,0,0,68620.0,USA
A14,6,A34,A40,463.0,A62,A73,4,A92,A101,4,A123,52,A143,A152,2,A172,1,A191,A201,1,0,0,46280.0,USA
A12,60,A33,A43,11939.0,A65,A73,2,A93,A101,2,A124,27,A143,A153,1,A174,1,A191,A201,1,0,0,1486277.0,USA
A13,24,A32,A42,4737.0,A61,A72,2,A92,A101,4,A123,26,A143,A152,1,A173,1,A191,A201,1,0,0,324003.0,USA
A11,6,A32,A40,902.0,A61,A72,3,A93,A101,4,A121,41,A143,A152,1,A172,2,A192,A201,1,0,0,100020.0,USA
A14,24,A32,A43,4248.0,A61,A72,4,A92,A101,4,A122,26,A143,A152,1,A173,1,A192,A201,1,0,0,529714.0,USA
A13,15,A32,A49,3105.0,A61,A74,2,A93,A101,4,A122,26,A143,A151,1,A173,1,A192,A201,1,0,0,383219.0,USA
A11,24,A32,A41,2950.0,A65,A75,2,A92,A101,4,A121,26,A143,A151,1,A173,1,A191,A201,1,0,0,203552.0,USA
A11,24,A33,A40,1730.0,A61,A71,4,A93,A101,2,A121,43,A143,A153,2,A173,2,A191,A201,2,1,0,190995.0,USA
A14,9,A32,A42,2096.0,A61,A72,2,A92,A102,2,A123,19,A143,A151,2,A173,1,A191,A201,2,1,0,220220.0,USA
A14,18,A32,A43,472.0,A61,A71,3,A92,A102,4,A121,22,A143,A151,1,A173,1,A191,A201,2,1,0,68821.0,USA
A14,30,A34,A43,7350.0,A61,A74,3,A93,A102,2,A123,38,A143,A152,1,A173,1,A191,A201,1,0,1,1058973.0,USA
A13,10,A32,A42,1470.0,A61,A72,4,A92,A101,2,A122,23,A143,A152,1,A173,1,A191,A201,1,0,0,182348.0,USA
A14,24,A34,A43,3958.0,A62,A75,3,A93,A101,4,A121,36,A143,A152,1,A173,2,A192,A201,1,0,0,548851.0,USA
A13,15,A34,A41,2783.0,A63,A73,2,A93,A101,2,A123,36,A143,A152,1,A173,1,A192,A201,1,0,0,352701.0,USA
A14,48,A34,A46,6868.0,A61,A73,1,A93,A101,3,A124,31,A141,A153,1,A173,1,A192,A201,1,0,0,694056.0,USA
A11,24,A32,A41,8903.0,A61,A71,4,A93,A101,2,A124,29,A143,A153,1,A174,1,A192,A201,1,0,0,573275.0,USA
A11,6,A34,A40,1432.0,A61,A72,2,A93,A101,4,A121,40,A143,A152,1,A172,2,A191,A202,1,0,0,143020.0,USA
A12,9,A32,A43,1639.0,A61,A75,4,A92,A101,4,A121,25,A143,A152,1,A173,1,A191,A201,1,0,0,183194.0,USA
A14,21,A34,A42,2450.0,A61,A72,4,A92,A101,4,A122,23,A143,A152,1,A173,1,A192,A201,1,0,1,361278.0,USA
A12,18,A32,A40,1122.0,A65,A73,4,A92,A101,2,A122,33,A143,A152,1,A173,1,A191,A201,2,1,0,151675.0,USA
A14,12,A32,A46,1846.0,A61,A75,4,A93,A101,4,A122,47,A141,A152,3,A173,2,A192,A201,1,0,1,211766.0,USA
A12,24,A32,A40,1575.0,A61,A72,3,A92,A101,4,A123,25,A143,A152,1,A172,1,A192,A201,2,1,0,215690.0,USA
A11,24,A31,A42,7397.0,A61,A72,2,A91,A101,1,A122,55,A141,A152,1,A173,1,A192,A201,2,1,0,902447.0,USA
A14,12,A32,A40,2803.0,A65,A75,4,A92,A101,4,A124,52,A143,A153,1,A174,1,A192,A201,1,0,0,201832.0,USA
A14,36,A34,A42,9598.0,A61,A72,2,A92,A101,4,A122,23,A143,A151,2,A173,1,A192,A201,2,1,0,1389161.0,USA
A12,60,A31,A410,18337.0,A62,A75,3,A92,A101,4,A124,60,A141,A153,2,A174,1,A192,A201,2,1,0,1729355.0,USA
A11,6,A34,A40,4381.0,A61,A73,1,A93,A101,3,A121,37,A143,A151,3,A173,2,A191,A201,1,0,0,410516.0,USA
A14,9,A32,A43,3569.0,A61,A73,1,A93,A101,2,A121,32,A143,A152,1,A173,2,A191,A201,1,0,1,444705.0,USA
A12,27,A32,A49,4357.0,A61,A73,4,A93,A101,2,A123,36,A143,A152,1,A173,2,A192,A201,2,1,0,487821.0,USA
A14,18,A34,A46,2245.0,A62,A73,4,A92,A101,2,A121,30,A143,A152,2,A173,1,A191,A201,2,1,0,234993.0,USA
A14,12,A34,A42,2148.0,A64,A74,3,A92,A101,2,A122,35,A143,A152,1,A173,1,A191,A202,1,0,0,194552.0,USA
A14,42,A34,A42,4740.0,A63,A73,4,A93,A101,4,A121,36,A143,A152,2,A173,1,A192,A201,1,0,0,679112.0,USA
A14,24,A34,A41,3017.0,A65,A74,4,A93,A101,4,A123,43,A143,A152,2,A173,2,A192,A201,1,0,0,302138.0,USA
A13,10,A32,A40,5356.0,A61,A72,1,A93,A103,1,A122,37,A143,A152,1,A172,2,A191,A201,1,0,0,394319.0,USA
A14,18,A34,A43,1248.0,A61,A71,4,A92,A101,4,A123,65,A143,A152,2,A171,1,A191,A201,1,0,0,159882.0,USA
A11,48,A30,A41,5904.0,A61,A75,3,A93,A101,4,A124,24,A143,A153,2,A173,2,A191,A201,2,1,1,492590.0,USA
A12,9,A34,A46,1884.0,A61,A75,2,A92,A101,3,A123,34,A143,A152,2,A174,1,A192,A201,2,1,1,201199.0,USA
A11,15,A32,A42,2294.0,A61,A72,4,A92,A103,1,A122,46,A143,A151,1,A173,1,A191,A201,1,0,0,303111.0,USA
A14,15,A32,A40,4862.0,A65,A73,3,A93,A101,2,A124,29,A143,A152,1,A173,1,A191,A201,1,0,0,321137.0,USA
A14,9,A34,A46,1323.0,A65,A75,4,A92,A101,4,A122,41,A143,A151,2,A172,1,A191,A201,1,0,1,79381.0,USA
A11,18,A34,A45,1331.0,A61,A71,2,A92,A101,4,A124,55,A143,A153,3,A171,2,A191,A201,2,1,0,132791.0,USA
A14,9,A34,A40,2186.0,A61,A73,4,A93,A101,4,A123,48,A143,A152,3,A173,1,A192,A201,1,0,0,228870.0,USA
A13,9,A32,A43,1307.0,A62,A75,2,A91,A101,4,A121,49,A143,A152,1,A173,1,A191,A201,1,0,1,111535.0,USA
A12,18,A34,A49,3695.0,A61,A71,3,A94,A101,3,A123,40,A143,A152,3,A171,2,A192,A201,1,0,1,545260.0,USA
A14,15,A34,A43,1661.0,A63,A73,2,A94,A101,2,A122,47,A143,A152,2,A172,1,A191,A201,1,0,1,125681.0,USA
A11,24,A31,A42,3208.0,A63,A73,4,A93,A101,4,A121,22,A142,A152,1,A173,1,A192,A201,1,0,0,190860.0,USA
A13,10,A34,A43,1735.0,A65,A74,4,A93,A101,2,A122,27,A143,A152,2,A173,1,A192,A201,1,0,0,226747.0,USA
A12,60,A32,A46,6952.0,A61,A73,4,A93,A101,4,A124,42,A143,A153,1,A173,1,A191,A201,2,1,0,498149.0,USA
A11,18,A32,A46,902.0,A61,A71,4,A92,A101,1,A121,27,A143,A152,1,A171,1,A191,A201,2,1,1,130006.0,USA
A12,36,A33,A40,9863.0,A61,A73,2,A92,A101,2,A122,54,A143,A151,1,A173,1,A191,A201,1,0,1,877098.0,USA
A14,24,A32,A41,6981.0,A65,A75,3,A93,A101,4,A123,41,A143,A152,1,A174,2,A192,A201,1,0,0,946612.0,USA
A11,39,A34,A42,15917.0,A65,A74,4,A93,A101,4,A122,30,A143,A152,2,A174,1,A192,A201,1,0,0,2379115.0,USA
A14,24,A34,A41,6142.0,A64,A73,4,A93,A101,2,A121,27,A143,A152,2,A173,1,A191,A201,1,0,0,421842.0,USA
A11,6,A32,A41,1385.0,A63,A71,1,A92,A101,2,A122,23,A143,A151,1,A171,1,A192,A201,1,0,0,173982.0,USA
A14,14,A33,A40,1068.0,A61,A73,4,A93,A101,2,A123,27,A143,A152,2,A172,1,A191,A201,1,0,1,96525.0,USA
A11,24,A32,A42,2530.0,A62,A71,1,A91,A101,1,A122,33,A143,A152,1,A173,1,A191,A201,2,0,0,369805.0,USA
A13,24,A32,A42,3909.0,A61,A75,3,A91,A101,4,A124,51,A143,A153,1,A173,1,A191,A201,1,0,0,520928.0,USA
A12,24,A32,A42,4791.0,A61,A74,3,A91,A101,3,A123,43,A143,A152,1,A173,1,A192,A201,2,1,0,350108.0,USA
A11,12,A34,A41,1929.0,A61,A75,4,A93,A101,4,A124,66,A143,A153,2,A174,1,A191,A201,1,0,0,246858.0,USA
A12,24,A32,A40,4474.0,A62,A74,2,A93,A101,3,A123,38,A141,A152,2,A173,1,A192,A201,1,0,1,475816.0,USA
A12,12,A32,A43,2041.0,A61,A73,1,A92,A101,1,A123,22,A143,A152,1,A173,1,A192,A201,1,0,0,270810.0,USA
A11,48,A32,A44,3892.0,A61,A73,3,A93,A101,4,A123,54,A143,A152,1,A173,1,A191,A201,2,1,0,228801.0,USA
A14,24,A32,A40,2811.0,A65,A72,4,A93,A101,1,A122,54,A143,A152,1,A173,1,A191,A201,1,0,0,349042.0,USA
A14,15,A34,A42,1733.0,A65,A75,4,A93,A101,4,A122,63,A143,A152,1,A173,1,A191,A201,1,0,0,169314.0,USA
A14,15,A34,A46,1899.0,A62,A73,4,A92,A101,3,A123,31,A143,A152,1,A173,1,A191,A201,1,0,0,265259.0,USA
A14,6,A32,A46,2048.0,A61,A72,1,A92,A101,2,A124,56,A143,A152,1,A173,1,A191,A201,1,0,0,281915.0,USA
A14,60,A32,A40,8388.0,A65,A73,4,A93,A101,4,A124,34,A143,A153,1,A173,2,A192,A201,1,0,0,889377.0,USA
A14,12,A34,A42,1711.0,A61,A72,2,A92,A101,4,A122,22,A143,A151,2,A172,1,A191,A201,1,0,0,106270.0,USA
A14,24,A33,A40,972.0,A65,A75,4,A94,A101,4,A123,54,A143,A152,2,A173,1,A192,A201,1,0,0,137072.0,USA
A11,15,A30,A40,1050.0,A61,A75,4,A93,A101,3,A123,33,A143,A151,2,A173,2,A191,A201,2,1,0,147453.0,USA
A12,30,A34,A40,5497.0,A61,A71,4,A94,A101,2,A123,28,A143,A152,2,A174,1,A191,A201,2,1,0,366832.0,USA
A11,24,A32,A41,3575.0,A65,A75,4,A93,A101,4,A124,49,A141,A153,1,A173,2,A192,A201,1,0,0,366213.0,USA
A14,12,A30,A42,3411.0,A61,A75,2,A93,A101,4,A122,34,A143,A152,2,A173,1,A191,A201,1,0,0,271196.0,USA
A11,12,A34,A40,2519.0,A61,A73,4,A93,A101,2,A122,30,A143,A152,2,A173,1,A191,A201,1,0,0,244478.0,USA
A14,18,A32,A43,1558.0,A61,A72,3,A94,A101,4,A121,39,A143,A152,1,A173,1,A192,A201,1,0,1,164062.0,USA
A13,15,A32,A46,462.0,A61,A72,4,A92,A101,4,A122,23,A143,A151,1,A173,1,A192,A201,1,0,0,61403.0,USA
A11,12,A32,A42,2645.0,A61,A73,2,A91,A101,1,A123,42,A143,A152,1,A173,1,A191,A201,1,0,0,213721.0,USA
A14,6,A32,A43,2803.0,A61,A74,2,A94,A101,2,A121,29,A143,A151,1,A173,1,A191,A201,1,0,0,276845.0,USA
A12,30,A34,A40,3000.0,A65,A75,4,A93,A101,4,A121,36,A143,A152,2,A173,1,A191,A201,1,0,0,405906.0,USA
A11,48,A32,A41,5412.0,A61,A74,4,A93,A101,3,A122,26,A143,A152,1,A173,2,A191,A201,1,0,0,697714.0,USA
A12,42,A34,A49,6436.0,A61,A74,2,A92,A101,1,A121,41,A141,A152,2,A172,1,A191,A201,1,0,0,534296.0,USA
A12,9,A32,A42,1246.0,A61,A73,4,A92,A101,1,A122,30,A143,A152,1,A173,1,A191,A201,2,1,0,75785.0,USA
A12,12,A32,A42,2159.0,A61,A73,4,A93,A101,2,A122,37,A143,A152,1,A172,1,A191,A201,2,1,0,171316.0,USA
A14,18,A34,A40,1079.0,A61,A73,4,A92,A101,3,A121,36,A143,A152,2,A173,1,A191,A201,1,0,0,91343.0,USA
A14,18,A33,A42,1856.0,A61,A74,4,A92,A101,1,A121,22,A143,A152,1,A173,1,A191,A201,2,1,0,222303.0,USA
A11,8,A34,A40,896.0,A61,A75,4,A93,A101,4,A121,47,A143,A152,2,A172,1,A191,A201,1,0,0,75676.0,USA
A13,9,A30,A43,1833.0,A61,A72,4,A93,A101,2,A123,34,A143,A152,2,A174,1,A192,A201,2,1,0,230845.0,USA
A14,18,A33,A49,2830.0,A61,A73,4,A94,A101,2,A123,28,A143,A152,1,A173,1,A192,A201,2,1,1,389669.0,USA
A11,18,A32,A42,2607.0,A61,A73,2,A93,A101,2,A123,22,A143,A152,1,A173,1,A191,A201,2,1,0,351994.0,USA
A14,12,A34,A49,1428.0,A61,A73,3,A92,A101,2,A121,27,A143,A152,2,A173,1,A191,A201,1,0,1,145827.0,USA
A14,24,A32,A43,3601.0,A63,A75,3,A93,A101,2,A123,31,A143,A152,1,A173,2,A192,A201,1,0,1,354289.0,USA
A11,12,A34,A40,782.0,A61,A75,4,A93,A101,3,A122,35,A143,A152,2,A173,1,A191,A201,2,1,0,69795.0,USA
A11,12,A30,A43,8048.0,A61,A73,4,A93,A101,2,A122,28,A143,A151,2,A173,1,A192,A201,2,1,0,944424.0,USA
A11,18,A31,A43,2199.0,A61,A72,3,A93,A102,4,A124,36,A141,A153,1,A174,1,A192,A201,1,0,1,137331.0,USA
A12,18,A33,A40,3215.0,A65,A75,4,A93,A101,4,A123,43,A143,A152,1,A173,2,A191,A201,1,0,0,264340.0,USA
A14,42,A32,A43,9299.0,A65,A74,2,A94,A101,4,A122,29,A143,A151,1,A173,1,A192,A201,1,0,1,725397.0,USA
A11,21,A32,A43,1917.0,A61,A73,3,A92,A101,2,A121,25,A143,A152,2,A173,1,A192,A201,2,1,1,162909.0,USA
A11,9,A32,A42,2926.0,A61,A73,3,A93,A101,2,A121,25,A143,A152,1,A173,1,A191,A201,1,0,0,420426.0,USA
A12,24,A32,A41,12735.0,A61,A73,1,A92,A101,4,A123,23,A143,A151,2,A174,1,A191,A201,2,1,1,850090.0,USA
A14,6,A32,A43,638.0,A61,A73,3,A92,A101,1,A121,29,A143,A152,1,A173,1,A191,A201,1,0,0,95276.0,USA
A12,30,A34,A42,10794.0,A61,A74,2,A93,A101,2,A122,49,A143,A152,1,A173,1,A191,A201,2,1,0,960537.0,USA
A14,18,A33,A49,2976.0,A61,A73,4,A94,A101,2,A123,28,A143,A152,1,A173,1,A192,A201,2,1,0,185585.0,USA
A12,12,A34,A40,3291.0,A61,A72,1,A93,A101,3,A121,49,A141,A152,2,A172,2,A191,A201,1,0,1,344973.0,USA
A14,12,A32,A43,2759.0,A62,A73,4,A92,A102,2,A121,28,A143,A152,1,A173,1,A191,A201,1,0,1,266860.0,USA
A12,27,A33,A41,7703.0,A61,A75,1,A93,A101,2,A123,30,A143,A152,2,A174,1,A192,A201,1,0,0,461131.0,USA
A11,48,A31,A49,8553.0,A61,A74,2,A92,A103,4,A123,37,A143,A151,1,A173,1,A191,A201,2,1,1,630383.0,USA
A14,21,A34,A40,13746.0,A65,A75,4,A93,A101,4,A124,30,A143,A153,1,A174,1,A192,A201,2,1,0,1486672.0,USA
A14,18,A34,A42,2387.0,A61,A73,4,A92,A101,2,A124,28,A143,A152,2,A173,1,A191,A201,1,0,0,249388.0,USA
A14,24,A32,A42,6866.0,A62,A73,4,A93,A101,1,A123,25,A142,A152,1,A173,1,A191,A201,1,0,0,702499.0,USA
A14,12,A34,A43,1134.0,A65,A75,4,A93,A101,4,A121,65,A143,A152,4,A173,1,A191,A201,1,0,0,69408.0,USA
A14,24,A34,A43,2805.0,A65,A75,4,A93,A101,4,A122,53,A143,A152,2,A173,1,A191,A201,1,0,0,364254.0,USA
A11,27,A34,A49,2507.0,A61,A75,4,A93,A101,4,A123,43,A142,A152,4,A174,2,A192,A201,1,0,0,201769.0,USA
A11,6,A34,A40,4378.0,A61,A73,1,A93,A101,3,A121,37,A143,A151,3,A173,2,A191,A201,1,0,0,639312.0,USA
A14,24,A33,A49,11504.0,A61,A72,2,A93,A101,2,A123,27,A141,A152,2,A173,1,A192,A201,2,1,1,1457787.0,USA
A14,9,A32,A42,1867.0,A61,A73,4,A92,A101,2,A121,26,A143,A151,1,A173,1,A191,A201,1,0,0,150571.0,USA
A11,12,A32,A46,912.0,A61,A72,4,A92,A101,4,A122,53,A143,A152,1,A173,1,A191,A201,2,1,0,56062.0,USA
A14,12,A32,A42,2155.0,A61,A73,4,A93,A101,2,A121,50,A143,A152,1,A173,1,A191,A201,1,0,1,243530.0,USA
A14,12,A34,A43,2094.0,A61,A75,2,A93,A101,4,A121,63,A143,A152,2,A172,1,A192,A201,1,0,0,287241.0,USA
A13,24,A32,A42,3797.0,A61,A75,3,A91,A101,4,A124,51,A143,A153,1,A173,1,A191,A201,1,0,1,301365.0,USA
A12,36,A32,A41,12040.0,A61,A72,1,A94,A101,4,A123,28,A143,A151,1,A174,1,A192,A201,2,1,0,1028409.0,USA
A11,24,A32,A43,2565.0,A61,A73,2,A93,A101,4,A121,21,A143,A151,1,A172,2,A191,A201,2,1,0,250771.0,USA
A12,9,A34,A46,2071.0,A61,A75,2,A92,A101,3,A123,34,A143,A152,2,A174,1,A192,A201,2,1,0,237551.0,USA
A11,24,A32,A410,2273.0,A61,A75,4,A92,A103,4,A121,58,A143,A152,1,A172,1,A192,A201,1,0,1,186944.0,USA
A11,18,A32,A43,4211.0,A61,A74,4,A92,A103,1,A121,25,A143,A152,1,A173,1,A191,A201,1,0,1,250867.0,USA
A11,6,A34,A42,4039.0,A61,A73,1,A91,A101,4,A121,44,A143,A151,1,A174,1,A192,A201,2,1,0,469636.0,USA
A14,12,A34,A49,2601.0,A61,A71,4,A93,A101,2,A123,42,A142,A152,2,A174,1,A192,A201,2,1,0,238253.0,USA
A14,15,A32,A43,3778.0,A61,A75,4,A92,A101,2,A123,54,A141,A151,1,A174,1,A192,A201,1,0,0,367291.0,USA
A12,18,A32,A45,5056.0,A61,A71,2,A92,A101,4,A123,67,A143,A152,1,A173,1,A192,A201,1,0,1,463863.0,USA
A14,12,A32,A40,3506.0,A65,A71,4,A93,A101,4,A124,38,A143,A152,1,A174,1,A192,A201,1,0,0,231756.0,USA
A11,24,A33,A43,1378.0,A61,A72,4,A94,A101,4,A121,48,A142,A152,1,A173,1,A191,A201,2,1,0,182611.0,USA
A14,12,A34,A42,1932.0,A63,A74,3,A92,A101,4,A123,37,A143,A151,1,A173,1,A192,A201,1,0,0,151428.0,USA
A11,24,A32,A41,3199.0,A61,A74,2,A93,A101,1,A124,34,A143,A153,1,A174,1,A192,A201,1,0,1,474830.0,USA
A11,12,A34,A40,2717.0,A61,A73,4,A93,A101,4,A122,38,A141,A152,2,A172,1,A191,A202,1,0,0,159684.0,USA
A14,12,A34,A40,1897.0,A61,A75,4,A93,A101,1,A121,38,A143,A152,2,A172,2,A191,A201,1,0,0,232028.0,USA
A14,36,A32,A43,4338.0,A61,A75,4,A93,A101,2,A123,28,A143,A152,1,A173,1,A191,A201,1,0,0,280181.0,USA
A12,9,A34,A43,1200.0,A61,A75,2,A93,A101,4,A121,37,A143,A152,3,A172,1,A191,A201,1,0,0,157508.0,USA
A14,24,A32,A40,1904.0,A62,A75,4,A94,A101,4,A121,41,A143,A151,1,A172,1,A191,A201,1,0,0,242522.0,USA
A12,12,A34,A40,3246.0,A63,A74,3,A91,A101,3,A123,36,A143,A152,1,A174,1,A192,A201,1,0,0,246288.0,USA
A11,42,A32,A42,9661.0,A61,A74,2,A93,A103,4,A122,45,A143,A153,1,A173,2,A191,A201,1,0,0,1432954.0,USA
A12,9,A32,A42,1065.0,A61,A73,4,A92,A101,1,A122,30,A143,A152,1,A173,1,A191,A201,2,1,0,117224.0,USA
A14,12,A34,A43,647.0,A61,A75,4,A93,A101,4,A121,56,A143,A152,1,A173,1,A191,A201,1,0,0,59223.0,USA
A12,6,A33,A40,1324.0,A61,A71,4,A93,A101,4,A122,47,A143,A152,1,A174,1,A192,A201,2,1,0,103917.0,USA
A13,12,A32,A43,3287.0,A61,A73,3,A94,A101,1,A123,24,A143,A152,1,A173,1,A191,A201,1,0,0,218367.0,USA
A13,15,A32,A46,2548.0,A61,A75,4,A93,A101,4,A123,40,A143,A151,1,A174,1,A192,A201,1,0,0,286757.0,USA
A14,6,A32,A42,4045.0,A63,A73,1,A93,A101,2,A123,32,A143,A152,1,A173,1,A192,A201,1,0,0,332003.0,USA
A11,8,A34,A40,1005.0,A61,A75,4,A93,A101,4,A121,47,A143,A152,2,A172,1,A191,A201,1,0,0,88009.0,USA
A13,12,A33,A40,2921.0,A61,A73,2,A92,A101,2,A123,36,A142,A152,2,A173,1,A192,A201,1,0,0,254706.0,USA
A11,12,A32,A40,1311.0,A61,A73,4,A92,A101,2,A121,24,A143,A152,1,A172,1,A191,A201,2,1,0,190489.0,USA
A14,12,A32,A43,947.0,A65,A73,4,A92,A101,2,A123,21,A143,A152,1,A173,1,A191,A201,1,0,0,127271.0,USA
A14,48,A33,A43,9291.0,A65,A75,3,A93,A101,3,A123,32,A141,A152,2,A173,2,A191,A201,1,0,0,954195.0,USA
A13,30,A34,A43,3738.0,A65,A75,4,A93,A101,4,A122,49,A142,A152,2,A172,1,A191,A201,1,0,0,276261.0,USA
A12,12,A32,A43,808.0,A61,A72,4,A94,A103,1,A121,26,A141,A152,1,A172,1,A191,A201,1,0,0,59211.0,USA
A14,13,A32,A43,1457.0,A62,A71,2,A92,A101,4,A121,64,A143,A152,1,A173,1,A191,A201,1,0,0,88991.0,USA
A14,6,A33,A49,1860.0,A62,A73,1,A93,A101,2,A121,34,A143,A152,2,A172,1,A191,A201,1,0,0,137226.0,USA
A11,6,A34,A40,5029.0,A65,A72,1,A93,A101,3,A121,44,A143,A152,2,A172,2,A191,A201,1,0,0,686073.0,USA
A12,30,A30,A49,4708.0,A62,A73,4,A92,A101,4,A123,26,A143,A151,2,A172,1,A191,A201,2,1,0,285334.0,USA
A12,36,A32,A40,15468.0,A65,A73,1,A93,A101,4,A124,37,A143,A153,1,A173,1,A192,A201,2,1,0,1563258.0,USA
A11,24,A32,A42,3313.0,A65,A73,2,A94,A101,4,A123,20,A143,A152,1,A173,1,A191,A201,2,1,0,217333.0,USA
A11,12,A32,A42,2348.0,A61,A72,4,A92,A101,1,A123,22,A143,A151,1,A173,1,A191,A201,1,0,0,215794.0,USA
A12,24,A32,A43,4013.0,A62,A72,3,A94,A101,2,A123,22,A143,A151,1,A173,1,A192,A201,2,1,0,289767.0,USA
A14,24,A32,A43,6302.0,A65,A72,1,A92,A101,1,A123,44,A143,A152,2,A173,1,A192,A201,2,1,1,424525.0,USA
A13,6,A34,A40,1440.0,A61,A73,1,A93,A101,1,A121,74,A143,A152,3,A171,2,A191,A202,1,0,0,208332.0,USA
A11,18,A32,A40,2974.0,A62,A74,4,A93,A101,3,A123,30,A143,A152,1,A174,2,A192,A201,1,0,0,348414.0,USA
A12,12,A32,A40,1318.0,A61,A75,1,A91,A101,1,A121,46,A143,A151,2,A173,1,A191,A201,2,1,0,102671.0,USA
A11,24,A33,A40,1500.0,A61,A71,4,A93,A101,2,A121,43,A143,A153,2,A173,2,A191,A201,2,1,0,181774.0,USA
A12,18,A34,A49,3919.0,A61,A71,3,A94,A101,3,A123,40,A143,A152,3,A171,2,A192,A201,1,0,0,584607.0,USA
A13,21,A32,A40,3773.0,A62,A73,1,A92,A101,1,A123,28,A141,A152,1,A174,1,A192,A201,1,0,0,492315.0,USA
A14,30,A34,A43,5918.0,A61,A74,4,A92,A101,4,A123,26,A143,A151,1,A174,1,A192,A201,1,0,0,387163.0,USA
A11,10,A34,A40,1164.0,A61,A74,4,A93,A102,3,A122,49,A143,A152,2,A173,1,A192,A201,1,0,0,94373.0,USA
A12,12,A32,A40,1695.0,A61,A72,3,A92,A101,1,A123,25,A143,A151,1,A173,1,A191,A201,2,1,0,243732.0,USA
A11,48,A32,A46,8556.0,A61,A74,4,A93,A101,1,A124,50,A143,A153,1,A174,1,A192,A201,1,0,0,864932.0,USA
A11,48,A32,A41,12182.0,A61,A74,4,A93,A101,4,A124,39,A142,A153,3,A173,2,A192,A201,2,1,0,1076577.0,USA
A12,24,A32,A40,1408.0,A61,A72,4,A93,A101,1,A122,26,A143,A152,1,A173,1,A191,A201,1,0,0,151778.0,USA
A12,9,A32,A40,1883.0,A65,A72,4,A93,A101,2,A121,35,A143,A152,1,A171,1,A191,A201,1,0,0,213631.0,USA
A11,24,A32,A40,4189.0,A61,A72,4,A92,A101,1,A122,27,A143,A152,1,A173,1,A191,A201,2,1,0,286634.0,USA
A14,18,A34,A40,1669.0,A61,A73,3,A93,A101,2,A122,32,A141,A152,2,A173,1,A191,A201,2,1,0,224052.0,USA
A14,10,A32,A40,1670.0,A65,A73,4,A93,A103,4,A122,27,A143,A152,1,A172,1,A191,A201,2,1,0,163161.0,USA
A11,24,A32,A42,4074.0,A61,A72,4,A93,A101,1,A124,22,A141,A153,1,A173,1,A191,A201,1,0,0,415276.0,USA
A11,18,A32,A40,1533.0,A61,A72,4,A92,A101,3,A123,23,A143,A151,1,A173,1,A192,A201,2,1,0,147027.0,USA
A12,42,A34,A49,7112.0,A61,A74,2,A92,A101,1,A121,41,A141,A152,2,A172,1,A191,A201,1,0,1,788218.0,USA
A12,12,A32,A40,2532.0,A61,A74,3,A93,A101,4,A122,30,A143,A151,1,A173,2,A192,A201,1,0,0,353309.0,USA
A13,6,A34,A40,1455.0,A62,A75,2,A91,A101,4,A123,28,A143,A152,2,A173,2,A192,A201,1,0,0,147984.0,USA
A14,6,A32,A46,1718.0,A61,A72,1,A92,A101,2,A124,56,A143,A152,1,A173,1,A191,A201,1,0,0,185106.0,USA
A11,30,A32,A42,3724.0,A64,A75,4,A92,A101,4,A122,57,A143,A151,2,A173,1,A192,A201,1,0,0,313129.0,USA
A12,12,A32,A43,2014.0,A61,A73,1,A92,A101,1,A123,22,A143,A152,1,A173,1,A192,A201,1,0,0,298778.0,USA
A14,4,A34,A40,3739.0,A61,A74,1,A92,A101,1,A121,37,A143,A152,1,A173,2,A191,A201,1,0,0,543075.0,USA
A14,30,A34,A43,6217.0,A61,A74,4,A92,A101,2,A123,25,A143,A152,2,A173,1,A191,A201,1,0,1,663604.0,USA
A12,9,A31,A40,1968.0,A62,A74,2,A93,A101,3,A124,29,A143,A152,1,A173,1,A191,A201,2,1,0,232641.0,USA
A14,15,A34,A40,5705.0,A65,A75,1,A92,A101,4,A123,59,A143,A152,1,A173,1,A192,A201,1,0,1,367039.0,USA
A14,24,A32,A42,4218.0,A61,A74,2,A92,A101,4,A122,25,A143,A151,1,A173,1,A192,A201,1,0,0,418515.0,USA
A12,8,A32,A43,1047.0,A61,A74,4,A92,A103,2,A121,44,A143,A152,1,A172,1,A191,A201,1,0,1,110609.0,USA
A12,18,A32,A43,1643.0,A61,A75,4,A94,A103,2,A121,32,A143,A152,1,A172,1,A191,A201,1,0,0,176546.0,USA
A14,24,A32,A40,7820.0,A61,A73,1,A93,A101,4,A122,43,A143,A152,1,A172,2,A191,A201,1,0,0,871143.0,USA
A12,7,A32,A43,2850.0,A61,A73,3,A93,A103,2,A121,34,A143,A152,1,A173,1,A191,A201,1,0,0,253824.0,USA
A14,12,A32,A40,2610.0,A65,A75,4,A92,A101,4,A124,52,A143,A153,1,A174,1,A192,A201,1,0,0,381258.0,USA
A12,11,A34,A40,1483.0,A64,A73,4,A92,A101,4,A123,40,A143,A152,2,A173,1,A191,A201,1,0,0,165706.0,USA
A11,18,A32,A43,1823.0,A61,A73,4,A94,A101,3,A121,26,A141,A152,1,A173,1,A191,A201,2,1,0,167802.0,USA
A11,36,A32,A43,2386.0,A61,A73,4,A91,A101,4,A123,31,A143,A151,1,A173,1,A191,A201,2,1,0,251627.0,USA
A14,18,A33,A49,2747.0,A61,A73,4,A94,A101,2,A123,28,A143,A152,1,A173,1,A192,A201,2,1,0,195313.0,USA
A14,12,A32,A42,1435.0,A63,A73,4,A92,A101,4,A123,29,A143,A151,1,A172,1,A191,A201,2,1,0,168742.0,USA
A14,15,A31,A43,1842.0,A62,A75,4,A93,A101,4,A123,34,A141,A152,1,A172,2,A191,A201,1,0,1,243635.0,USA
A13,24,A34,A40,1427.0,A65,A74,4,A93,A101,2,A121,37,A141,A152,2,A172,2,A191,A201,2,1,0,159802.0,USA
A11,12,A34,A40,762.0,A61,A75,4,A93,A101,3,A122,35,A143,A152,2,A173,1,A191,A201,2,1,0,72775.0,USA
A14,48,A34,A43,4195.0,A65,A75,4,A93,A101,1,A121,47,A143,A152,1,A173,1,A192,A201,1,0,0,318499.0,USA
A14,15,A34,A40,5686.0,A65,A75,1,A92,A101,4,A123,59,A143,A152,1,A173,1,A192,A201,1,0,1,495178.0,USA
A14,24,A32,A41,2720.0,A64,A73,2,A92,A101,4,A123,28,A143,A151,1,A173,1,A192,A201,1,0,1,356401.0,USA
A12,9,A31,A41,6974.0,A61,A75,2,A92,A101,4,A124,74,A141,A153,1,A174,2,A192,A201,2,1,0,1001129.0,USA
A12,6,A32,A43,2267.0,A61,A72,4,A94,A101,3,A123,30,A143,A151,1,A174,1,A192,A201,1,0,0,322596.0,USA
A14,9,A32,A42,2471.0,A61,A72,2,A92,A102,2,A123,19,A143,A151,2,A173,1,A191,A201,2,1,0,238551.0,USA
A14,12,A34,A40,1350.0,A61,A75,4,A93,A101,4,A121,61,A143,A152,2,A172,1,A191,A201,1,0,0,161085.0,USA
A11,24,A32,A43,1611.0,A62,A73,4,A92,A101,2,A123,32,A143,A152,1,A172,1,A191,A201,2,1,0,200896.0,USA
A14,12,A34,A43,1727.0,A61,A73,4,A92,A101,2,A122,35,A143,A152,2,A173,1,A191,A201,1,0,0,99872.0,USA
A12,24,A34,A40,5162.0,A62,A72,4,A91,A101,2,A123,37,A143,A152,1,A173,1,A192,A201,1,0,0,342687.0,USA
A12,20,A33,A41,9194.0,A65,A74,3,A93,A101,4,A122,36,A141,A151,2,A174,2,A192,A201,1,0,0,751664.0,USA
A12,12,A32,A43,1748.0,A61,A72,2,A93,A101,1,A123,22,A142,A152,1,A173,1,A191,A201,2,1,0,183043.0,USA
A14,15,A31,A43,2010.0,A62,A75,4,A93,A101,4,A123,34,A141,A152,1,A172,2,A191,A201,1,0,0,291444.0,USA
A14,48,A34,A41,15574.0,A62,A73,2,A92,A101,4,A123,24,A141,A151,2,A172,1,A191,A201,2,1,0,2047417.0,USA
A14,22,A32,A43,3467.0,A63,A75,3,A93,A101,4,A123,40,A143,A152,1,A173,1,A191,A201,1,0,1,231085.0,USA
A14,48,A34,A41,11041.0,A65,A74,2,A93,A101,1,A124,35,A143,A153,2,A173,1,A192,A201,1,0,1,1368760.0,USA
A11,6,A32,A40,736.0,A61,A72,3,A93,A101,4,A121,41,A143,A152,1,A172,2,A192,A201,1,0,0,104748.0,USA
A14,24,A32,A43,1584.0,A61,A73,4,A94,A101,2,A122,28,A143,A152,1,A173,1,A191,A201,1,0,1,163360.0,USA
A11,24,A30,A42,5555.0,A61,A75,3,A93,A101,4,A124,23,A141,A151,2,A173,2,A191,A201,2,1,0,509310.0,USA
A11,18,A32,A42,2565.0,A61,A73,1,A92,A101,4,A121,20,A141,A151,1,A173,1,A191,A201,2,1,0,332266.0,USA
A12,18,A34,A40,1090.0,A61,A75,3,A93,A103,3,A121,30,A141,A152,2,A173,1,A191,A201,2,1,0,131940.0,USA
A14,18,A34,A43,2135.0,A61,A73,4,A93,A101,2,A123,24,A143,A152,2,A173,1,A191,A201,1,0,0,276674.0,USA
A14,36,A32,A43,3287.0,A65,A73,4,A92,A101,4,A123,25,A143,A152,1,A173,1,A191,A201,1,0,0,242494.0,USA
A14,12,A34,A49,2895.0,A61,A71,4,A93,A101,2,A123,42,A142,A152,2,A174,1,A192,A201,2,1,0,390774.0,USA
A11,36,A32,A42,5485.0,A61,A74,4,A93,A101,2,A122,29,A143,A152,1,A173,1,A191,A201,2,1,0,665400.0,USA
A14,18,A32,A43,2661.0,A61,A72,4,A93,A101,1,A121,33,A143,A152,1,A173,1,A191,A201,1,0,0,211926.0,USA
A11,15,A32,A40,2616.0,A61,A71,1,A92,A101,4,A123,23,A143,A151,1,A173,1,A191,A201,1,0,0,380877.0,USA
A14,24,A34,A43,2611.0,A65,A75,4,A93,A101,4,A122,53,A143,A152,2,A173,1,A191,A201,1,0,1,277832.0,USA
A11,8,A34,A410,1269.0,A61,A75,3,A93,A101,4,A124,51,A141,A153,2,A174,2,A192,A201,1,0,0,125179.0,USA
A12,36,A32,A41,9432.0,A61,A73,2,A93,A101,2,A123,35,A143,A151,1,A174,1,A192,A201,1,0,0,1209927.0,USA
A12,30,A32,A43,4049.0,A65,A75,2,A92,A101,4,A123,25,A143,A152,1,A173,1,A191,A201,1,0,0,502467.0,USA
A14,48,A32,A43,13545.0,A65,A74,4,A93,A101,3,A123,37,A142,A152,1,A173,1,A192,A201,1,0,1,947111.0,USA
A14,18,A32,A42,2081.0,A61,A72,4,A94,A102,1,A122,43,A143,A152,1,A172,2,A191,A201,2,1,0,162194.0,USA
A12,12,A32,A43,1133.0,A61,A73,4,A92,A103,4,A121,49,A143,A152,2,A173,1,A192,A201,1,0,0,104073.0,USA
A14,12,A32,A43,763.0,A61,A73,4,A93,A101,2,A121,30,A141,A152,2,A173,1,A191,A201,1,0,0,55779.0,USA
A11,21,A34,A40,625.0,A61,A75,4,A93,A101,4,A121,65,A143,A152,2,A173,1,A191,A201,1,0,0,82371.0,USA
A12,18,A32,A40,7236.0,A62,A73,2,A93,A101,2,A123,30,A143,A152,2,A173,1,A192,A201,1,0,0,724419.0,USA
A14,24,A32,A41,7145.0,A65,A71,2,A92,A101,4,A122,26,A143,A151,1,A174,1,A192,A201,1,0,0,691864.0,USA
A12,36,A33,A40,8687.0,A62,A75,2,A93,A101,4,A123,42,A143,A152,4,A174,1,A192,A201,2,1,0,1118871.0,USA
A14,24,A34,A43,3288.0,A61,A75,4,A94,A102,3,A121,46,A143,A152,2,A173,1,A191,A201,1,0,0,456425.0,USA
A14,6,A32,A43,557.0,A61,A73,3,A92,A101,1,A121,29,A143,A152,1,A173,1,A191,A201,1,0,0,68220.0,USA
A11,24,A32,A43,2655.0,A61,A75,4,A93,A101,4,A121,64,A141,A151,1,A172,1,A191,A201,1,0,1,191956.0,USA
A11,24,A32,A40,1680.0,A65,A73,4,A92,A101,2,A122,35,A143,A152,1,A173,1,A191,A201,2,1,0,188409.0,USA
A12,30,A30,A49,4363.0,A61,A73,2,A92,A101,1,A123,28,A143,A152,2,A173,1,A191,A201,1,0,0,278686.0,USA
A13,21,A34,A46,2451.0,A61,A72,2,A91,A101,1,A123,33,A143,A151,1,A173,1,A191,A201,2,1,0,343938.0,USA
A14,27,A32,A40,3209.0,A61,A73,3,A92,A101,3,A121,21,A143,A151,1,A173,1,A191,A201,2,1,0,300934.0,USA
A13,24,A32,A42,2531.0,A61,A73,2,A93,A101,2,A121,26,A143,A152,1,A173,1,A191,A201,1,0,1,316407.0,USA
A12,48,A30,A49,18575.0,A61,A73,2,A93,A101,2,A123,25,A143,A152,1,A173,1,A192,A201,2,1,0,1291547.0,USA
A12,11,A32,A42,2028.0,A64,A72,4,A92,A101,1,A121,20,A143,A152,1,A173,1,A191,A201,1,0,1,248343.0,USA
A14,36,A33,A49,9214.0,A65,A72,4,A93,A101,4,A123,27,A143,A151,2,A173,1,A192,A201,2,1,0,590614.0,USA
A14,30,A34,A43,8004.0,A65,A74,2,A93,A101,3,A122,36,A143,A152,2,A173,1,A191,A201,1,0,1,1077754.0,USA
A11,24,A33,A40,1470.0,A61,A71,4,A93,A101,2,A121,43,A143,A153,2,A173,2,A191,A201,2,1,0,181290.0,USA
A14,10,A34,A42,2817.0,A61,A72,1,A92,A101,3,A121,23,A143,A151,2,A173,1,A191,A201,1,0,1,225207.0,USA
A14,24,A34,A46,1968.0,A65,A73,3,A92,A101,2,A123,33,A143,A152,2,A173,1,A192,A201,1,0,1,210149.0,USA
A14,12,A32,A43,969.0,A65,A73,4,A92,A101,2,A123,21,A143,A152,1,A173,1,A191,A201,1,0,0,87880.0,USA
A12,48,A32,A43,4938.0,A65,A74,4,A93,A101,1,A123,41,A143,A152,2,A173,2,A192,A201,1,0,0,360333.0,USA
A11,12,A32,A43,735.0,A62,A74,4,A94,A101,1,A122,20,A143,A152,1,A173,1,A191,A201,2,1,1,75911.0,USA
A14,48,A34,A49,10256.0,A65,A75,4,A91,A101,2,A123,46,A141,A152,2,A174,2,A191,A201,1,0,0,897784.0,USA
A12,15,A32,A45,2787.0,A62,A73,3,A92,A101,2,A121,25,A143,A152,1,A172,1,A191,A201,1,0,0,173113.0,USA
A11,12,A31,A48,356.0,A61,A75,4,A94,A101,1,A123,45,A141,A152,1,A172,1,A191,A201,1,0,0,29329.0,USA
A14,24,A32,A40,1766.0,A62,A72,4,A94,A101,3,A121,33,A143,A152,1,A173,1,A192,A201,1,0,0,113710.0,USA
A14,18,A34,A41,4628.0,A61,A74,3,A93,A101,1,A123,27,A143,A152,2,A173,1,A191,A201,1,0,0,422325.0,USA
A14,36,A33,A49,10379.0,A65,A72,4,A93,A101,4,A123,27,A143,A151,2,A173,1,A192,A201,2,1,1,1362080.0,USA
A14,36,A33,A43,5727.0,A61,A73,4,A93,A101,2,A123,26,A143,A152,2,A174,1,A192,A201,2,1,0,778527.0,USA
A14,18,A32,A42,2033.0,A61,A73,4,A93,A101,4,A124,47,A141,A153,2,A173,1,A191,A201,1,0,0,197117.0,USA
A14,6,A32,A42,2426.0,A61,A73,1,A94,A101,2,A122,21,A143,A151,1,A173,1,A191,A201,1,0,0,266738.0,USA
A14,21,A32,A49,2152.0,A64,A75,4,A92,A101,4,A121,36,A141,A152,1,A172,1,A191,A201,1,0,0,310646.0,USA
A12,9,A32,A42,1120.0,A61,A73,4,A92,A101,1,A122,30,A143,A152,1,A173,1,A191,A201,2,1,1,84251.0,USA
A11,18,A32,A42,4656.0,A61,A72,1,A92,A101,4,A123,22,A143,A151,1,A173,1,A191,A201,1,0,0,500392.0,USA
A12,24,A33,A40,2332.0,A65,A73,4,A92,A101,4,A123,42,A143,A151,2,A173,1,A192,A201,1,0,0,282388.0,USA
A12,11,A32,A42,1722.0,A64,A72,4,A92,A101,1,A121,20,A143,A152,1,A173,1,A191,A201,1,0,0,216904.0,USA
A11,8,A34,A410,1342.0,A61,A75,3,A93,A101,4,A124,51,A141,A153,2,A174,2,A192,A201,1,0,0,86184.0,USA
A11,24,A33,A40,6227.0,A61,A73,3,A93,A101,4,A124,53,A143,A153,2,A173,2,A191,A201,2,1,0,520125.0,USA
A14,24,A32,A42,1272.0,A65,A74,4,A93,A101,2,A123,31,A142,A152,1,A173,1,A192,A201,1,0,0,104479.0,USA
A14,36,A34,A41,12333.0,A65,A75,2,A93,A101,4,A124,42,A143,A153,2,A173,1,A191,A201,1,0,1,796665.0,USA
A11,48,A32,A41,6178.0,A61,A74,4,A93,A101,3,A122,26,A143,A152,1,A173,2,A191,A201,1,0,1,858273.0,USA
A11,12,A32,A43,867.0,A62,A74,4,A94,A101,1,A122,20,A143,A152,1,A173,1,A191,A201,2,1,0,126573.0,USA
A14,15,A34,A43,2001.0,A61,A73,4,A92,A101,2,A123,43,A143,A152,1,A172,1,A191,A201,1,0,0,225281.0,USA
A12,24,A34,A49,1982.0,A61,A75,4,A91,A101,4,A121,31,A143,A152,2,A173,1,A192,A201,2,1,0,248848.0,USA
A13,24,A34,A43,3376.0,A65,A73,3,A93,A101,2,A123,31,A143,A152,2,A173,1,A192,A201,1,0,0,478345.0,USA
A12,18,A32,A43,1242.0,A61,A73,4,A92,A103,4,A121,26,A143,A152,1,A172,2,A191,A201,1,0,1,108218.0,USA
A12,45,A32,A43,3475.0,A62,A73,4,A93,A103,4,A122,21,A143,A151,1,A173,1,A191,A201,2,1,0,362883.0,USA
A12,9,A31,A40,1698.0,A62,A74,2,A93,A101,3,A124,29,A143,A152,1,A173,1,A191,A201,2,1,1,189112.0,USA
A12,8,A32,A43,1851.0,A61,A73,4,A93,A103,2,A121,33,A143,A152,1,A173,1,A191,A202,1,0,0,152219.0,USA
A13,10,A32,A42,1533.0,A61,A72,4,A92,A101,2,A122,23,A143,A152,1,A173,1,A191,A201,1,0,0,177562.0,USA
A11,24,A31,A42,4614.0,A61,A74,3,A93,A101,4,A123,27,A141,A152,1,A173,1,A191,A201,2,1,0,584930.0,USA
A11,12,A32,A40,4479.0,A64,A73,1,A93,A101,3,A122,31,A143,A152,1,A173,2,A191,A201,1,0,0,461795.0,USA
A11,21,A32,A43,3538.0,A61,A72,4,A92,A101,4,A122,28,A143,A151,1,A174,1,A192,A201,1,0,0,366078.0,USA
A11,36,A34,A41,11440.0,A61,A74,4,A93,A101,4,A123,24,A143,A152,2,A173,1,A192,A201,2,1,1,1091620.0,USA
A14,24,A34,A42,1703.0,A61,A74,4,A93,A101,3,A122,40,A143,A152,2,A173,1,A191,A201,1,0,0,172578.0,USA
A14,18,A32,A42,4135.0,A61,A75,4,A93,A101,4,A122,47,A141,A152,3,A173,2,A192,A201,1,0,0,385013.0,USA
A13,15,A32,A46,1979.0,A61,A75,4,A93,A101,4,A123,40,A143,A151,1,A174,1,A192,A201,1,0,1,256042.0,USA
A14,6,A32,A40,922.0,A61,A71,1,A92,A101,4,A121,54,A143,A152,1,A171,1,A192,A201,1,0,0,84952.0,USA
A11,6,A32,A40,1667.0,A65,A71,4,A92,A101,3,A122,75,A143,A152,1,A174,1,A192,A201,1,0,0,172855.0,USA
A14,6,A32,A42,1980.0,A61,A73,1,A94,A101,2,A122,21,A143,A151,1,A173,1,A191,A201,1,0,1,119768.0,USA
A12,30,A32,A42,3610.0,A62,A73,2,A92,A102,4,A123,21,A143,A151,1,A173,1,A191,A201,2,1,0,275498.0,USA
A14,18,A32,A42,3054.0,A61,A73,3,A93,A101,4,A121,43,A143,A152,1,A173,1,A192,A201,1,0,1,332128.0,USA
A12,15,A32,A40,3349.0,A62,A73,2,A92,A101,4,A123,28,A143,A151,2,A173,1,A192,A201,2,1,0,421552.0,USA
A14,12,A32,A42,1231.0,A63,A73,4,A92,A101,4,A123,29,A143,A151,1,A172,1,A191,A201,2,1,0,152442.0,USA
A11,42,A34,A45,4115.0,A61,A71,4,A93,A102,4,A123,65,A143,A152,2,A171,1,A191,A201,1,0,0,527018.0,USA
A14,18,A32,A43,1161.0,A65,A72,4,A92,A101,2,A121,21,A143,A151,1,A173,1,A192,A201,1,0,0,122898.0,USA
A14,36,A33,A41,10045.0,A65,A74,3,A93,A101,2,A123,31,A142,A152,1,A174,2,A192,A201,1,0,0,1346476.0,USA
A12,9,A31,A41,6122.0,A61,A75,2,A92,A101,4,A124,74,A141,A153,1,A174,2,A192,A201,2,1,0,909448.0,USA
A14,18,A31,A40,8363.0,A61,A75,2,A93,A101,4,A124,39,A141,A152,2,A174,2,A192,A201,2,1,0,712307.0,USA
A11,60,A32,A49,8316.0,A61,A75,4,A93,A102,4,A124,36,A143,A151,1,A173,1,A191,A201,2,1,0,648569.0,USA
A12,9,A32,A43,983.0,A63,A73,4,A92,A101,3,A121,66,A143,A152,1,A172,1,A191,A201,1,0,0,126922.0,USA
A14,12,A32,A46,1578.0,A61,A75,4,A93,A101,4,A122,47,A141,A152,3,A173,2,A192,A201,1,0,1,103201.0,USA
A11,12,A32,A42,2391.0,A61,A72,4,A92,A101,1,A123,22,A143,A151,1,A173,1,A191,A201,1,0,0,154359.0,USA
A11,24,A31,A40,1453.0,A61,A71,1,A92,A102,4,A124,29,A143,A151,2,A171,1,A191,A201,2,1,0,211831.0,USA
A14,48,A34,A41,11242.0,A65,A74,2,A93,A101,1,A124,35,A143,A153,2,A173,1,A192,A201,1,0,1,712107.0,USA
A12,24,A34,A41,8525.0,A64,A75,2,A92,A101,4,A124,29,A143,A151,1,A173,1,A191,A201,1,0,0,782775.0,USA
A13,10,A32,A40,5189.0,A61,A72,1,A93,A103,1,A122,37,A143,A152,1,A172,2,A191,A201,1,0,0,745675.0,USA
A12,36,A32,A43,5279.0,A61,A72,4,A92,A101,1,A124,30,A143,A152,1,A174,1,A192,A201,1,0,0,305917.0,USA
A11,10,A34,A40,2432.0,A61,A72,1,A93,A101,3,A121,48,A143,A151,2,A172,2,A191,A202,1,0,0,343959.0,USA
A11,12,A31,A40,862.0,A61,A72,4,A93,A101,2,A123,46,A141,A152,2,A173,1,A192,A201,2,1,0,69216.0,USA
A11,12,A32,A43,2723.0,A61,A73,4,A93,A101,3,A122,24,A143,A152,1,A172,1,A191,A201,1,0,0,159391.0,USA
A11,18,A34,A42,2169.0,A61,A73,4,A92,A101,4,A121,24,A143,A151,2,A173,1,A191,A201,2,1,1,189646.0,USA
A14,18,A32,A40,8059.0,A65,A73,2,A93,A101,4,A123,68,A143,A151,2,A173,1,A191,A201,2,1,1,639283.0,USA
A13,18,A32,A42,3985.0,A61,A72,1,A92,A101,1,A122,45,A142,A152,1,A172,1,A191,A201,1,0,1,561129.0,USA
A14,18,A32,A43,1792.0,A61,A73,4,A93,A101,2,A124,32,A143,A153,1,A174,1,A192,A201,1,0,0,146734.0,USA
A14,12,A34,A46,3361.0,A61,A75,2,A92,A101,4,A124,57,A141,A153,3,A172,1,A191,A201,1,0,0,398899.0,USA
A13,6,A32,A42,2548.0,A61,A73,2,A93,A101,2,A121,41,A143,A152,1,A173,1,A192,A201,1,0,1,312126.0,USA
A11,12,A32,A40,940.0,A61,A74,4,A93,A101,2,A121,26,A143,A152,1,A173,1,A191,A201,2,1,0,127028.0,USA
A14,24,A34,A43,3502.0,A61,A75,4,A94,A102,3,A121,46,A143,A152,2,A173,1,A191,A201,1,0,0,247876.0,USA
A13,24,A34,A49,1512.0,A64,A73,2,A91,A101,4,A121,36,A143,A152,2,A173,1,A192,A201,1,0,0,178595.0,USA
A14,12,A32,A41,2839.0,A65,A72,2,A94,A101,4,A123,26,A143,A151,1,A173,1,A192,A201,1,0,0,192552.0,USA
A14,6,A34,A40,369.0,A62,A73,4,A92,A101,4,A123,52,A143,A152,2,A172,1,A191,A201,1,0,0,36881.0,USA
A11,24,A32,A42,3654.0,A61,A75,4,A93,A101,2,A122,39,A143,A151,1,A174,1,A192,A201,2,1,0,279276.0,USA
A11,30,A34,A41,8480.0,A62,A74,1,A94,A101,4,A123,24,A143,A151,2,A173,1,A191,A201,1,0,0,969053.0,USA
A12,18,A32,A42,3403.0,A61,A74,2,A92,A101,4,A121,40,A143,A151,1,A173,1,A191,A201,1,0,0,496223.0,USA
A12,18,A34,A40,1336.0,A61,A75,3,A93,A103,3,A121,30,A141,A152,2,A173,1,A191,A201,2,1,1,165429.0,USA
A14,9,A32,A42,2197.0,A61,A72,2,A92,A102,2,A123,19,A143,A151,2,A173,1,A191,A201,2,1,0,277390.0,USA
A11,9,A32,A43,1721.0,A61,A72,3,A92,A101,4,A122,22,A143,A151,1,A173,1,A191,A201,2,1,0,185750.0,USA
A14,10,A32,A43,2518.0,A61,A73,1,A93,A101,4,A122,38,A143,A152,1,A173,1,A192,A202,1,0,0,186713.0,USA
A14,15,A32,A43,1459.0,A65,A73,4,A94,A101,2,A121,40,A143,A151,1,A173,1,A192,A201,1,0,0,176836.0,USA
A14,9,A34,A43,3154.0,A65,A73,1,A93,A101,2,A121,33,A143,A152,2,A173,2,A191,A201,1,0,0,428444.0,USA
A14,24,A32,A43,1752.0,A61,A75,4,A93,A101,1,A121,36,A143,A152,1,A174,1,A192,A201,1,0,0,233159.0,USA
A11,48,A32,A41,13792.0,A61,A74,4,A93,A101,4,A124,39,A142,A153,3,A173,2,A192,A201,2,1,1,1798032.0,USA
A11,30,A32,A42,3970.0,A61,A72,2,A91,A101,4,A122,31,A143,A152,1,A172,1,A191,A201,2,1,0,561448.0,USA
A14,24,A34,A40,2604.0,A64,A75,4,A93,A101,4,A121,60,A143,A152,1,A173,1,A192,A201,1,0,0,238028.0,USA
A13,12,A34,A40,1552.0,A63,A71,2,A93,A101,4,A124,66,A141,A153,3,A171,1,A191,A201,1,0,0,167778.0,USA
A12,12,A32,A42,4156.0,A61,A72,3,A92,A101,1,A121,34,A143,A151,1,A174,1,A191,A201,1,0,0,580104.0,USA
A12,9,A32,A43,1084.0,A63,A73,4,A92,A101,3,A121,66,A143,A152,1,A172,1,A191,A201,1,0,0,98714.0,USA
A14,21,A34,A42,2743.0,A61,A72,4,A92,A101,4,A122,23,A143,A152,1,A173,1,A192,A201,1,0,0,211410.0,USA
A14,27,A34,A42,5914.0,A64,A72,4,A93,A101,2,A121,32,A142,A152,2,A172,2,A192,A201,1,0,0,611862.0,USA
A12,12,A34,A43,4354.0,A61,A73,1,A92,A101,1,A121,23,A143,A152,1,A172,1,A191,A201,1,0,0,473493.0,USA
A14,48,A34,A43,4419.0,A65,A75,4,A93,A101,1,A121,47,A143,A152,1,A173,1,A192,A201,1,0,0,631281.0,USA
A13,6,A32,A42,2346.0,A61,A73,2,A93,A101,2,A121,41,A143,A152,1,A173,1,A192,A201,1,0,0,195056.0,USA
A11,10,A34,A40,2853.0,A61,A72,1,A93,A101,3,A121,48,A143,A151,2,A172,2,A191,A202,1,0,0,327966.0,USA
A12,12,A32,A42,3067.0,A65,A75,1,A92,A101,2,A122,25,A141,A152,1,A173,1,A192,A201,2,1,0,221563.0,USA
A14,36,A34,A41,5868.0,A64,A75,4,A93,A101,2,A123,38,A143,A152,2,A174,1,A192,A201,1,0,0,499944.0,USA
A14,24,A33,A40,3354.0,A61,A75,4,A93,A101,4,A123,47,A143,A152,2,A172,2,A191,A201,2,1,0,407320.0,USA
A12,18,A34,A42,1442.0,A61,A72,4,A92,A101,1,A122,27,A143,A152,2,A173,1,A191,A201,1,0,0,189369.0,USA
A12,48,A33,A49,8408.0,A65,A73,4,A93,A101,4,A124,38,A143,A153,1,A173,2,A192,A201,1,0,1,795936.0,USA
A12,24,A30,A49,5706.0,A61,A73,1,A93,A101,4,A121,36,A143,A152,3,A172,1,A192,A201,2,1,0,692162.0,USA
A14,4,A32,A42,812.0,A61,A72,1,A92,A101,3,A121,23,A143,A151,1,A172,2,A191,A201,1,0,1,79871.0,USA
A12,30,A34,A40,4928.0,A61,A71,4,A94,A101,2,A123,28,A143,A152,2,A174,1,A191,A201,2,1,0,671745.0,USA
A11,12,A32,A42,2256.0,A61,A72,4,A92,A101,1,A123,22,A143,A151,1,A173,1,A191,A201,1,0,0,334206.0,USA
A14,48,A32,A43,13078.0,A65,A74,4,A93,A101,3,A123,37,A142,A152,1,A173,1,A192,A201,1,0,0,1557733.0,USA
A12,12,A34,A40,3006.0,A63,A74,3,A91,A101,3,A123,36,A143,A152,1,A174,1,A192,A201,1,0,0,214578.0,USA
A11,24,A31,A42,3550.0,A63,A73,4,A93,A101,4,A121,22,A142,A152,1,A173,1,A192,A201,1,0,1,434246.0,USA
A14,21,A32,A41,5963.0,A65,A73,1,A93,A101,3,A123,26,A143,A152,1,A173,1,A191,A201,1,0,0,492694.0,USA
A14,24,A34,A43,2818.0,A64,A75,2,A93,A101,2,A123,34,A143,A152,1,A173,1,A191,A201,1,0,0,224857.0,USA
A13,24,A32,A42,2513.0,A61,A73,2,A93,A101,2,A121,26,A143,A152,1,A173,1,A191,A201,1,0,0,336412.0,USA
A14,36,A34,A49,8666.0,A65,A75,4,A93,A101,4,A121,36,A143,A152,2,A173,1,A191,A201,1,0,1,500959.0,USA
A12,9,A32,A49,1461.0,A61,A73,2,A94,A101,1,A121,27,A141,A152,1,A173,1,A192,A201,1,0,0,141203.0,USA
A11,12,A32,A42,2218.0,A61,A73,2,A93,A101,2,A121,27,A143,A152,1,A173,1,A191,A201,1,0,0,244942.0,USA
A11,12,A32,A42,4385.0,A61,A73,2,A93,A102,2,A122,29,A143,A152,1,A172,2,A191,A201,1,0,0,359884.0,USA
A12,30,A34,A42,8922.0,A61,A74,2,A93,A101,2,A122,49,A143,A152,1,A173,1,A191,A201,2,1,0,786570.0,USA
A12,15,A32,A43,851.0,A61,A75,4,A93,A101,3,A123,37,A143,A152,1,A173,2,A191,A201,2,1,0,96009.0,USA
A12,18,A33,A49,2815.0,A65,A75,4,A93,A101,2,A122,42,A143,A152,2,A173,1,A191,A201,1,0,0,351216.0,USA
A14,48,A33,A43,7580.0,A65,A75,3,A93,A101,3,A123,32,A141,A152,2,A173,2,A191,A201,1,0,0,932905.0,USA
A14,12,A34,A42,2459.0,A61,A75,4,A93,A101,4,A121,43,A143,A152,3,A173,1,A192,A201,1,0,0,339134.0,USA
A11,36,A32,A42,4311.0,A61,A75,4,A93,A101,2,A123,42,A143,A152,1,A173,2,A191,A201,2,1,0,483000.0,USA
A14,24,A32,A41,8001.0,A65,A75,3,A93,A101,4,A123,41,A143,A152,1,A174,2,A192,A201,1,0,0,761120.0,USA
A12,18,A32,A42,2480.0,A65,A72,4,A92,A101,3,A121,27,A143,A151,1,A173,1,A191,A201,2,0,0,324938.0,USA
A11,30,A32,A42,3088.0,A61,A74,4,A92,A101,4,A121,23,A143,A151,1,A173,1,A191,A201,2,1,1,280099.0,USA
A11,18,A34,A40,4757.0,A61,A75,1,A92,A101,4,A121,33,A141,A151,3,A173,1,A192,A201,2,1,0,385156.0,USA
A14,24,A32,A40,1294.0,A61,A72,4,A94,A101,2,A121,28,A143,A152,1,A173,1,A191,A201,1,0,0,95664.0,USA
A14,24,A34,A43,3661.0,A62,A75,3,A93,A101,4,A121,36,A143,A152,1,A173,2,A192,A201,1,0,0,225196.0,USA
A14,60,A32,A43,12787.0,A62,A74,2,A92,A101,4,A121,21,A143,A152,1,A173,1,A192,A201,1,0,0,1636113.0,USA
A11,24,A34,A41,3652.0,A61,A75,4,A93,A101,4,A122,63,A143,A152,2,A173,1,A192,A201,1,0,1,368383.0,USA
A14,6,A32,A45,850.0,A63,A74,2,A94,A101,4,A121,23,A143,A151,1,A172,1,A191,A201,1,0,0,60873.0,USA
A13,24,A32,A43,1591.0,A62,A75,4,A92,A101,2,A124,47,A143,A153,1,A173,1,A192,A201,1,0,0,113839.0,USA
A14,36,A34,A42,7743.0,A61,A72,2,A92,A101,4,A122,23,A143,A151,2,A173,1,A192,A201,2,1,0,1146675.0,USA
A14,24,A34,A42,2632.0,A61,A74,2,A93,A101,2,A122,30,A143,A152,2,A172,1,A191,A201,1,0,0,345906.0,USA
A12,48,A32,A40,9278.0,A65,A74,1,A92,A101,2,A123,24,A143,A152,1,A173,1,A191,A201,1,0,0,616980.0,USA
A14,9,A34,A46,1439.0,A65,A75,4,A92,A101,4,A122,41,A143,A151,2,A172,1,A191,A201,1,0,1,99096.0,USA
A13,12,A34,A40,1844.0,A63,A71,2,A93,A101,4,A124,66,A141,A153,3,A171,1,A191,A201,1,0,1,125963.0,USA
A11,12,A32,A42,760.0,A61,A73,2,A93,A103,3,A122,38,A143,A152,1,A172,2,A191,A201,1,0,0,76034.0,USA
A14,12,A32,A43,986.0,A65,A73,4,A92,A101,2,A123,21,A143,A152,1,A173,1,A191,A201,1,0,0,136174.0,USA
A14,36,A34,A49,8438.0,A65,A75,4,A93,A101,4,A121,36,A143,A152,2,A173,1,A191,A201,1,0,0,939591.0,USA
A14,10,A32,A41,3516.0,A65,A72,1,A92,A101,4,A121,31,A143,A151,1,A173,1,A191,A201,1,0,0,477872.0,USA
A14,12,A32,A43,1875.0,A61,A72,4,A92,A101,3,A123,34,A143,A152,1,A173,2,A191,A201,1,0,0,255215.0,USA
A13,12,A32,A42,1898.0,A61,A72,4,A92,A101,1,A122,33,A141,A152,1,A174,1,A192,A201,1,0,0,214919.0,USA
A14,24,A34,A42,4677.0,A64,A73,4,A93,A101,4,A121,50,A143,A152,1,A173,1,A192,A201,1,0,1,472994.0,USA
A12,27,A33,A41,6519.0,A61,A75,1,A93,A101,2,A123,30,A143,A152,2,A174,1,A192,A201,1,0,1,922197.0,USA
A14,15,A33,A42,1256.0,A64,A74,3,A92,A101,2,A122,30,A143,A152,2,A173,1,A191,A201,1,0,0,129422.0,USA
A14,4,A34,A43,1905.0,A61,A74,2,A93,A101,1,A121,42,A143,A152,2,A172,2,A191,A201,1,0,0,131234.0,USA
A12,60,A33,A43,11411.0,A65,A73,2,A93,A101,2,A124,27,A143,A153,1,A174,1,A191,A201,1,0,0,1029191.0,USA
A13,24,A34,A49,1693.0,A64,A73,2,A91,A101,4,A121,36,A143,A152,2,A173,1,A192,A201,1,0,1,238496.0,USA
A14,6,A30,A40,1409.0,A62,A73,4,A93,A101,1,A124,35,A141,A151,1,A173,1,A191,A202,1,0,0,101447.0,USA
A11,36,A32,A410,17118.0,A61,A71,2,A91,A102,3,A123,43,A143,A152,1,A174,1,A191,A201,1,0,0,1595406.0,USA
A11,8,A34,A40,4133.0,A61,A74,1,A93,A101,4,A121,39,A143,A152,2,A172,1,A191,A202,1,0,1,587317.0,USA
A12,30,A32,A42,4306.0,A61,A72,2,A94,A101,1,A122,22,A143,A152,1,A173,1,A191,A201,1,0,1,422907.0,USA
A11,24,A34,A40,1613.0,A61,A75,4,A93,A101,4,A123,60,A143,A152,2,A172,1,A191,A201,2,1,0,160691.0,USA
A14,15,A32,A40,3703.0,A65,A73,3,A93,A101,2,A124,29,A143,A152,1,A173,1,A191,A201,1,0,1,518580.0,USA
A13,30,A34,A43,3254.0,A61,A75,4,A93,A101,4,A122,47,A143,A152,1,A173,1,A191,A201,1,0,0,367714.0,USA
A13,6,A34,A40,1665.0,A61,A73,1,A93,A101,1,A121,74,A143,A152,3,A171,2,A191,A202,1,0,0,215775.0,USA
A14,60,A32,A40,7690.0,A65,A73,4,A93,A101,4,A124,34,A143,A153,1,A173,2,A192,A201,1,0,0,932476.0,USA
A12,18,A34,A40,1186.0,A61,A75,3,A93,A103,3,A121,30,A141,A152,2,A173,1,A191,A201,2,1,0,110591.0,USA
A11,12,A32,A40,1480.0,A61,A73,4,A94,A101,3,A121,27,A143,A152,1,A172,1,A191,A201,1,0,1,171029.0,USA
A14,36,A34,A43,4183.0,A65,A75,4,A93,A101,2,A123,51,A143,A152,1,A173,1,A192,A201,1,0,0,569630.0,USA
A12,9,A31,A41,6872.0,A61,A75,2,A92,A101,4,A124,74,A141,A153,1,A174,2,A192,A201,2,1,0,732819.0,USA
A13,9,A30,A43,1486.0,A61,A72,4,A93,A101,2,A123,34,A143,A152,2,A174,1,A192,A201,2,1,0,129333.0,USA
A12,18,A32,A40,1435.0,A65,A73,4,A92,A101,2,A122,33,A143,A152,1,A173,1,A191,A201,2,1,0,129567.0,USA
A12,30,A34,A40,4616.0,A61,A71,4,A94,A101,2,A123,28,A143,A152,2,A174,1,A191,A201,2,1,0,675720.0,USA
A11,27,A32,A43,4593.0,A61,A73,3,A93,A101,2,A123,27,A143,A152,1,A174,1,A191,A201,1,0,0,446289.0,USA
A11,42,A32,A42,8861.0,A61,A74,2,A93,A103,4,A122,45,A143,A153,1,A173,2,A191,A201,1,0,1,764592.0,USA
A14,6,A31,A43,1903.0,A63,A75,2,A93,A101,4,A122,45,A141,A152,1,A172,2,A191,A201,1,0,1,156321.0,USA
A14,15,A34,A43,1573.0,A63,A73,2,A94,A101,2,A122,47,A143,A152,2,A172,1,A191,A201,1,0,0,140625.0,USA
A11,12,A31,A40,840.0,A61,A72,4,A93,A101,2,A123,46,A141,A152,2,A173,1,A192,A201,2,1,0,121754.0,USA
A14,48,A34,A43,4339.0,A65,A75,4,A93,A101,1,A121,47,A143,A152,1,A173,1,A192,A201,1,0,0,398981.0,USA
A13,15,A32,A46,1980.0,A61,A75,4,A93,A101,4,A123,40,A143,A151,1,A174,1,A192,A201,1,0,0,259573.0,USA
A11,12,A33,A40,1527.0,A61,A73,4,A93,A101,2,A121,43,A143,A152,2,A172,2,A191,A201,1,0,0,99383.0,USA
A13,42,A34,A41,6161.0,A61,A75,4,A93,A101,4,A124,56,A143,A153,1,A173,1,A191,A201,1,0,0,673724.0,USA
A11,24,A31,A40,2432.0,A62,A74,2,A93,A101,3,A123,32,A141,A152,1,A173,1,A191,A201,1,0,0,183181.0,USA
A14,12,A32,A41,1513.0,A64,A74,3,A93,A101,2,A122,55,A143,A152,1,A173,1,A191,A202,1,0,0,145918.0,USA
A14,12,A33,A41,1686.0,A61,A73,4,A94,A101,4,A121,41,A143,A151,1,A173,1,A191,A201,1,0,1,134348.0,USA
A12,45,A32,A43,3393.0,A62,A73,4,A93,A103,4,A122,21,A143,A151,1,A173,1,A191,A201,2,1,0,360752.0,USA
A11,36,A32,A42,4548.0,A61,A73,1,A93,A103,2,A122,37,A143,A152,1,A173,2,A191,A201,1,0,0,315802.0,USA
A14,48,A31,A49,4670.0,A61,A73,1,A92,A101,1,A121,27,A142,A152,1,A173,1,A191,A201,1,0,0,401873.0,USA
A13,36,A32,A43,5656.0,A61,A73,4,A93,A101,2,A123,26,A143,A152,1,A173,1,A191,A201,2,1,0,453440.0,USA
A14,24,A34,A42,1918.0,A61,A74,4,A93,A101,3,A122,40,A143,A152,2,A173,1,A191,A201,1,0,0,166893.0,USA
A12,12,A32,A40,1177.0,A61,A75,4,A93,A101,4,A123,41,A141,A152,1,A172,2,A191,A201,2,1,0,99457.0,USA
A14,21,A32,A49,1936.0,A64,A75,4,A92,A101,4,A121,36,A141,A152,1,A172,1,A191,A201,1,0,0,147937.0,USA
A14,18,A32,A40,2304.0,A61,A73,2,A94,A101,2,A122,30,A143,A152,1,A174,1,A192,A201,1,0,1,336745.0,USA
A14,24,A32,A42,7003.0,A62,A73,4,A93,A101,1,A123,25,A142,A152,1,A173,1,A191,A201,1,0,0,520100.0,USA
A11,12,A32,A40,1537.0,A61,A73,4,A94,A101,3,A121,27,A143,A152,1,A172,1,A191,A201,1,0,0,212563.0,USA
A12,24,A32,A42,3415.0,A62,A75,4,A93,A101,4,A124,30,A143,A153,1,A173,1,A191,A201,1,0,0,237417.0,USA
A12,8,A32,A43,1517.0,A61,A73,4,A93,A103,2,A121,33,A143,A152,1,A173,1,A191,A202,1,0,0,124029.0,USA
A11,12,A32,A43,1959.0,A63,A75,3,A94,A101,1,A121,35,A143,A152,1,A173,1,A191,A201,1,0,0,207747.0,USA
A12,36,A32,A46,16062.0,A62,A73,1,A93,A101,4,A124,47,A143,A153,1,A173,2,A192,A201,2,1,0,1754367.0,USA
A14,12,A34,A43,2613.0,A65,A75,1,A93,A102,4,A121,49,A143,A152,1,A173,1,A192,A201,1,0,0,275197.0,USA
A14,18,A32,A41,3659.0,A65,A73,2,A93,A101,1,A122,31,A143,A152,1,A173,1,A192,A201,1,0,0,434934.0,USA
A14,4,A32,A42,813.0,A61,A72,1,A92,A101,3,A121,23,A143,A151,1,A172,2,A191,A201,1,0,0,74534.0,USA
A11,18,A32,A40,1293.0,A61,A72,4,A92,A101,3,A123,23,A143,A151,1,A173,1,A192,A201,2,1,0,87641.0,USA
A12,12,A32,A40,900.0,A62,A72,4,A92,A101,2,A122,23,A141,A152,1,A172,1,A191,A201,2,1,0,86482.0,USA
A12,18,A32,A40,1188.0,A65,A73,4,A92,A101,2,A122,33,A143,A152,1,A173,1,A191,A201,2,1,0,86454.0,USA
A12,36,A33,A40,8621.0,A62,A75,2,A93,A101,4,A123,42,A143,A152,4,A174,1,A192,A201,2,1,1,820887.0,USA
A14,48,A34,A41,12223.0,A65,A74,2,A93,A101,1,A124,35,A143,A153,2,A173,1,A192,A201,1,0,1,1317042.0,USA
A14,12,A34,A49,2472.0,A61,A71,4,A93,A101,2,A123,42,A142,A152,2,A174,1,A192,A201,2,1,0,142903.0,USA
A12,18,A34,A42,1370.0,A61,A72,4,A92,A101,1,A122,27,A143,A152,2,A173,1,A191,A201,1,0,0,104317.0,USA
A14,15,A32,A44,1515.0,A63,A74,4,A93,A101,3,A122,36,A143,A152,2,A173,1,A192,A201,1,0,0,118977.0,USA
A12,20,A33,A41,7236.0,A65,A74,3,A93,A101,4,A122,36,A141,A151,2,A174,2,A192,A201,1,0,0,828941.0,USA
A12,18,A33,A42,5254.0,A61,A75,4,A91,A101,3,A124,40,A143,A152,1,A174,1,A192,A201,2,1,0,701079.0,USA
A12,60,A32,A40,8026.0,A62,A72,4,A92,A101,2,A122,24,A143,A152,1,A174,1,A191,A201,2,1,0,657212.0,USA
A11,21,A32,A40,4009.0,A65,A74,2,A93,A102,2,A121,24,A143,A152,1,A172,1,A191,A202,1,0,0,256054.0,USA
A14,6,A32,A40,734.0,A61,A71,1,A92,A101,4,A121,54,A143,A152,1,A171,1,A192,A201,1,0,0,45617.0,USA
A12,24,A33,A42,3085.0,A65,A72,4,A93,A101,2,A122,29,A141,A152,1,A172,1,A191,A201,1,0,0,303749.0,USA
A13,18,A31,A43,1739.0,A65,A74,4,A93,A101,4,A123,49,A141,A152,1,A172,1,A191,A201,1,0,0,180036.0,USA
A14,24,A34,A43,2817.0,A65,A75,4,A93,A101,4,A122,53,A143,A152,2,A173,1,A191,A201,1,0,0,344204.0,USA
A11,12,A32,A43,897.0,A61,A75,4,A93,A101,4,A121,57,A142,A152,1,A172,1,A191,A201,2,1,0,80573.0,USA
A14,24,A34,A41,7281.0,A65,A73,2,A93,A101,4,A122,46,A143,A152,2,A174,2,A192,A201,1,0,1,507085.0,USA
A12,60,A33,A43,7807.0,A65,A73,1,A93,A101,1,A121,27,A143,A152,1,A172,1,A191,A201,1,0,0,1144807.0,USA
A12,30,A34,A40,4654.0,A61,A71,4,A94,A101,2,A123,28,A143,A152,2,A174,1,A191,A201,2,1,0,313349.0,USA
A14,13,A32,A43,1888.0,A62,A71,2,A92,A101,4,A121,64,A143,A152,1,A173,1,A191,A201,1,0,0,194239.0,USA
A14,48,A34,A46,8332.0,A61,A73,1,A93,A101,3,A124,31,A141,A153,1,A173,1,A192,A201,1,0,0,542652.0,USA
A12,30,A30,A49,5815.0,A62,A73,4,A92,A101,4,A123,26,A143,A151,2,A172,1,A191,A201,2,1,0,546417.0,USA
A14,24,A32,A41,2819.0,A64,A73,2,A92,A101,4,A123,28,A143,A151,1,A173,1,A192,A201,1,0,0,404894.0,USA
A11,12,A32,A42,841.0,A61,A75,4,A92,A101,4,A122,24,A143,A151,1,A173,1,A191,A201,1,0,0,51534.0,USA
A14,12,A34,A49,1804.0,A61,A73,4,A92,A103,2,A121,29,A143,A152,2,A174,1,A192,A201,1,0,0,124866.0,USA
A14,30,A31,A41,9180.0,A65,A71,4,A92,A101,1,A121,53,A141,A152,1,A174,1,A192,A201,2,1,0,1344826.0,USA
A13,21,A34,A46,2428.0,A61,A72,2,A91,A101,1,A123,33,A143,A151,1,A173,1,A191,A201,2,1,1,205935.0,USA
A14,18,A33,A43,2657.0,A61,A71,2,A94,A101,3,A121,34,A143,A152,2,A173,1,A191,A201,1,0,0,305580.0,USA
A11,24,A32,A42,3563.0,A65,A73,2,A94,A101,4,A123,20,A143,A152,1,A173,1,A191,A201,2,1,0,389414.0,USA
A11,24,A31,A42,2907.0,A63,A73,4,A93,A101,4,A121,22,A142,A152,1,A173,1,A192,A201,1,0,0,338117.0,USA
A12,12,A32,A41,2686.0,A65,A73,4,A93,A101,2,A123,30,A143,A152,1,A173,1,A191,A201,1,0,0,386480.0,USA
A11,24,A34,A49,1536.0,A62,A74,4,A93,A101,1,A121,26,A143,A152,2,A173,1,A192,A201,1,0,0,192576.0,USA
A14,24,A32,A42,4341.0,A61,A74,2,A92,A101,4,A122,25,A143,A151,1,A173,1,A192,A201,1,0,0,579985.0,USA
A12,21,A32,A49,3613.0,A62,A75,4,A91,A101,2,A123,61,A141,A151,2,A172,1,A191,A201,2,1,0,523821.0,USA
A12,12,A32,A40,2668.0,A61,A74,3,A93,A101,4,A122,30,A143,A151,1,A173,2,A192,A201,1,0,0,194795.0,USA
A11,16,A34,A40,3550.0,A61,A75,2,A93,A103,4,A122,43,A141,A151,1,A173,1,A192,A201,2,1,0,326970.0,USA
A11,15,A32,A40,5299.0,A61,A73,3,A92,A101,2,A122,29,A143,A152,1,A173,1,A192,A201,2,1,1,563787.0,USA
A12,15,A34,A43,2115.0,A65,A75,4,A93,A103,4,A121,50,A143,A152,2,A173,1,A192,A201,1,0,0,306328.0,USA
A11,12,A32,A40,1888.0,A61,A74,2,A91,A101,3,A123,36,A143,A152,1,A173,1,A191,A201,2,1,0,117492.0,USA
A13,24,A34,A49,1620.0,A64,A73,2,A91,A101,4,A121,36,A143,A152,2,A173,1,A192,A201,1,0,0,214635.0,USA
A14,24,A32,A43,4775.0,A62,A75,2,A93,A101,4,A123,31,A143,A152,2,A173,1,A191,A201,2,1,0,488881.0,USA
A12,36,A32,A43,2813.0,A62,A73,4,A92,A102,4,A124,50,A143,A153,1,A173,1,A191,A201,2,1,0,355120.0,USA
A12,24,A33,A49,8323.0,A62,A74,4,A93,A101,4,A123,36,A143,A151,1,A174,1,A192,A201,1,0,1,1215824.0,USA
A14,36,A32,A43,4560.0,A61,A75,4,A93,A101,2,A123,28,A143,A152,1,A173,1,A191,A201,1,0,0,303133.0,USA
A14,15,A31,A43,1781.0,A62,A75,4,A93,A101,4,A123,34,A141,A152,1,A172,2,A191,A201,1,0,0,164473.0,USA
A14,5,A32,A49,4409.0,A61,A74,1,A93,A101,4,A121,74,A143,A152,1,A172,1,A191,A201,1,0,0,595423.0,USA
A14,12,A34,A46,785.0,A61,A73,4,A93,A101,2,A123,32,A143,A152,2,A173,1,A191,A201,1,0,0,85778.0,USA
A12,6,A33,A40,1273.0,A61,A71,4,A93,A101,4,A122,47,A143,A152,1,A174,1,A192,A201,2,1,0,108468.0,USA
A12,15,A34,A43,1935.0,A65,A75,4,A93,A103,4,A121,50,A143,A152,2,A173,1,A192,A201,1,0,0,138549.0,USA
A14,12,A34,A43,1499.0,A65,A75,4,A92,A101,2,A121,38,A143,A152,2,A173,1,A192,A201,1,0,0,144862.0,USA
A12,20,A32,A41,8340.0,A65,A71,1,A91,A101,4,A121,60,A143,A152,1,A174,1,A192,A201,1,0,0,1002371.0,USA
A12,15,A32,A45,1964.0,A62,A73,4,A93,A103,2,A121,22,A143,A152,1,A173,1,A191,A201,1,0,1,189344.0,USA
A12,36,A31,A44,5234.0,A65,A72,3,A92,A101,2,A124,29,A141,A152,1,A171,1,A191,A201,1,0,0,640812.0,USA
A13,42,A30,A49,6570.0,A61,A72,2,A91,A101,1,A122,33,A143,A152,2,A173,1,A191,A201,1,0,0,643343.0,USA
A11,12,A32,A42,1559.0,A61,A73,4,A93,A103,1,A122,21,A143,A152,1,A172,1,A191,A201,1,0,0,122480.0,USA
A11,12,A32,A46,751.0,A61,A73,4,A93,A101,4,A123,40,A143,A151,1,A172,2,A191,A201,2,0,0,76981.0,USA
A14,12,A32,A41,4907.0,A65,A72,1,A92,A101,4,A123,20,A143,A151,1,A173,1,A191,A201,1,0,0,632444.0,USA
A14,15,A32,A44,1535.0,A63,A74,4,A93,A101,3,A122,36,A143,A152,2,A173,1,A192,A201,1,0,0,169911.0,USA
A14,6,A34,A43,1405.0,A62,A73,1,A92,A101,1,A122,27,A143,A152,2,A173,1,A191,A201,1,0,0,110124.0,USA
A14,39,A32,A41,2794.0,A63,A73,4,A93,A101,4,A123,24,A143,A152,1,A173,1,A191,A201,1,0,0,318667.0,USA
A14,36,A34,A42,8683.0,A61,A72,2,A92,A101,4,A122,23,A143,A151,2,A173,1,A192,A201,2,0,0,984245.0,USA
A14,18,A33,A42,1908.0,A61,A74,4,A92,A101,1,A121,22,A143,A152,1,A173,1,A191,A201,2,1,0,180094.0,USA
A12,36,A34,A43,2937.0,A61,A75,4,A93,A101,4,A121,36,A143,A152,1,A173,1,A191,A201,1,0,1,302508.0,USA
A14,30,A34,A43,7809.0,A61,A74,4,A92,A101,2,A123,25,A143,A152,2,A173,1,A191,A201,1,0,0,707512.0,USA
A12,12,A32,A40,1759.0,A64,A75,4,A93,A101,4,A121,54,A143,A152,1,A173,1,A192,A201,1,0,0,171692.0,USA
A11,12,A32,A40,1975.0,A61,A73,4,A92,A103,4,A122,29,A143,A152,1,A173,1,A192,A201,1,0,1,204595.0,USA
A12,6,A32,A43,506.0,A61,A74,3,A94,A103,3,A121,28,A141,A152,1,A172,1,A191,A201,1,0,0,43726.0,USA
A12,11,A33,A43,5062.0,A61,A74,2,A93,A101,4,A122,51,A143,A152,1,A173,1,A191,A201,1,0,0,458272.0,USA
A14,9,A34,A40,2652.0,A61,A73,4,A93,A101,4,A123,48,A143,A152,3,A173,1,A192,A201,1,0,0,186760.0,USA
A11,24,A32,A410,2284.0,A61,A75,4,A92,A103,4,A121,58,A143,A152,1,A172,1,A192,A201,1,0,0,195768.0,USA
A13,24,A32,A43,1529.0,A63,A73,3,A92,A101,3,A123,57,A143,A152,1,A172,1,A191,A201,1,0,0,206557.0,USA
A11,20,A34,A42,4938.0,A61,A75,1,A92,A101,4,A122,24,A143,A152,2,A173,1,A191,A201,1,0,0,733432.0,USA
A14,24,A34,A45,2726.0,A61,A73,4,A91,A101,2,A121,33,A143,A152,2,A173,1,A192,A201,1,0,0,273003.0,USA
A14,24,A32,A43,1872.0,A63,A74,4,A92,A101,1,A123,28,A143,A152,1,A173,1,A191,A201,1,0,1,257559.0,USA
A12,18,A34,A40,1078.0,A61,A75,4,A93,A101,4,A123,36,A141,A152,1,A173,2,A192,A201,2,1,0,138181.0,USA
A11,18,A34,A40,4807.0,A61,A75,1,A92,A101,4,A121,33,A141,A151,3,A173,1,A192,A201,2,1,0,320236.0,USA
A11,36,A31,A42,3111.0,A61,A75,4,A93,A101,4,A123,31,A141,A152,1,A173,1,A191,A201,2,1,0,426839.0,USA
A12,18,A34,A42,7440.0,A61,A75,2,A93,A101,1,A124,41,A143,A152,1,A173,1,A192,A201,1,0,0,433512.0,USA
A11,36,A32,A41,9564.0,A65,A75,3,A93,A101,4,A124,47,A143,A153,1,A173,1,A191,A201,2,1,1,1282529.0,USA
A12,10,A32,A40,9439.0,A61,A71,2,A93,A101,4,A124,70,A141,A153,1,A174,1,A192,A201,1,0,0,873909.0,USA
A12,6,A33,A49,1674.0,A62,A75,1,A91,A101,2,A123,31,A141,A152,2,A173,2,A191,A201,1,0,0,169949.0,USA
A14,24,A31,A49,1754.0,A61,A74,4,A93,A101,4,A123,50,A141,A152,1,A173,1,A192,A201,1,0,0,242295.0,USA
A12,12,A32,A43,1456.0,A63,A73,3,A91,A101,1,A123,26,A143,A152,1,A173,1,A192,A201,1,0,1,90988.0,USA
A14,22,A32,A43,3688.0,A63,A75,3,A93,A101,4,A123,40,A143,A152,1,A173,1,A191,A201,1,0,0,308443.0,USA
A12,8,A32,A43,846.0,A61,A74,4,A92,A103,2,A121,44,A143,A152,1,A172,1,A191,A201,1,0,0,83972.0,USA
A12,12,A34,A40,2617.0,A63,A74,3,A91,A101,3,A123,36,A143,A152,1,A174,1,A192,A201,1,0,0,301244.0,USA
A12,24,A34,A40,5130.0,A62,A72,4,A91,A101,2,A123,37,A143,A152,1,A173,1,A192,A201,1,0,0,322555.0,USA
A14,12,A32,A42,2221.0,A61,A74,3,A92,A101,4,A121,31,A143,A152,1,A172,1,A191,A201,1,0,1,318275.0,USA
A14,10,A32,A40,1932.0,A61,A73,3,A93,A101,2,A121,31,A143,A152,1,A172,2,A191,A202,1,0,0,260658.0,USA
A11,6,A34,A43,417.0,A63,A75,4,A93,A101,4,A123,52,A143,A152,2,A173,1,A191,A201,1,0,1,39498.0,USA
A12,12,A32,A42,2259.0,A61,A73,4,A93,A101,2,A122,37,A143,A152,1,A172,1,A191,A201,2,0,0,211466.0,USA
A11,13,A34,A49,2115.0,A61,A72,3,A93,A101,1,A122,28,A141,A152,2,A172,1,A191,A201,1,0,0,242947.0,USA
A14,18,A32,A42,2673.0,A61,A73,4,A93,A101,4,A124,47,A141,A153,2,A173,1,A191,A201,1,0,0,247063.0,USA
A12,15,A34,A43,3617.0,A65,A74,4,A93,A103,2,A121,35,A141,A152,3,A173,1,A192,A201,1,0,0,242768.0,USA
A12,9,A32,A43,619.0,A61,A73,4,A93,A101,3,A121,24,A143,A152,1,A173,1,A191,A201,1,0,0,62205.0,USA
A12,9,A31,A40,1650.0,A62,A74,2,A93,A101,3,A124,29,A143,A152,1,A173,1,A191,A201,2,1,0,165776.0,USA
A14,48,A33,A43,14251.0,A63,A74,4,A93,A101,1,A123,37,A143,A152,1,A174,1,A192,A201,1,0,0,1382454.0,USA
A14,24,A34,A41,2909.0,A65,A74,4,A93,A101,4,A123,43,A143,A152,2,A173,2,A192,A201,1,0,0,329752.0,USA
A14,12,A32,A42,1292.0,A63,A73,4,A92,A101,4,A123,29,A143,A151,1,A172,1,A191,A201,2,1,0,125584.0,USA
A11,9,A34,A45,1547.0,A62,A75,3,A93,A103,4,A121,48,A143,A152,2,A173,2,A191,A202,1,0,0,143221.0,USA
A13,18,A32,A40,2204.0,A61,A75,3,A92,A101,2,A123,23,A143,A152,1,A174,1,A191,A201,1,0,0,282123.0,USA
A14,6,A32,A42,3505.0,A63,A73,1,A93,A101,2,A123,32,A143,A152,1,A173,1,A192,A201,1,0,0,428947.0,USA
A12,11,A33,A43,5182.0,A61,A74,2,A93,A101,4,A122,51,A143,A152,1,A173,1,A191,A201,1,0,0,408283.0,USA
A14,54,A30,A41,11827.0,A65,A73,2,A93,A101,2,A122,39,A143,A152,1,A172,2,A191,A201,1,0,0,903229.0,USA
A12,60,A32,A40,18172.0,A61,A74,4,A93,A101,2,A124,27,A143,A152,1,A174,1,A192,A201,2,0,0,2531856.0,USA
A12,12,A32,A48,913.0,A65,A75,4,A93,A101,4,A122,38,A143,A152,2,A173,1,A191,A201,1,0,0,98999.0,USA
A12,30,A31,A42,3656.0,A64,A73,4,A93,A101,2,A123,34,A142,A152,1,A173,2,A192,A201,1,0,0,462938.0,USA
A14,12,A34,A46,3812.0,A65,A72,2,A93,A101,1,A122,37,A143,A152,2,A172,2,A191,A201,1,0,0,568816.0,USA
A12,18,A32,A40,6421.0,A62,A73,2,A93,A101,2,A123,30,A143,A152,2,A173,1,A192,A201,1,0,1,823242.0,USA
A14,10,A32,A40,1460.0,A62,A73,3,A93,A101,2,A121,35,A143,A151,1,A172,1,A191,A202,1,0,1,167094.0,USA
A13,12,A34,A40,1746.0,A63,A71,2,A93,A101,4,A124,66,A141,A153,3,A171,1,A191,A201,1,0,0,159408.0,USA
A14,30,A32,A41,5088.0,A65,A74,2,A92,A101,4,A122,24,A142,A151,1,A172,1,A191,A201,1,0,1,662340.0,USA
A11,48,A32,A43,9633.0,A61,A74,1,A94,A103,1,A121,34,A143,A152,2,A173,1,A192,A201,2,1,0,1264611.0,USA
A11,24,A31,A42,7326.0,A61,A72,2,A91,A101,1,A122,55,A141,A152,1,A173,1,A192,A201,2,1,0,522114.0,USA
A12,36,A33,A40,9436.0,A62,A75,2,A93,A101,4,A123,42,A143,A152,4,A174,1,A192,A201,2,1,1,1153796.0,USA
A11,48,A32,A44,3662.0,A61,A73,3,A93,A101,4,A123,54,A143,A152,1,A173,1,A191,A201,2,1,1,489601.0,USA
A12,36,A34,A43,3040.0,A61,A75,4,A93,A101,4,A121,36,A143,A152,1,A173,1,A191,A201,1,0,0,414902.0,USA
A11,6,A32,A40,1507.0,A62,A75,3,A93,A101,2,A122,43,A143,A152,1,A173,1,A192,A201,1,0,0,203070.0,USA
A14,12,A32,A42,1929.0,A61,A73,4,A93,A101,2,A121,50,A143,A152,1,A173,1,A191,A201,1,0,1,180329.0,USA
A14,12,A34,A42,3428.0,A61,A75,2,A93,A101,4,A122,42,A142,A152,1,A173,1,A191,A201,1,0,0,201380.0,USA
A11,24,A32,A40,1218.0,A65,A75,4,A92,A101,2,A123,29,A141,A152,1,A173,1,A191,A201,2,1,0,132516.0,USA
A11,48,A31,A49,9081.0,A61,A74,2,A92,A103,4,A123,37,A143,A151,1,A173,1,A191,A201,2,1,0,831997.0,USA
A14,30,A34,A43,9124.0,A65,A74,2,A93,A101,3,A122,36,A143,A152,2,A173,1,A191,A201,1,0,0,835407.0,USA
A12,12,A32,A40,1374.0,A64,A75,4,A93,A101,4,A121,54,A143,A152,1,A173,1,A192,A201,1,0,0,202402.0,USA
A11,48,A32,A40,9273.0,A61,A75,4,A93,A101,4,A124,42,A141,A153,1,A174,1,A191,A201,2,1,0,1096361.0,USA
A14,48,A34,A40,13364.0,A63,A73,2,A93,A101,2,A124,44,A141,A153,1,A173,1,A191,A201,2,1,0,1469836.0,USA
A14,30,A34,A43,5012.0,A61,A74,4,A92,A101,4,A123,26,A143,A151,1,A174,1,A192,A201,1,0,1,369377.0,USA
A12,9,A32,A40,3814.0,A65,A73,1,A92,A101,2,A121,33,A143,A152,1,A172,1,A191,A201,1,0,0,235079.0,USA
A12,15,A31,A40,1587.0,A62,A73,2,A94,A101,2,A122,25,A143,A151,1,A173,1,A191,A201,2,0,0,217388.0,USA
A12,26,A32,A41,8821.0,A61,A72,2,A93,A101,3,A123,30,A143,A152,2,A173,1,A191,A201,1,0,0,1236182.0,USA
A13,36,A32,A43,6815.0,A61,A73,4,A93,A101,1,A123,24,A143,A152,1,A173,1,A191,A201,1,0,0,838256.0,USA
A11,10,A32,A43,2453.0,A61,A75,3,A93,A101,4,A121,52,A143,A152,1,A172,1,A191,A201,1,0,0,357730.0,USA
A14,10,A32,A41,3176.0,A62,A73,1,A93,A102,2,A121,32,A143,A152,1,A173,2,A191,A201,1,0,0,450193.0,USA
A12,12,A32,A40,1443.0,A61,A75,1,A91,A101,1,A121,46,A143,A151,2,A173,1,A191,A201,2,1,0,171046.0,USA
A11,36,A32,A42,3918.0,A61,A75,4,A93,A101,2,A123,42,A143,A152,1,A173,2,A191,A201,2,1,0,293380.0,USA
A11,15,A32,A44,1315.0,A65,A73,4,A92,A101,2,A123,24,A143,A151,1,A173,1,A191,A201,2,1,0,195001.0,USA
A14,42,A34,A42,4777.0,A63,A73,4,A93,A101,4,A121,36,A143,A152,2,A173,1,A192,A201,1,0,0,298829.0,USA
A12,45,A32,A43,3415.0,A62,A73,4,A93,A103,4,A122,21,A143,A151,1,A173,1,A191,A201,2,1,0,347900.0,USA
A11,33,A34,A42,5127.0,A63,A73,1,A92,A101,4,A123,23,A143,A152,2,A173,1,A191,A201,2,1,1,702870.0,USA
A13,18,A32,A43,2271.0,A61,A73,4,A93,A102,2,A121,37,A142,A152,1,A173,1,A191,A201,2,1,1,229715.0,USA
A12,12,A34,A44,1454.0,A61,A74,4,A93,A101,3,A122,26,A143,A152,1,A173,1,A191,A201,1,0,0,191194.0,USA
A14,24,A32,A43,1410.0,A63,A74,4,A92,A101,1,A123,28,A143,A152,1,A173,1,A191,A201,1,0,1,86929.0,USA
A14,7,A33,A43,880.0,A65,A75,3,A93,A101,4,A124,36,A143,A153,1,A173,1,A191,A201,1,0,0,89071.0,USA
A11,36,A34,A46,9636.0,A61,A73,3,A92,A101,2,A124,25,A143,A152,2,A174,1,A192,A201,2,1,0,916567.0,USA
A14,36,A33,A43,6011.0,A61,A73,4,A92,A101,4,A121,34,A143,A152,2,A173,1,A191,A201,1,0,1,465475.0,USA
A14,21,A32,A49,2124.0,A64,A75,4,A92,A101,4,A121,36,A141,A152,1,A172,1,A191,A201,1,0,1,233362.0,USA
A14,60,A32,A40,11004.0,A61,A75,2,A93,A101,4,A122,42,A143,A152,1,A174,1,A192,A201,1,0,0,1501827.0,USA
A14,12,A34,A49,3131.0,A61,A71,4,A93,A101,2,A123,42,A142,A152,2,A174,1,A192,A201,2,1,0,223530.0,USA
A14,18,A32,A43,2680.0,A61,A72,4,A93,A101,1,A121,33,A143,A152,1,A173,1,A191,A201,1,0,0,312793.0,USA
A12,24,A34,A41,8927.0,A64,A75,2,A92,A101,4,A124,29,A143,A151,1,A173,1,A191,A201,1,0,1,626596.0,USA
A12,30,A32,A42,4082.0,A61,A72,2,A94,A101,1,A122,22,A143,A152,1,A173,1,A191,A201,1,0,0,241935.0,USA
A14,24,A32,A43,3669.0,A61,A72,4,A92,A101,4,A122,26,A143,A152,1,A173,1,A192,A201,1,0,0,545356.0,USA
A12,48,A34,A42,6480.0,A61,A73,2,A92,A101,3,A123,30,A143,A152,1,A174,1,A192,A201,2,1,0,653573.0,USA
A11,48,A30,A41,6247.0,A61,A75,3,A93,A101,4,A124,24,A143,A153,2,A173,2,A191,A201,2,1,0,650131.0,USA
A12,12,A32,A43,1466.0,A61,A73,4,A92,A103,4,A121,49,A143,A152,2,A173,1,A192,A201,1,0,0,133019.0,USA
A12,30,A32,A40,2856.0,A61,A73,4,A92,A103,2,A124,24,A141,A152,1,A173,1,A191,A201,2,1,1,184669.0,USA
A14,24,A33,A49,3559.0,A65,A73,4,A93,A101,4,A121,32,A143,A152,2,A173,2,A192,A201,1,0,0,493885.0,USA
A14,9,A32,A46,4519.0,A65,A75,1,A93,A101,4,A121,64,A143,A152,1,A172,1,A191,A201,1,0,0,474365.0,USA
A14,10,A32,A42,3018.0,A61,A73,2,A93,A101,2,A121,25,A141,A151,1,A172,1,A191,A201,2,1,0,364837.0,USA
A12,12,A32,A42,1315.0,A64,A72,1,A92,A101,4,A121,19,A143,A151,1,A172,1,A191,A201,1,0,0,182638.0,USA
A14,6,A32,A42,3583.0,A63,A73,1,A93,A101,2,A123,32,A143,A152,1,A173,1,A192,A201,1,0,0,417101.0,USA
A14,36,A33,A43,5104.0,A61,A73,4,A92,A101,4,A121,34,A143,A152,2,A173,1,A191,A201,1,0,0,347390.0,USA
A12,12,A34,A40,3598.0,A61,A72,1,A93,A101,3,A121,49,A141,A152,2,A172,2,A191,A201,1,0,0,403514.0,USA
A12,18,A33,A49,2904.0,A65,A75,4,A93,A101,2,A122,42,A143,A152,2,A173,1,A191,A201,1,0,0,286280.0,USA
A14,15,A32,A40,3678.0,A64,A74,2,A92,A101,3,A123,20,A143,A151,1,A173,1,A191,A201,1,0,0,413049.0,USA
A11,36,A32,A40,3349.0,A61,A74,2,A93,A101,4,A124,39,A141,A153,1,A174,2,A192,A201,1,0,0,294693.0,USA
A12,15,A33,A45,1633.0,A64,A73,3,A94,A101,3,A122,61,A142,A152,2,A173,1,A191,A201,2,1,0,214665.0,USA
A12,30,A32,A43,3736.0,A65,A75,2,A92,A101,4,A123,25,A143,A152,1,A173,1,A191,A201,1,0,1,265106.0,USA
A14,24,A32,A43,1686.0,A62,A74,4,A94,A101,3,A122,26,A143,A152,1,A173,1,A192,A201,1,0,0,242794.0,USA
A11,48,A32,A43,7627.0,A61,A73,3,A92,A101,2,A123,31,A143,A152,1,A173,1,A192,A201,2,1,0,814429.0,USA
A12,24,A31,A46,2343.0,A61,A74,4,A92,A101,4,A124,34,A141,A153,1,A172,1,A191,A201,2,0,0,199098.0,USA
A14,12,A32,A43,1617.0,A61,A72,4,A92,A101,3,A123,34,A143,A152,1,A173,2,A191,A201,1,0,0,122582.0,USA
A14,24,A32,A41,3629.0,A62,A74,3,A92,A101,4,A123,23,A143,A152,1,A173,1,A191,A201,1,0,0,374063.0,USA
A12,30,A33,A43,2603.0,A62,A72,4,A93,A101,3,A124,30,A142,A152,2,A174,1,A191,A201,2,1,1,192008.0,USA
A12,48,A30,A49,14087.0,A65,A73,2,A93,A101,2,A123,48,A141,A152,1,A174,1,A192,A201,1,0,0,1815283.0,USA
A14,15,A32,A41,3596.0,A61,A74,2,A93,A101,2,A123,33,A143,A152,1,A173,1,A191,A201,1,0,0,245852.0,USA
A11,12,A32,A42,909.0,A61,A73,2,A93,A103,3,A122,38,A143,A152,1,A172,2,A191,A201,1,0,0,101497.0,USA
A14,60,A32,A40,12872.0,A61,A75,2,A93,A101,4,A122,42,A143,A152,1,A174,1,A192,A201,1,0,0,825896.0,USA
A11,24,A31,A42,3757.0,A63,A72,4,A93,A101,4,A124,30,A143,A153,1,A173,2,A192,A201,2,1,0,449540.0,USA
A14,15,A32,A41,3822.0,A61,A74,2,A93,A101,2,A123,33,A143,A152,1,A173,1,A191,A201,1,0,1,293845.0,USA
A11,18,A34,A43,1923.0,A61,A74,4,A94,A101,1,A122,32,A143,A152,2,A174,1,A192,A201,1,0,0,132990.0,USA
A14,21,A33,A42,1741.0,A62,A74,4,A93,A101,3,A121,34,A143,A152,2,A174,1,A191,A201,1,0,0,252428.0,USA
A14,18,A32,A43,1595.0,A61,A72,3,A92,A101,1,A121,26,A143,A152,1,A173,1,A191,A201,1,0,0,179379.0,USA
A14,12,A34,A43,873.0,A65,A75,4,A92,A101,3,A122,33,A141,A152,1,A172,2,A191,A201,2,1,0,125619.0,USA
A14,24,A33,A40,852.0,A65,A75,4,A94,A101,4,A123,54,A143,A152,2,A173,1,A192,A201,1,0,0,114167.0,USA
A14,24,A34,A49,4729.0,A61,A73,3,A93,A101,2,A121,74,A143,A152,1,A174,1,A192,A201,1,0,0,382919.0,USA
A12,48,A34,A42,5283.0,A61,A73,2,A92,A101,3,A123,30,A143,A152,1,A174,1,A192,A201,2,1,0,352153.0,USA
A14,12,A32,A40,1974.0,A61,A75,4,A93,A101,4,A123,39,A143,A152,1,A174,1,A192,A201,1,0,0,211267.0,USA
A11,21,A34,A40,2166.0,A61,A75,4,A94,A101,3,A123,30,A143,A152,2,A173,1,A192,A201,1,0,0,261368.0,USA
A14,24,A34,A49,4945.0,A62,A73,3,A93,A101,3,A122,27,A143,A152,2,A172,1,A192,A201,1,0,0,492566.0,USA
A14,36,A34,A41,6473.0,A64,A75,4,A93,A101,2,A123,38,A143,A152,2,A174,1,A192,A201,1,0,0,922426.0,USA
A14,48,A34,A40,12369.0,A63,A73,2,A93,A101,2,A124,44,A141,A153,1,A173,1,A191,A201,2,1,0,1212026.0,USA
A14,6,A34,A43,1507.0,A61,A73,1,A92,A101,1,A123,28,A143,A152,2,A173,1,A192,A201,1,0,0,222513.0,USA
A14,18,A32,A45,2517.0,A61,A72,4,A92,A101,4,A121,23,A143,A152,1,A173,1,A191,A201,2,1,1,320605.0,USA
A11,12,A34,A41,1875.0,A61,A75,4,A93,A101,4,A124,66,A143,A153,2,A174,1,A191,A201,1,0,0,212306.0,USA
A14,24,A34,A43,2861.0,A62,A75,4,A93,A101,4,A122,52,A141,A152,2,A173,1,A191,A201,1,0,0,265196.0,USA
A11,9,A32,A43,1462.0,A61,A74,3,A93,A101,4,A121,59,A143,A152,1,A173,1,A191,A201,1,0,0,93662.0,USA
A14,18,A34,A46,2395.0,A62,A73,4,A92,A101,2,A121,30,A143,A152,2,A173,1,A191,A201,2,1,0,274172.0,USA
A11,24,A32,A42,3391.0,A61,A72,4,A93,A101,1,A124,22,A141,A153,1,A173,1,A191,A201,1,0,1,259160.0,USA
A11,12,A32,A42,1703.0,A61,A73,2,A92,A101,4,A123,20,A143,A151,1,A173,1,A191,A201,2,1,0,224549.0,USA
A11,36,A32,A42,3636.0,A61,A75,4,A93,A101,2,A123,42,A143,A152,1,A173,2,A191,A201,2,1,1,271710.0,USA
A11,12,A31,A48,398.0,A61,A75,4,A94,A101,1,A123,45,A141,A152,1,A172,1,A191,A201,1,0,0,50472.0,USA
A14,36,A33,A41,10515.0,A65,A74,3,A93,A101,2,A123,31,A142,A152,1,A174,2,A192,A201,1,0,0,1136110.0,USA
A14,12,A32,A40,1670.0,A63,A73,2,A92,A101,2,A122,26,A143,A152,1,A173,1,A191,A201,2,1,0,124523.0,USA
A14,6,A34,A43,909.0,A65,A75,4,A93,A101,4,A124,36,A143,A153,2,A173,1,A191,A201,1,0,0,91591.0,USA
A12,12,A34,A40,2214.0,A62,A72,4,A93,A101,1,A123,27,A143,A152,1,A173,1,A191,A201,1,0,0,151214.0,USA
A14,10,A32,A40,1844.0,A61,A73,2,A92,A101,4,A123,64,A143,A152,1,A173,1,A192,A201,1,0,1,211686.0,USA
A14,24,A34,A45,5658.0,A61,A75,3,A93,A101,4,A124,44,A143,A153,2,A173,1,A191,A201,1,0,0,625069.0,USA
A11,18,A34,A40,5493.0,A61,A75,2,A93,A101,4,A124,36,A143,A153,3,A174,1,A192,A201,1,0,0,760712.0,USA
A11,39,A34,A42,18669.0,A65,A74,4,A93,A101,4,A122,30,A143,A152,2,A174,1,A192,A201,1,0,0,1444332.0,USA
A11,8,A34,A40,882.0,A61,A75,4,A93,A101,4,A121,47,A143,A152,2,A172,1,A191,A201,1,0,0,130124.0,USA
A14,18,A34,A43,2764.0,A61,A73,2,A92,A101,1,A123,25,A143,A152,2,A173,1,A191,A201,1,0,1,249209.0,USA
A14,27,A32,A45,6980.0,A65,A75,4,A93,A101,4,A122,48,A143,A152,4,A173,2,A192,A201,1,0,1,564629.0,USA
A14,48,A34,A41,15534.0,A62,A73,2,A92,A101,4,A123,24,A141,A151,2,A172,1,A191,A201,2,1,0,1312947.0,USA
A14,36,A32,A42,12677.0,A61,A71,4,A92,A101,2,A123,26,A143,A152,2,A174,1,A192,A201,2,1,0,992228.0,USA
A12,24,A34,A43,1399.0,A62,A72,4,A93,A101,4,A124,38,A141,A152,2,A173,2,A191,A201,2,1,0,174824.0,USA
A14,18,A34,A43,1285.0,A64,A73,4,A93,A101,3,A121,46,A143,A152,2,A173,1,A191,A201,1,0,0,183164.0,USA
A14,60,A32,A40,8649.0,A65,A73,4,A93,A101,4,A124,34,A143,A153,1,A173,2,A192,A201,1,0,0,1186784.0,USA
A14,36,A34,A41,7742.0,A64,A75,4,A93,A101,2,A123,38,A143,A152,2,A174,1,A192,A201,1,0,0,922632.0,USA
A14,15,A31,A43,1986.0,A62,A75,4,A93,A101,4,A123,34,A141,A152,1,A172,2,A191,A201,1,0,0,247947.0,USA
A11,12,A34,A40,5717.0,A61,A75,3,A93,A102,4,A122,43,A143,A151,2,A173,1,A192,A201,2,1,1,720534.0,USA
A12,18,A32,A43,1752.0,A61,A75,4,A94,A103,2,A121,32,A143,A152,1,A172,1,A191,A201,1,0,0,240300.0,USA
A11,18,A32,A43,1927.0,A61,A73,4,A92,A101,4,A123,25,A141,A151,2,A173,1,A191,A201,2,1,0,250278.0,USA
A14,6,A34,A40,9276.0,A61,A74,1,A93,A101,3,A124,45,A143,A152,2,A174,2,A192,A201,1,0,0,1364296.0,USA
A11,18,A31,A42,1857.0,A61,A73,4,A93,A101,3,A123,44,A141,A152,1,A173,1,A191,A201,2,1,0,178441.0,USA
A12,12,A32,A43,1688.0,A61,A73,1,A92,A101,1,A123,22,A143,A152,1,A173,1,A192,A201,1,0,0,176856.0,USA
A11,12,A32,A43,1322.0,A61,A73,2,A93,A101,2,A121,20,A143,A151,1,A174,2,A192,A201,1,0,1,135294.0,USA
A11,12,A32,A43,851.0,A61,A75,4,A93,A101,4,A121,57,A142,A152,1,A172,1,A191,A201,2,1,0,84220.0,USA
A11,6,A34,A40,5916.0,A65,A72,1,A93,A101,3,A121,44,A143,A152,2,A172,2,A191,A201,1,0,0,883161.0,USA
A11,48,A34,A41,7488.0,A61,A75,4,A92,A101,4,A124,58,A142,A153,2,A172,1,A191,A201,2,1,0,758661.0,USA
A14,12,A32,A42,1215.0,A63,A73,4,A92,A101,4,A123,29,A143,A151,1,A172,1,A191,A201,2,1,0,117635.0,USA
A11,24,A32,A42,4868.0,A61,A73,4,A93,A101,4,A122,28,A143,A152,1,A173,1,A191,A201,1,0,0,335714.0,USA
A11,6,A31,A46,1603.0,A61,A75,4,A92,A101,4,A124,35,A143,A153,1,A173,1,A191,A201,2,1,0,207694.0,USA
A11,36,A34,A42,8278.0,A61,A72,4,A92,A102,4,A124,23,A143,A151,2,A172,1,A192,A201,2,1,0,1159814.0,USA
A11,18,A32,A42,4694.0,A61,A73,2,A93,A102,3,A123,42,A143,A152,1,A173,1,A191,A201,2,1,0,496373.0,USA
A14,12,A32,A40,2551.0,A61,A75,4,A93,A101,4,A123,39,A143,A152,1,A174,1,A192,A201,1,0,0,325418.0,USA
A12,15,A33,A45,1914.0,A64,A73,3,A94,A101,3,A122,61,A142,A152,2,A173,1,A191,A201,2,1,0,265198.0,USA
A14,12,A34,A43,838.0,A65,A75,4,A92,A101,3,A122,33,A141,A152,1,A172,2,A191,A201,2,1,0,52610.0,USA
A12,11,A32,A42,2108.0,A64,A72,4,A92,A101,1,A121,20,A143,A152,1,A173,1,A191,A201,1,0,0,128921.0,USA
A12,12,A32,A40,1081.0,A62,A72,4,A92,A101,2,A122,23,A141,A152,1,A172,1,A191,A201,2,1,0,124220.0,USA
A14,12,A34,A46,4285.0,A65,A72,2,A93,A101,1,A122,37,A143,A152,2,A172,2,A191,A201,1,0,0,513987.0,USA
A11,24,A34,A41,8982.0,A61,A71,2,A93,A101,4,A124,75,A143,A153,2,A174,1,A192,A201,1,0,0,706468.0,USA
A11,12,A32,A42,1939.0,A61,A73,2,A93,A101,2,A121,27,A143,A152,1,A173,1,A191,A201,1,0,0,249265.0,USA
A11,12,A32,A43,791.0,A62,A72,4,A94,A101,3,A124,33,A143,A152,1,A172,1,A192,A201,2,1,1,106178.0,USA
A11,12,A32,A40,960.0,A65,A73,4,A94,A101,2,A123,23,A143,A152,1,A173,1,A191,A201,2,1,0,91737.0,USA
A14,24,A32,A40,1662.0,A62,A72,4,A94,A101,3,A121,33,A143,A152,1,A173,1,A192,A201,1,0,0,108690.0,USA
A14,21,A34,A40,13795.0,A65,A75,4,A93,A101,4,A124,30,A143,A153,1,A174,1,A192,A201,2,1,0,1657986.0,USA
A11,18,A32,A42,2589.0,A61,A73,2,A93,A101,2,A123,22,A143,A152,1,A173,1,A191,A201,2,1,0,353829.0,USA
A11,24,A32,A40,1711.0,A65,A74,4,A92,A101,4,A124,32,A143,A151,1,A173,1,A191,A201,2,1,0,116573.0,USA
A11,10,A34,A40,2603.0,A61,A72,1,A93,A101,3,A121,48,A143,A151,2,A172,2,A191,A202,1,0,0,254100.0,USA
A14,24,A34,A43,2643.0,A62,A75,4,A93,A101,4,A122,52,A141,A152,2,A173,1,A191,A201,1,0,0,185186.0,USA
A12,48,A32,A410,6392.0,A65,A71,3,A93,A101,4,A124,40,A141,A153,1,A171,1,A192,A201,1,0,1,664353.0,USA
A14,9,A32,A49,1748.0,A61,A74,3,A92,A101,2,A123,27,A143,A152,2,A173,1,A191,A201,1,0,1,258779.0,USA
A12,24,A33,A42,2587.0,A65,A72,4,A93,A101,2,A122,29,A141,A152,1,A172,1,A191,A201,1,0,0,288632.0,USA
A11,12,A31,A40,741.0,A61,A72,4,A93,A101,2,A123,46,A141,A152,2,A173,1,A192,A201,2,1,0,71736.0,USA
A14,30,A34,A41,8531.0,A65,A75,1,A93,A101,4,A123,63,A143,A152,2,A173,1,A191,A201,1,0,0,1110169.0,USA
A14,24,A32,A43,1846.0,A61,A74,3,A93,A101,1,A123,32,A141,A152,1,A173,2,A191,A201,1,0,0,128016.0,USA
A12,30,A32,A42,3732.0,A62,A73,2,A92,A102,4,A123,21,A143,A151,1,A173,1,A191,A201,2,1,0,513258.0,USA
A14,18,A32,A42,2218.0,A61,A73,4,A93,A101,4,A124,47,A141,A153,2,A173,1,A191,A201,1,0,0,240970.0,USA
A12,6,A32,A43,793.0,A61,A72,3,A94,A101,3,A121,26,A143,A152,1,A172,1,A191,A202,1,0,0,86627.0,USA
A14,12,A32,A43,1175.0,A65,A73,4,A92,A101,2,A123,21,A143,A152,1,A173,1,A191,A201,1,0,0,127523.0,USA
A12,24,A32,A43,2417.0,A61,A72,1,A94,A101,1,A122,22,A143,A152,1,A173,1,A192,A201,2,1,0,304935.0,USA
A14,6,A34,A40,2794.0,A63,A73,1,A94,A101,2,A123,24,A143,A152,1,A173,1,A191,A201,1,0,0,288386.0,USA
A14,12,A34,A43,1051.0,A65,A75,4,A92,A101,3,A122,33,A141,A152,1,A172,2,A191,A201,2,1,0,68870.0,USA
A12,18,A34,A42,1643.0,A61,A72,4,A92,A101,1,A122,27,A143,A152,2,A173,1,A191,A201,1,0,0,240648.0,USA
A11,12,A32,A42,3400.0,A61,A73,2,A91,A101,1,A123,42,A143,A152,1,A173,1,A191,A201,1,0,0,321514.0,USA
A11,15,A32,A43,1162.0,A61,A72,4,A94,A101,2,A121,27,A143,A152,1,A173,1,A191,A202,1,0,0,149035.0,USA
A14,4,A34,A40,4293.0,A61,A74,1,A92,A101,1,A121,37,A143,A152,1,A173,2,A191,A201,1,0,1,334658.0,USA
A13,4,A32,A40,1696.0,A65,A72,1,A93,A101,2,A121,29,A143,A152,1,A172,2,A191,A202,1,0,0,214876.0,USA
A14,15,A34,A42,3282.0,A61,A74,2,A92,A102,3,A123,24,A141,A152,2,A173,1,A191,A201,1,0,1,335397.0,USA
A14,30,A32,A43,1937.0,A65,A75,4,A93,A101,4,A123,58,A143,A152,1,A173,1,A192,A201,1,0,0,132464.0,USA
A14,12,A34,A49,1766.0,A61,A73,4,A92,A103,2,A121,29,A143,A152,2,A174,1,A192,A201,1,0,1,187993.0,USA
A13,21,A34,A46,2741.0,A61,A72,2,A91,A101,1,A123,33,A143,A151,1,A173,1,A191,A201,2,1,0,208188.0,USA
A11,12,A34,A40,5700.0,A61,A75,3,A93,A102,4,A122,43,A143,A151,2,A173,1,A192,A201,2,1,0,656750.0,USA
A12,12,A34,A42,3935.0,A61,A75,1,A93,A101,4,A123,28,A143,A151,3,A173,1,A192,A201,1,0,0,558539.0,USA
A11,10,A34,A40,1241.0,A61,A74,4,A93,A102,3,A122,49,A143,A152,2,A173,1,A192,A201,1,0,0,134091.0,USA
A11,36,A32,A46,2290.0,A65,A75,4,A93,A101,4,A124,40,A143,A152,1,A174,1,A192,A201,2,1,1,258873.0,USA
A11,36,A32,A40,10766.0,A61,A74,2,A93,A101,1,A123,24,A143,A152,1,A173,1,A192,A201,2,1,0,704934.0,USA
A12,12,A34,A43,3998.0,A61,A73,1,A92,A101,1,A121,23,A143,A152,1,A172,1,A191,A201,1,0,0,341048.0,USA
A11,10,A34,A40,1417.0,A61,A74,4,A93,A102,3,A122,49,A143,A152,2,A173,1,A192,A201,1,0,0,191427.0,USA
A12,18,A32,A49,5848.0,A61,A75,1,A93,A102,1,A121,33,A141,A152,1,A174,1,A192,A201,1,0,0,466776.0,USA
A14,6,A32,A42,1805.0,A64,A73,4,A91,A101,2,A121,33,A143,A152,1,A173,1,A191,A201,1,0,0,207631.0,USA
A14,10,A32,A42,2664.0,A61,A73,2,A93,A101,2,A121,25,A141,A151,1,A172,1,A191,A201,2,1,1,310348.0,USA
A11,24,A34,A41,8555.0,A61,A75,2,A92,A101,4,A124,44,A143,A153,2,A174,2,A192,A201,1,0,0,956683.0,USA
A11,12,A32,A40,3776.0,A64,A73,1,A93,A101,3,A122,31,A143,A152,1,A173,2,A191,A201,1,0,0,261423.0,USA
A11,24,A32,A42,3977.0,A61,A73,2,A91,A101,2,A121,24,A143,A151,1,A172,1,A191,A201,1,0,0,287057.0,USA
A12,24,A33,A42,2551.0,A65,A72,4,A93,A101,2,A122,29,A141,A152,1,A172,1,A191,A201,1,0,1,151600.0,USA
A14,6,A30,A43,482.0,A61,A75,4,A94,A101,4,A123,39,A143,A152,1,A172,1,A191,A201,1,0,0,64592.0,USA
A12,18,A34,A42,4959.0,A61,A75,3,A92,A101,4,A122,37,A143,A152,1,A173,1,A192,A201,1,0,0,660885.0,USA
A12,10,A31,A43,1383.0,A61,A73,4,A93,A101,4,A121,23,A142,A152,1,A172,1,A191,A201,1,0,1,139075.0,USA
A14,15,A34,A41,3525.0,A64,A75,3,A93,A101,4,A124,23,A143,A151,2,A173,1,A192,A201,1,0,0,399686.0,USA
A14,12,A32,A41,5997.0,A65,A72,1,A92,A101,4,A123,20,A143,A151,1,A173,1,A191,A201,1,0,0,355301.0,USA
A12,18,A32,A43,3863.0,A63,A72,1,A94,A101,3,A121,25,A143,A151,1,A173,1,A191,A201,1,0,1,238911.0,USA
A13,6,A34,A40,1703.0,A61,A75,1,A93,A101,4,A121,46,A143,A152,2,A173,2,A191,A202,1,0,0,230778.0,USA
A12,18,A34,A49,4736.0,A61,A71,3,A94,A101,3,A123,40,A143,A152,3,A171,2,A192,A201,1,0,0,689568.0,USA
A11,6,A34,A43,1370.0,A65,A75,4,A93,A101,4,A121,67,A143,A152,2,A173,1,A192,A201,1,0,0,166913.0,USA
A11,24,A33,A43,1123.0,A61,A72,4,A94,A101,4,A121,48,A142,A152,1,A173,1,A191,A201,2,1,0,159216.0,USA
A14,12,A32,A42,1482.0,A63,A73,4,A92,A101,4,A123,29,A143,A151,1,A172,1,A191,A201,2,1,0,195811.0,USA
A14,24,A34,A43,2920.0,A61,A75,4,A94,A102,3,A121,46,A143,A152,2,A173,1,A191,A201,1,0,0,354740.0,USA
A11,27,A32,A43,4108.0,A61,A73,3,A93,A101,2,A123,27,A143,A152,1,A174,1,A191,A201,1,0,0,364367.0,USA
A14,24,A32,A42,3810.0,A63,A75,3,A93,A101,4,A122,53,A143,A152,1,A173,1,A191,A201,1,0,0,337200.0,USA
A12,36,A32,A43,3214.0,A62,A73,4,A92,A102,4,A124,50,A143,A153,1,A173,1,A191,A201,2,0,0,356059.0,USA
A11,18,A32,A42,5117.0,A61,A73,2,A93,A102,3,A123,42,A143,A152,1,A173,1,A191,A201,2,1,0,398805.0,USA
A14,24,A32,A49,4806.0,A64,A73,2,A93,A101,3,A122,54,A143,A152,3,A174,1,A192,A201,2,1,1,281713.0,USA
A12,18,A34,A43,1661.0,A61,A73,4,A94,A101,2,A123,33,A143,A152,1,A173,1,A191,A201,2,1,0,111934.0,USA
A12,8,A32,A49,947.0,A61,A72,3,A94,A101,2,A121,26,A143,A152,1,A173,1,A192,A201,1,0,1,118550.0,USA
A14,28,A34,A43,3329.0,A61,A75,4,A93,A101,2,A123,29,A143,A152,2,A173,1,A191,A201,1,0,0,272541.0,USA
A13,36,A32,A43,4768.0,A61,A73,4,A93,A101,2,A123,26,A143,A152,1,A173,1,A191,A201,2,1,1,287819.0,USA
A11,18,A32,A42,5420.0,A61,A73,2,A93,A102,3,A123,42,A143,A152,1,A173,1,A191,A201,2,1,1,649945.0,USA
A11,30,A32,A43,3265.0,A61,A75,1,A93,A103,3,A122,39,A143,A152,1,A173,2,A191,A201,1,0,1,243792.0,USA
A12,9,A34,A43,1451.0,A61,A75,2,A93,A101,4,A121,37,A143,A152,3,A172,1,A191,A201,1,0,1,104998.0,USA
A14,60,A32,A40,8899.0,A65,A73,4,A93,A101,4,A124,34,A143,A153,1,A173,2,A192,A201,1,0,0,625709.0,USA
A11,24,A34,A41,8779.0,A61,A75,2,A92,A101,4,A124,44,A143,A153,2,A174,2,A192,A201,1,0,1,799922.0,USA
A14,18,A32,A49,2580.0,A61,A74,4,A93,A101,1,A123,34,A142,A152,2,A173,1,A192,A201,1,0,0,374531.0,USA
A14,18,A34,A43,3047.0,A61,A73,2,A92,A101,1,A123,25,A143,A152,2,A173,1,A191,A201,1,0,0,372877.0,USA
A14,21,A32,A41,7114.0,A65,A73,1,A93,A101,3,A123,26,A143,A152,1,A173,1,A191,A201,1,0,0,691335.0,USA
A11,9,A32,A42,2793.0,A61,A73,3,A93,A101,2,A121,25,A143,A152,1,A173,1,A191,A201,1,0,0,275458.0,USA
A14,12,A34,A43,849.0,A61,A75,4,A93,A101,4,A121,52,A143,A152,3,A173,1,A191,A201,1,0,1,80812.0,USA
A14,6,A32,A43,1681.0,A62,A75,2,A93,A101,4,A124,42,A141,A153,1,A173,2,A192,A201,1,0,0,190954.0,USA
A12,9,A32,A43,1363.0,A61,A75,4,A93,A101,4,A123,27,A143,A152,2,A172,1,A191,A201,1,0,0,156346.0,USA
A14,21,A33,A42,1978.0,A62,A74,4,A93,A101,3,A121,34,A143,A152,2,A174,1,A191,A201,1,0,0,272631.0,USA
A11,6,A34,A42,4160.0,A61,A73,1,A91,A101,4,A121,44,A143,A151,1,A174,1,A192,A201,2,1,0,595533.0,USA
A14,18,A30,A49,4945.0,A61,A73,2,A93,A101,2,A123,36,A142,A152,2,A173,2,A191,A201,2,1,0,328668.0,USA
A11,12,A32,A42,2207.0,A61,A73,2,A93,A101,2,A121,27,A143,A152,1,A173,1,A191,A201,1,0,1,189739.0,USA
A12,12,A34,A40,1150.0,A61,A74,2,A93,A101,3,A121,47,A143,A152,2,A172,2,A191,A201,1,0,1,102732.0,USA
A14,4,A34,A40,3536.0,A61,A74,1,A92,A101,1,A121,37,A143,A152,1,A173,2,A191,A201,1,0,0,468072.0,USA
A12,15,A31,A40,1422.0,A62,A73,2,A94,A101,2,A122,25,A143,A151,1,A173,1,A191,A201,2,1,0,86691.0,USA
A12,12,A32,A49,1419.0,A62,A74,3,A93,A101,4,A121,39,A143,A152,1,A172,1,A191,A201,1,0,0,205226.0,USA
A12,12,A32,A40,2539.0,A61,A74,3,A93,A101,4,A122,30,A143,A151,1,A173,2,A192,A201,1,0,0,264490.0,USA
A14,18,A32,A43,1419.0,A65,A72,4,A92,A101,2,A121,21,A143,A151,1,A173,1,A192,A201,1,0,0,99047.0,USA
A13,15,A32,A49,3134.0,A61,A74,2,A93,A101,4,A122,26,A143,A151,1,A173,1,A192,A201,1,0,0,248033.0,USA
A12,7,A32,A43,2749.0,A61,A72,1,A92,A103,1,A121,45,A143,A152,1,A173,1,A191,A201,1,0,0,241814.0,USA
A14,18,A32,A40,2029.0,A61,A73,2,A94,A101,2,A122,30,A143,A152,1,A174,1,A192,A201,1,0,0,237815.0,USA
A11,12,A32,A43,903.0,A62,A74,4,A94,A101,1,A122,20,A143,A152,1,A173,1,A191,A201,2,0,0,54854.0,USA
A12,27,A30,A49,10053.0,A61,A75,2,A92,A101,4,A124,42,A143,A153,2,A174,1,A192,A201,2,1,1,1063602.0,USA
A11,18,A32,A40,2878.0,A62,A74,4,A93,A101,3,A123,30,A143,A152,1,A174,2,A192,A201,1,0,0,371440.0,USA
A14,24,A32,A43,3413.0,A63,A75,3,A91,A101,2,A123,26,A143,A152,1,A174,1,A192,A201,1,0,0,234108.0,USA
A11,9,A32,A43,1829.0,A61,A72,3,A92,A101,4,A122,22,A143,A151,1,A173,1,A191,A201,2,1,1,144089.0,USA
A14,15,A34,A42,4314.0,A61,A73,4,A93,A101,2,A124,28,A143,A153,1,A173,1,A192,A201,1,0,0,302094.0,USA
A14,36,A32,A46,10938.0,A65,A73,2,A93,A101,4,A124,35,A143,A153,1,A172,2,A192,A201,1,0,0,966151.0,USA
A14,12,A32,A41,1478.0,A64,A74,3,A93,A101,2,A122,55,A143,A152,1,A173,1,A191,A202,1,0,0,88533.0,USA
A12,36,A30,A43,4011.0,A61,A73,4,A92,A101,1,A123,42,A143,A152,1,A173,1,A192,A201,2,1,0,581350.0,USA
A14,42,A32,A43,8078.0,A65,A74,2,A94,A101,4,A122,29,A143,A151,1,A173,1,A192,A201,1,0,0,670024.0,USA
A13,24,A34,A43,4223.0,A65,A73,3,A93,A101,2,A123,31,A143,A152,2,A173,1,A192,A201,1,0,0,408297.0,USA
A11,15,A32,A40,1944.0,A61,A72,2,A93,A101,3,A121,36,A143,A152,1,A173,1,A191,A201,1,0,0,164233.0,USA
A14,12,A34,A40,1469.0,A63,A73,4,A93,A101,4,A121,44,A143,A152,1,A173,1,A192,A201,1,0,0,219587.0,USA
A14,18,A32,A45,2637.0,A61,A72,4,A92,A101,4,A121,23,A143,A152,1,A173,1,A191,A201,2,1,0,236665.0,USA
A12,15,A32,A43,1547.0,A65,A72,4,A93,A101,1,A122,23,A143,A152,1,A173,1,A191,A201,1,0,0,136723.0,USA
A11,12,A32,A43,842.0,A61,A75,4,A93,A101,4,A121,57,A142,A152,1,A172,1,A191,A201,2,1,0,119179.0,USA
A14,24,A34,A42,5632.0,A61,A75,4,A93,A101,4,A123,33,A143,A152,1,A173,1,A192,A201,1,0,0,757207.0,USA
A11,24,A32,A410,1925.0,A61,A75,4,A92,A103,4,A121,58,A143,A152,1,A172,1,A192,A201,1,0,1,161829.0,USA
A12,8,A32,A49,1205.0,A61,A72,3,A94,A101,2,A121,26,A143,A152,1,A173,1,A192,A201,1,0,0,74788.0,USA
A12,48,A32,A43,6567.0,A61,A73,2,A92,A101,2,A121,22,A143,A152,1,A173,1,A191,A201,2,1,1,420770.0,USA
A11,24,A33,A43,1312.0,A61,A72,4,A94,A101,4,A121,48,A142,A152,1,A173,1,A191,A201,2,1,1,140137.0,USA
A11,24,A32,A43,2284.0,A61,A73,2,A93,A101,4,A121,21,A143,A151,1,A172,2,A191,A201,2,1,0,294675.0,USA
A12,36,A32,A45,2585.0,A61,A72,4,A93,A101,1,A124,33,A143,A151,1,A172,1,A191,A201,2,1,0,258951.0,USA
A13,24,A32,A42,3834.0,A61,A75,3,A91,A101,4,A124,51,A143,A153,1,A173,1,A191,A201,1,0,0,473019.0,USA
A11,36,A34,A42,2603.0,A61,A73,3,A94,A101,2,A122,46,A143,A152,2,A173,1,A192,A201,1,0,0,330050.0,USA
A12,36,A32,A41,8587.0,A61,A73,2,A93,A101,2,A123,35,A143,A151,1,A174,1,A192,A201,1,0,0,1065752.0,USA
A12,18,A32,A46,1704.0,A65,A73,4,A93,A101,4,A124,61,A143,A153,1,A173,1,A191,A201,1,0,0,112965.0,USA
A11,42,A32,A43,5088.0,A61,A72,4,A93,A101,3,A123,34,A143,A152,1,A173,1,A191,A201,2,1,0,747013.0,USA
A14,18,A32,A42,2090.0,A61,A72,4,A94,A102,1,A122,43,A143,A152,1,A172,2,A191,A201,2,1,0,272830.0,USA
A12,15,A34,A49,3030.0,A63,A73,2,A93,A101,4,A123,27,A141,A152,1,A173,1,A191,A201,1,0,1,326104.0,USA
A11,12,A32,A42,2959.0,A61,A71,3,A92,A101,4,A124,55,A143,A153,1,A174,1,A191,A201,1,0,0,341359.0,USA
A14,24,A32,A41,2927.0,A61,A72,4,A92,A101,1,A124,29,A143,A152,1,A174,1,A192,A201,1,0,0,245797.0,USA
A11,48,A31,A49,10559.0,A61,A74,2,A92,A103,4,A123,37,A143,A151,1,A173,1,A191,A201,2,1,0,1287189.0,USA
A14,12,A32,A42,857.0,A61,A73,4,A92,A101,1,A121,26,A143,A152,1,A173,1,A192,A201,1,0,1,73462.0,USA
A14,18,A34,A40,3393.0,A61,A74,2,A93,A101,2,A122,31,A141,A152,2,A173,1,A191,A201,2,1,0,486376.0,USA
A11,18,A32,A42,3787.0,A61,A72,1,A92,A101,4,A123,22,A143,A151,1,A173,1,A191,A201,1,0,0,327553.0,USA
A14,24,A34,A49,5877.0,A61,A73,3,A93,A101,2,A121,74,A143,A152,1,A174,1,A192,A201,1,0,0,625383.0,USA
A12,36,A32,A43,4940.0,A61,A72,4,A92,A101,1,A124,30,A143,A152,1,A174,1,A192,A201,1,0,0,664931.0,USA
A12,36,A32,A42,9685.0,A62,A72,4,A93,A102,1,A124,29,A143,A151,1,A174,1,A192,A201,2,1,0,1288332.0,USA
A14,24,A33,A49,2847.0,A63,A73,4,A93,A101,2,A123,44,A143,A152,2,A173,2,A192,A201,1,0,0,398584.0,USA
A12,12,A32,A43,1443.0,A61,A74,4,A93,A103,3,A121,29,A143,A152,2,A173,1,A191,A202,1,0,0,198078.0,USA
A14,36,A32,A42,13940.0,A61,A71,4,A92,A101,2,A123,26,A143,A152,2,A174,1,A192,A201,2,1,0,1917229.0,USA
A12,12,A32,A42,3575.0,A61,A72,3,A92,A101,1,A121,34,A143,A151,1,A174,1,A191,A201,1,0,0,220952.0,USA
A12,18,A30,A42,4161.0,A61,A73,1,A92,A101,4,A123,33,A141,A152,2,A173,1,A192,A201,1,0,1,376591.0,USA
A13,24,A32,A42,4853.0,A61,A72,2,A92,A101,4,A123,26,A143,A152,1,A173,1,A191,A201,1,0,0,441096.0,USA
A14,12,A34,A49,1334.0,A61,A73,3,A92,A101,2,A121,27,A143,A152,2,A173,1,A191,A201,1,0,0,138456.0,USA
A12,15,A31,A40,1715.0,A62,A73,2,A94,A101,2,A122,25,A143,A151,1,A173,1,A191,A201,2,1,1,186183.0,USA
A12,39,A34,A43,5995.0,A61,A74,2,A93,A103,2,A121,25,A143,A152,2,A173,1,A191,A201,2,1,1,828407.0,USA
A13,24,A34,A42,4591.0,A65,A75,4,A93,A102,4,A124,20,A143,A151,2,A173,1,A191,A201,1,0,1,463558.0,USA
A11,12,A32,A42,2134.0,A61,A73,2,A92,A102,3,A122,30,A143,A152,1,A173,1,A191,A201,1,0,0,259293.0,USA
A11,24,A32,A41,4009.0,A61,A73,3,A93,A103,4,A124,63,A141,A152,1,A173,2,A192,A201,1,0,0,293260.0,USA
A14,24,A32,A43,1289.0,A65,A75,4,A93,A101,2,A123,25,A143,A152,2,A173,1,A191,A201,1,0,0,161666.0,USA
A12,7,A32,A43,2889.0,A61,A73,2,A93,A103,2,A121,35,A143,A152,1,A173,1,A191,A201,1,0,0,204227.0,USA
A11,36,A31,A42,3620.0,A61,A75,4,A93,A101,4,A123,31,A141,A152,1,A173,1,A191,A201,2,1,0,255780.0,USA
A12,48,A33,A49,7089.0,A65,A73,4,A93,A101,4,A124,38,A143,A153,1,A173,2,A192,A201,1,0,0,695479.0,USA
A13,12,A34,A40,1176.0,A63,A74,4,A94,A101,2,A121,28,A143,A152,3,A173,1,A192,A201,2,0,0,167332.0,USA
A12,48,A32,A410,6948.0,A65,A71,3,A93,A101,4,A124,40,A141,A153,1,A171,1,A192,A201,1,0,0,968889.0,USA
A14,28,A34,A43,2992.0,A61,A75,4,A93,A101,2,A123,29,A143,A152,2,A173,1,A191,A201,1,0,0,283271.0,EUROPE
A14,60,A32,A40,6189.0,A65,A73,4,A93,A101,4,A124,34,A143,A153,1,A173,2,A192,A201,1,0,0,572924.0,EUROPE
A12,12,A32,A42,2786.0,A65,A75,1,A92,A101,2,A122,25,A141,A152,1,A173,1,A192,A201,2,1,0,261481.0,EUROPE
A11,36,A32,A41,5936.0,A61,A75,2,A93,A101,4,A124,42,A143,A153,1,A173,2,A191,A201,1,0,0,616279.0,EUROPE
A11,21,A31,A40,1766.0,A65,A73,4,A93,A101,2,A122,40,A143,A152,2,A172,2,A191,A201,2,1,0,121923.0,EUROPE
A13,6,A34,A40,1393.0,A61,A73,1,A93,A101,1,A121,74,A143,A152,3,A171,2,A191,A202,1,0,1,89261.0,EUROPE
A12,30,A34,A40,2191.0,A65,A75,4,A93,A101,4,A121,36,A143,A152,2,A173,1,A191,A201,1,0,0,181809.0,EUROPE
A14,15,A33,A41,3682.0,A61,A72,1,A92,A101,2,A122,46,A143,A152,2,A172,1,A191,A201,1,0,0,345168.0,EUROPE
A14,24,A32,A41,2159.0,A61,A75,4,A93,A101,4,A123,35,A143,A152,1,A174,1,A192,A201,1,0,0,134035.0,EUROPE
A14,20,A34,A40,3693.0,A65,A72,2,A91,A101,4,A121,44,A143,A152,2,A173,1,A192,A201,1,0,1,212289.0,EUROPE
A14,12,A32,A43,1605.0,A61,A72,4,A92,A101,3,A123,34,A143,A152,1,A173,2,A191,A201,1,0,0,174425.0,EUROPE
A11,12,A34,A40,1800.0,A61,A73,4,A93,A101,4,A122,38,A141,A152,2,A172,1,A191,A202,1,0,0,132198.0,EUROPE
A11,6,A34,A43,286.0,A63,A75,4,A93,A101,4,A123,52,A143,A152,2,A173,1,A191,A201,1,0,0,20713.0,EUROPE
A12,30,A30,A49,4117.0,A61,A73,2,A92,A101,1,A123,28,A143,A152,2,A173,1,A191,A201,1,0,0,195971.0,EUROPE
A11,12,A31,A43,585.0,A61,A73,4,A92,A101,4,A121,24,A141,A152,1,A172,1,A191,A201,2,0,0,33426.0,EUROPE
A11,24,A32,A40,1913.0,A61,A75,4,A93,A102,1,A121,45,A143,A152,1,A173,1,A191,A201,2,0,0,139712.0,EUROPE
A14,15,A32,A41,4912.0,A61,A73,3,A93,A101,2,A123,30,A143,A152,1,A173,1,A192,A201,1,0,1,322368.0,EUROPE
A11,20,A34,A40,2008.0,A61,A73,4,A94,A103,2,A122,33,A141,A151,2,A173,1,A191,A202,2,1,1,221327.0,EUROPE
A14,15,A33,A42,939.0,A64,A74,3,A92,A101,2,A122,30,A143,A152,2,A173,1,A191,A201,1,0,0,71820.0,EUROPE
A11,9,A32,A43,1209.0,A61,A72,3,A92,A101,4,A122,22,A143,A151,1,A173,1,A191,A201,2,1,1,89424.0,EUROPE
A14,18,A32,A40,1712.0,A61,A73,2,A94,A101,2,A122,30,A143,A152,1,A174,1,A192,A201,1,0,0,107094.0,EUROPE
A11,36,A31,A42,2572.0,A61,A75,4,A93,A101,4,A123,31,A141,A152,1,A173,1,A191,A201,2,1,0,245031.0,EUROPE
A11,18,A33,A46,7023.0,A65,A73,1,A92,A101,2,A123,23,A143,A151,2,A173,1,A192,A201,1,0,1,459233.0,EUROPE
A12,27,A34,A43,2736.0,A63,A73,4,A93,A101,2,A122,23,A143,A152,2,A172,1,A191,A201,2,1,1,220486.0,EUROPE
A14,36,A32,A49,7378.0,A65,A75,3,A93,A101,2,A122,37,A143,A152,2,A173,1,A191,A201,1,0,0,352564.0,EUROPE
A14,24,A34,A43,1398.0,A64,A73,4,A92,A101,1,A121,43,A143,A152,2,A172,1,A191,A201,1,0,0,150977.0,EUROPE
A13,10,A32,A42,1209.0,A61,A72,4,A92,A101,2,A122,23,A143,A152,1,A173,1,A191,A201,1,0,0,118994.0,EUROPE
A12,30,A32,A42,3890.0,A61,A72,2,A94,A101,1,A122,22,A143,A152,1,A173,1,A191,A201,1,0,0,258576.0,EUROPE
A13,36,A32,A43,4218.0,A61,A75,4,A93,A101,2,A123,31,A143,A152,1,A173,1,A191,A201,1,0,0,297200.0,EUROPE
A14,12,A32,A42,1786.0,A61,A74,3,A92,A101,4,A121,31,A143,A152,1,A172,1,A191,A201,1,0,0,180595.0,EUROPE
A14,12,A32,A41,4053.0,A65,A72,1,A92,A101,4,A123,20,A143,A151,1,A173,1,A191,A201,1,0,1,308356.0,EUROPE
A12,24,A32,A42,4535.0,A65,A73,1,A92,A101,4,A122,48,A143,A152,1,A172,1,A192,A201,1,0,0,363079.0,EUROPE
A14,24,A32,A49,4413.0,A64,A73,2,A93,A101,3,A122,54,A143,A152,3,A174,1,A192,A201,2,1,1,367178.0,EUROPE
A11,12,A32,A41,3310.0,A61,A75,3,A93,A101,4,A124,35,A143,A153,1,A173,1,A192,A201,2,1,0,320072.0,EUROPE
A14,12,A32,A46,667.0,A61,A75,4,A93,A101,4,A123,41,A141,A152,1,A172,2,A191,A201,2,0,0,64360.0,EUROPE
A14,6,A34,A43,1468.0,A61,A73,1,A92,A101,1,A123,28,A143,A152,2,A173,1,A192,A201,1,0,0,126842.0,EUROPE
A14,12,A34,A40,1629.0,A61,A75,4,A93,A101,1,A121,38,A143,A152,2,A172,2,A191,A201,1,0,0,134710.0,EUROPE
A11,12,A32,A42,1669.0,A61,A73,2,A93,A101,2,A121,27,A143,A152,1,A173,1,A191,A201,1,0,0,149892.0,EUROPE
A11,12,A32,A42,668.0,A61,A73,2,A93,A103,3,A122,38,A143,A152,1,A172,2,A191,A201,1,0,0,63095.0,EUROPE
A11,18,A34,A40,3995.0,A61,A75,1,A92,A101,4,A121,33,A141,A151,3,A173,1,A192,A201,2,1,0,463352.0,EUROPE
A12,48,A33,A410,8139.0,A62,A71,2,A93,A101,4,A124,31,A143,A153,1,A174,1,A192,A201,1,0,0,388152.0,EUROPE
A12,12,A32,A42,844.0,A62,A72,4,A92,A101,4,A123,27,A141,A151,4,A173,1,A191,A201,2,1,0,63267.0,EUROPE
A14,18,A32,A43,1208.0,A61,A72,3,A92,A101,1,A121,26,A143,A152,1,A173,1,A191,A201,1,0,0,102166.0,EUROPE
A14,36,A34,A40,6098.0,A61,A75,4,A93,A101,4,A123,34,A143,A152,2,A174,1,A192,A201,1,0,0,569235.0,EUROPE
A14,48,A34,A41,9710.0,A62,A73,2,A92,A101,4,A123,24,A141,A151,2,A172,1,A191,A201,2,1,0,583576.0,EUROPE
A14,18,A34,A40,854.0,A61,A72,4,A92,A101,1,A122,30,A143,A152,2,A173,1,A191,A201,1,0,0,76378.0,EUROPE
A14,48,A34,A41,10207.0,A62,A73,2,A92,A101,4,A123,24,A141,A151,2,A172,1,A191,A201,2,0,0,1151990.0,EUROPE
A14,36,A34,A41,11260.0,A65,A75,2,A93,A101,4,A124,42,A143,A153,2,A173,1,A191,A201,1,0,0,545238.0,EUROPE
A11,24,A32,A43,1512.0,A61,A71,4,A93,A101,2,A123,30,A142,A152,1,A174,2,A191,A201,2,1,0,159026.0,EUROPE
A12,48,A33,A46,5194.0,A61,A75,4,A93,A101,4,A124,50,A143,A153,1,A173,1,A191,A201,2,1,1,270793.0,EUROPE
A14,10,A32,A40,1379.0,A61,A73,3,A93,A101,2,A121,31,A143,A152,1,A172,2,A191,A202,1,0,0,77624.0,EUROPE
A14,12,A32,A43,793.0,A61,A75,4,A93,A101,4,A123,38,A143,A152,1,A173,1,A191,A201,1,0,0,57758.0,EUROPE
A11,18,A32,A40,1136.0,A61,A72,4,A92,A101,3,A123,23,A143,A151,1,A173,1,A192,A201,2,1,0,62703.0,EUROPE
A12,24,A32,A43,2527.0,A62,A72,2,A93,A101,1,A123,29,A143,A152,1,A173,1,A191,A201,1,0,0,152813.0,EUROPE
A11,24,A32,A43,2063.0,A61,A72,4,A92,A101,4,A121,35,A143,A152,1,A173,1,A192,A201,2,1,1,211097.0,EUROPE
A12,15,A34,A43,2305.0,A65,A74,4,A93,A103,2,A121,35,A141,A152,3,A173,1,A192,A201,1,0,0,233141.0,EUROPE
A13,12,A31,A49,609.0,A61,A72,4,A92,A101,1,A121,26,A143,A152,1,A171,1,A191,A201,2,1,1,71205.0,EUROPE
A14,6,A34,A40,6483.0,A61,A74,1,A93,A101,3,A124,45,A143,A152,2,A174,2,A192,A201,1,0,0,519091.0,EUROPE
A14,12,A34,A42,3339.0,A61,A75,2,A93,A101,4,A122,42,A142,A152,1,A173,1,A191,A201,1,0,0,326453.0,EUROPE
A11,6,A34,A43,1750.0,A61,A74,1,A92,A101,4,A123,31,A143,A152,1,A173,1,A191,A201,1,0,0,112920.0,EUROPE
A12,48,A31,A40,9957.0,A65,A71,4,A93,A102,4,A124,36,A143,A153,1,A174,1,A192,A201,1,0,0,583969.0,EUROPE
A14,12,A32,A43,1867.0,A61,A72,2,A92,A101,2,A123,29,A141,A152,1,A173,1,A191,A201,1,0,0,130841.0,EUROPE
A12,12,A34,A43,3000.0,A61,A73,1,A92,A101,1,A121,23,A143,A152,1,A172,1,A191,A201,1,0,1,150995.0,EUROPE
A14,15,A34,A43,1139.0,A61,A73,4,A93,A101,2,A122,31,A143,A152,2,A173,1,A191,A201,1,0,0,60439.0,EUROPE
A14,24,A32,A43,1283.0,A63,A74,4,A92,A101,1,A123,28,A143,A152,1,A173,1,A191,A201,1,0,1,83655.0,EUROPE
A14,6,A32,A41,1260.0,A63,A73,2,A93,A101,4,A122,50,A143,A151,1,A173,1,A191,A201,1,0,0,58102.0,EUROPE
A12,16,A34,A40,1029.0,A61,A71,2,A93,A101,3,A123,68,A143,A153,3,A171,1,A192,A201,1,0,0,86932.0,EUROPE
A12,24,A32,A43,3263.0,A63,A71,1,A92,A101,4,A124,23,A143,A151,1,A171,1,A191,A201,1,0,1,327030.0,EUROPE
A13,36,A32,A43,4634.0,A61,A75,4,A93,A101,2,A123,31,A143,A152,1,A173,1,A191,A201,1,0,0,357370.0,EUROPE
A14,48,A34,A41,7789.0,A65,A74,2,A93,A101,1,A124,35,A143,A153,2,A173,1,A192,A201,1,0,0,621728.0,EUROPE
A11,24,A32,A43,1699.0,A61,A75,4,A92,A101,4,A123,55,A143,A152,1,A173,1,A191,A201,1,0,0,92009.0,EUROPE
A11,6,A34,A40,507.0,A61,A74,4,A92,A101,3,A122,37,A143,A152,2,A173,1,A191,A202,1,0,0,42190.0,EUROPE
A12,45,A32,A43,2609.0,A62,A73,4,A93,A103,4,A122,21,A143,A151,1,A173,1,A191,A201,2,0,0,141025.0,EUROPE
A14,12,A32,A40,1208.0,A63,A73,2,A92,A101,2,A122,26,A143,A152,1,A173,1,A191,A201,2,1,0,62242.0,EUROPE
A14,30,A32,A41,4806.0,A65,A74,2,A92,A101,4,A122,24,A142,A151,1,A172,1,A191,A201,1,0,0,390787.0,EUROPE
A14,24,A32,A43,1956.0,A63,A75,3,A93,A101,2,A123,35,A141,A152,2,A173,1,A192,A201,2,1,0,193289.0,EUROPE
A13,18,A32,A40,1724.0,A61,A75,3,A92,A101,2,A123,23,A143,A152,1,A174,1,A191,A201,1,0,0,139359.0,EUROPE
A14,6,A34,A40,6860.0,A61,A74,1,A93,A101,3,A124,45,A143,A152,2,A174,2,A192,A201,1,0,0,507938.0,EUROPE
A14,24,A34,A43,2044.0,A62,A75,4,A93,A101,4,A122,52,A141,A152,2,A173,1,A191,A201,1,0,0,93984.0,EUROPE
A14,24,A34,A49,4149.0,A62,A73,3,A93,A101,3,A122,27,A143,A152,2,A172,1,A192,A201,1,0,0,304252.0,EUROPE
A14,12,A34,A43,809.0,A65,A75,4,A93,A101,4,A121,65,A143,A152,4,A173,1,A191,A201,1,0,0,73101.0,EUROPE
A14,12,A32,A43,1771.0,A62,A73,4,A92,A102,2,A121,28,A143,A152,1,A173,1,A191,A201,1,0,0,195382.0,EUROPE
A14,18,A32,A40,2859.0,A65,A74,4,A93,A101,3,A122,32,A143,A152,1,A173,1,A191,A202,1,0,0,185161.0,EUROPE
A11,24,A31,A40,2118.0,A62,A74,2,A93,A101,3,A123,32,A141,A152,1,A173,1,A191,A201,1,0,0,198191.0,EUROPE
A12,12,A34,A40,906.0,A61,A74,2,A93,A101,3,A121,47,A143,A152,2,A172,2,A191,A201,1,0,0,85362.0,EUROPE
A14,9,A32,A49,1449.0,A61,A74,3,A92,A101,2,A123,27,A143,A152,2,A173,1,A191,A201,1,0,0,107818.0,EUROPE
A12,11,A32,A42,1691.0,A64,A72,4,A92,A101,1,A121,20,A143,A152,1,A173,1,A191,A201,1,0,0,94586.0,EUROPE
A12,36,A34,A43,1973.0,A61,A75,4,A93,A101,4,A121,36,A143,A152,1,A173,1,A191,A201,1,0,0,98642.0,EUROPE
A13,12,A33,A40,2055.0,A61,A73,2,A92,A101,2,A123,36,A142,A152,2,A173,1,A192,A201,1,0,1,95508.0,EUROPE
A11,36,A32,A42,2309.0,A61,A75,2,A93,A101,2,A122,41,A141,A152,1,A173,2,A191,A201,2,0,0,261097.0,EUROPE
A12,15,A32,A45,1442.0,A62,A73,4,A93,A103,2,A121,22,A143,A152,1,A173,1,A191,A201,1,0,0,73547.0,EUROPE
A12,24,A32,A43,2076.0,A61,A75,4,A92,A101,4,A123,20,A143,A152,1,A173,1,A192,A201,1,0,0,234937.0,EUROPE
A12,39,A34,A43,4697.0,A61,A74,2,A93,A103,2,A121,25,A143,A152,2,A173,1,A191,A201,2,1,0,510526.0,EUROPE
A11,18,A32,A42,2354.0,A61,A73,2,A93,A101,2,A123,22,A143,A152,1,A173,1,A191,A201,2,1,0,248379.0,EUROPE
A14,15,A33,A43,1323.0,A61,A73,4,A94,A101,3,A121,33,A141,A152,2,A173,1,A191,A201,1,0,0,86914.0,EUROPE
A11,18,A32,A42,2509.0,A61,A73,2,A93,A101,2,A123,22,A143,A152,1,A173,1,A191,A201,2,1,1,248984.0,EUROPE
A14,36,A34,A40,6639.0,A61,A73,4,A92,A101,2,A121,25,A142,A152,2,A173,1,A192,A201,2,0,0,660231.0,EUROPE
A13,10,A32,A40,1209.0,A62,A75,1,A92,A101,4,A124,48,A143,A153,1,A172,2,A191,A201,2,1,0,97413.0,EUROPE
A11,12,A32,A48,925.0,A61,A74,4,A94,A101,4,A122,21,A143,A151,1,A173,1,A191,A201,2,1,1,63760.0,EUROPE
A14,18,A34,A42,4030.0,A61,A72,3,A91,A101,2,A123,35,A143,A152,2,A174,1,A192,A201,1,0,0,352777.0,EUROPE
A11,24,A32,A40,1332.0,A65,A74,4,A92,A101,4,A124,32,A143,A151,1,A173,1,A191,A201,2,1,1,151625.0,EUROPE
A14,36,A34,A42,6037.0,A61,A72,2,A92,A101,4,A122,23,A143,A151,2,A173,1,A192,A201,2,1,0,518308.0,EUROPE
A12,36,A33,A40,2705.0,A62,A75,4,A93,A101,3,A124,30,A143,A153,1,A173,1,A191,A201,1,0,0,269131.0,EUROPE
A12,9,A32,A40,3405.0,A65,A73,1,A92,A101,2,A121,33,A143,A152,1,A172,1,A191,A201,1,0,0,233665.0,EUROPE
A12,24,A34,A49,1835.0,A61,A75,4,A91,A101,4,A121,31,A143,A152,2,A173,1,A192,A201,2,0,0,117711.0,EUROPE
A12,48,A32,A410,4702.0,A65,A71,3,A93,A101,4,A124,40,A141,A153,1,A171,1,A192,A201,1,0,0,260791.0,EUROPE
A14,30,A32,A43,2028.0,A63,A75,4,A93,A101,2,A123,30,A141,A152,1,A174,1,A191,A201,1,0,0,198681.0,EUROPE
A13,24,A32,A40,882.0,A61,A74,4,A93,A101,3,A124,38,A141,A153,1,A173,2,A191,A201,2,1,0,77876.0,EUROPE
A12,12,A32,A42,1556.0,A61,A73,4,A93,A101,2,A122,37,A143,A152,1,A172,1,A191,A201,2,1,0,175061.0,EUROPE
A11,6,A32,A41,1293.0,A63,A71,1,A92,A101,2,A122,23,A143,A151,1,A171,1,A192,A201,1,0,0,59521.0,EUROPE
A13,24,A32,A42,3130.0,A61,A75,3,A91,A101,4,A124,51,A143,A153,1,A173,1,A191,A201,1,0,0,311374.0,EUROPE
A12,12,A32,A43,1247.0,A61,A72,2,A93,A101,1,A123,22,A142,A152,1,A173,1,A191,A201,2,1,1,100312.0,EUROPE
A14,24,A34,A43,2201.0,A61,A75,4,A94,A102,3,A121,46,A143,A152,2,A173,1,A191,A201,1,0,0,137167.0,EUROPE
A12,9,A31,A41,5149.0,A61,A75,2,A92,A101,4,A124,74,A141,A153,1,A174,2,A192,A201,2,1,0,237626.0,EUROPE
A11,18,A32,A43,2224.0,A61,A73,4,A93,A101,4,A124,65,A143,A153,2,A173,1,A191,A201,2,1,1,235592.0,EUROPE
A14,36,A32,A49,4935.0,A62,A74,2,A93,A101,2,A123,31,A143,A152,2,A173,1,A192,A201,1,0,0,546096.0,EUROPE
A14,28,A31,A41,8246.0,A65,A72,3,A93,A103,4,A121,40,A141,A151,2,A173,2,A192,A201,1,0,0,571022.0,EUROPE
A12,12,A32,A43,1206.0,A63,A73,3,A91,A101,1,A123,26,A143,A152,1,A173,1,A192,A201,1,0,0,71602.0,EUROPE
A11,45,A32,A43,1898.0,A61,A73,4,A93,A101,4,A124,23,A143,A153,1,A173,1,A192,A201,2,1,0,152990.0,EUROPE
A12,6,A31,A46,436.0,A64,A72,4,A92,A101,2,A122,24,A141,A151,1,A173,2,A191,A201,2,1,0,39106.0,EUROPE
A12,48,A32,A49,14460.0,A61,A73,2,A93,A101,2,A123,23,A143,A152,1,A173,1,A192,A201,2,1,0,1071792.0,EUROPE
A14,6,A34,A43,1530.0,A61,A75,2,A94,A101,2,A121,30,A143,A151,2,A173,1,A191,A201,1,0,0,136705.0,EUROPE
A12,36,A34,A41,5866.0,A61,A73,3,A93,A101,4,A123,34,A143,A152,2,A173,1,A192,A201,1,0,0,553470.0,EUROPE
A13,12,A32,A42,1313.0,A61,A72,4,A92,A101,1,A122,33,A141,A152,1,A174,1,A192,A201,1,0,0,99271.0,EUROPE
A13,6,A33,A43,560.0,A61,A72,2,A92,A101,1,A122,29,A141,A152,1,A173,1,A191,A201,1,0,1,53993.0,EUROPE
A14,48,A33,A43,10925.0,A63,A74,4,A93,A101,1,A123,37,A143,A152,1,A174,1,A192,A201,1,0,0,546379.0,EUROPE
A14,36,A34,A43,9614.0,A61,A73,2,A92,A101,2,A123,31,A142,A152,2,A173,1,A191,A201,1,0,0,551673.0,EUROPE
A14,24,A32,A43,3383.0,A61,A72,4,A92,A101,4,A122,26,A143,A152,1,A173,1,A192,A201,1,0,0,223113.0,EUROPE
A11,9,A34,A45,1341.0,A62,A75,3,A93,A103,4,A121,48,A143,A152,2,A173,2,A191,A202,1,0,0,111493.0,EUROPE
A14,12,A32,A43,2095.0,A65,A73,4,A93,A101,4,A124,37,A143,A153,1,A173,1,A192,A201,1,0,1,130621.0,EUROPE
A11,18,A32,A42,4379.0,A61,A73,2,A93,A102,3,A123,42,A143,A152,1,A173,1,A191,A201,2,1,0,498670.0,EUROPE
A14,24,A32,A49,4178.0,A64,A73,2,A93,A101,3,A122,54,A143,A152,3,A174,1,A192,A201,2,0,0,309772.0,EUROPE
A11,12,A32,A44,706.0,A62,A71,4,A92,A101,3,A122,22,A143,A152,1,A173,1,A191,A201,2,0,0,50439.0,EUROPE
A14,9,A32,A40,3200.0,A62,A73,1,A93,A103,2,A121,26,A143,A151,1,A173,2,A191,A202,1,0,0,334081.0,EUROPE
A12,45,A34,A41,4446.0,A62,A71,3,A93,A101,4,A123,27,A143,A152,1,A173,1,A191,A201,1,0,0,354806.0,EUROPE
A12,30,A33,A49,2714.0,A62,A75,4,A93,A101,2,A122,41,A142,A152,2,A173,1,A191,A201,1,0,0,291135.0,EUROPE
A12,12,A32,A42,2442.0,A61,A72,3,A92,A101,1,A121,34,A143,A151,1,A174,1,A191,A201,1,0,0,192767.0,EUROPE
A11,18,A32,A42,3242.0,A61,A72,1,A92,A101,4,A123,22,A143,A151,1,A173,1,A191,A201,1,0,0,367941.0,EUROPE
A14,21,A32,A49,1483.0,A64,A75,4,A92,A101,4,A121,36,A141,A152,1,A172,1,A191,A201,1,0,0,87403.0,EUROPE
A12,36,A32,A43,2736.0,A62,A73,4,A92,A102,4,A124,50,A143,A153,1,A173,1,A191,A201,2,1,0,224680.0,EUROPE
A14,24,A34,A41,5546.0,A64,A73,4,A93,A101,2,A121,27,A143,A152,2,A173,1,A191,A201,1,0,0,606492.0,EUROPE
A14,24,A33,A49,2443.0,A65,A73,4,A93,A101,4,A121,32,A143,A152,2,A173,2,A192,A201,1,0,0,220227.0,EUROPE
A12,36,A30,A49,1993.0,A61,A75,4,A93,A101,4,A124,61,A143,A153,1,A174,1,A192,A201,2,1,1,136589.0,EUROPE
A14,24,A34,A42,1735.0,A61,A74,2,A93,A101,2,A122,30,A143,A152,2,A172,1,A191,A201,1,0,0,108775.0,EUROPE
A11,12,A34,A42,2022.0,A61,A75,3,A93,A101,3,A122,60,A143,A152,2,A173,1,A191,A201,2,1,1,154015.0,EUROPE
A12,16,A34,A40,1275.0,A61,A71,2,A93,A101,3,A123,68,A143,A153,3,A171,1,A192,A201,1,0,0,140306.0,EUROPE
A12,15,A34,A43,1320.0,A65,A75,4,A93,A103,4,A121,50,A143,A152,2,A173,1,A192,A201,1,0,0,82970.0,EUROPE
A12,48,A32,A43,11838.0,A64,A74,1,A93,A102,2,A124,27,A141,A152,2,A173,1,A192,A201,2,1,1,575735.0,EUROPE
A11,18,A32,A40,3992.0,A62,A73,3,A93,A101,4,A123,35,A143,A152,1,A172,2,A192,A201,1,0,0,183581.0,EUROPE
A12,7,A32,A43,2396.0,A61,A73,3,A93,A103,2,A121,34,A143,A152,1,A173,1,A191,A201,1,0,0,250954.0,EUROPE
A14,36,A34,A49,6295.0,A65,A75,4,A93,A101,4,A121,36,A143,A152,2,A173,1,A191,A201,1,0,0,312118.0,EUROPE
A14,36,A33,A40,11405.0,A61,A75,2,A93,A101,2,A123,45,A143,A152,2,A173,2,A192,A201,1,0,1,857842.0,EUROPE
A11,18,A31,A40,1177.0,A61,A74,4,A93,A101,4,A124,32,A143,A153,2,A172,2,A191,A201,2,1,1,72976.0,EUROPE
A14,10,A32,A48,972.0,A65,A74,4,A92,A101,3,A122,40,A143,A152,1,A173,1,A192,A201,1,0,0,81341.0,EUROPE
A12,18,A32,A40,5315.0,A61,A74,3,A93,A101,3,A121,28,A143,A151,1,A172,1,A191,A201,1,0,0,395230.0,EUROPE
A11,12,A32,A48,776.0,A61,A74,4,A94,A101,4,A122,21,A143,A151,1,A173,1,A191,A201,2,1,1,39765.0,EUROPE
A11,12,A32,A42,1379.0,A61,A73,2,A92,A101,4,A123,20,A143,A151,1,A173,1,A191,A201,2,1,1,118836.0,EUROPE
A12,12,A32,A45,583.0,A61,A73,4,A93,A101,2,A123,30,A143,A152,1,A173,1,A191,A201,2,1,0,27371.0,EUROPE
A12,45,A34,A43,5111.0,A61,A72,4,A93,A101,2,A122,25,A143,A152,2,A172,1,A191,A201,2,0,0,558922.0,EUROPE
A14,24,A34,A43,1923.0,A61,A74,4,A94,A103,2,A123,33,A143,A152,2,A173,1,A192,A201,1,0,0,88709.0,EUROPE
A14,6,A33,A49,1517.0,A62,A73,1,A93,A101,2,A121,34,A143,A152,2,A172,1,A191,A201,1,0,0,150831.0,EUROPE
A14,36,A33,A43,3704.0,A61,A73,4,A93,A101,2,A123,26,A143,A152,2,A174,1,A192,A201,2,1,0,407368.0,EUROPE
A14,24,A34,A43,2956.0,A62,A75,3,A93,A101,4,A121,36,A143,A152,1,A173,2,A192,A201,1,0,0,228589.0,EUROPE
A14,6,A32,A43,1322.0,A62,A75,2,A93,A101,4,A124,42,A141,A153,1,A173,2,A192,A201,1,0,0,101989.0,EUROPE
A11,24,A33,A43,996.0,A61,A72,4,A94,A101,4,A121,48,A142,A152,1,A173,1,A191,A201,2,1,0,47136.0,EUROPE
A11,9,A32,A42,1912.0,A61,A73,3,A93,A101,2,A121,25,A143,A152,1,A173,1,A191,A201,1,0,0,88750.0,EUROPE
A11,12,A32,A40,1046.0,A61,A73,4,A94,A101,3,A121,27,A143,A152,1,A172,1,A191,A201,1,0,0,106467.0,EUROPE
A11,10,A34,A40,1917.0,A61,A72,1,A93,A101,3,A121,48,A143,A151,2,A172,2,A191,A202,1,0,0,160087.0,EUROPE
A14,36,A34,A41,5772.0,A64,A75,4,A93,A101,2,A123,38,A143,A152,2,A174,1,A192,A201,1,0,0,540385.0,EUROPE
A11,30,A32,A42,6430.0,A65,A75,4,A93,A101,4,A122,31,A143,A152,1,A173,1,A191,A201,2,1,0,364579.0,EUROPE
A14,18,A32,A49,1645.0,A62,A73,3,A92,A101,4,A122,24,A143,A151,1,A172,1,A191,A201,1,0,0,79859.0,EUROPE
A14,24,A34,A43,2384.0,A65,A75,4,A93,A101,4,A122,53,A143,A152,2,A173,1,A191,A201,1,0,0,134765.0,EUROPE
A11,6,A34,A43,1627.0,A61,A74,1,A92,A101,4,A123,31,A143,A152,1,A173,1,A191,A201,1,0,0,74786.0,EUROPE
A14,12,A34,A42,3372.0,A61,A75,2,A93,A101,4,A122,42,A142,A152,1,A173,1,A191,A201,1,0,0,170209.0,EUROPE
A14,12,A34,A42,1490.0,A64,A74,3,A92,A101,2,A122,35,A143,A152,1,A173,1,A191,A202,1,0,0,149841.0,EUROPE
A12,24,A31,A46,1759.0,A61,A74,4,A92,A101,4,A124,34,A141,A153,1,A172,1,A191,A201,2,1,1,87595.0,EUROPE
A11,12,A32,A43,615.0,A62,A74,4,A94,A101,1,A122,20,A143,A152,1,A173,1,A191,A201,2,1,0,28853.0,EUROPE
A11,12,A32,A42,2777.0,A61,A71,3,A92,A101,4,A124,55,A143,A153,1,A174,1,A191,A201,1,0,0,186269.0,EUROPE
A12,24,A34,A43,1150.0,A62,A72,4,A93,A101,4,A124,38,A141,A152,2,A173,2,A191,A201,2,0,0,111529.0,EUROPE
A12,36,A32,A40,11208.0,A65,A73,1,A93,A101,4,A124,37,A143,A153,1,A173,1,A192,A201,2,0,0,681732.0,EUROPE
A14,6,A34,A43,1412.0,A61,A74,1,A92,A101,2,A123,24,A143,A151,2,A173,1,A192,A201,1,0,0,156443.0,EUROPE
A11,24,A32,A42,3021.0,A61,A73,2,A91,A101,2,A121,24,A143,A151,1,A172,1,A191,A201,1,0,0,296379.0,EUROPE
A14,6,A30,A40,1056.0,A62,A73,4,A93,A101,1,A124,35,A141,A151,1,A173,1,A191,A202,1,0,0,59711.0,EUROPE
A12,24,A32,A40,2246.0,A61,A73,3,A92,A101,4,A122,20,A143,A151,1,A172,1,A192,A201,2,1,0,127442.0,EUROPE
A14,24,A34,A49,4001.0,A61,A73,3,A93,A101,2,A121,74,A143,A152,1,A174,1,A192,A201,1,0,0,430544.0,EUROPE
A14,24,A32,A43,3247.0,A61,A72,4,A92,A101,4,A122,26,A143,A152,1,A173,1,A192,A201,1,0,0,369426.0,EUROPE
A12,21,A34,A49,3553.0,A61,A74,2,A93,A101,3,A122,27,A143,A152,2,A173,1,A191,A201,1,0,0,288341.0,EUROPE
A13,10,A34,A40,687.0,A61,A75,4,A93,A101,4,A124,63,A143,A153,2,A173,1,A192,A201,1,0,0,43904.0,EUROPE
A14,18,A34,A42,1864.0,A61,A73,4,A92,A101,2,A124,28,A143,A152,2,A173,1,A191,A201,1,0,0,137874.0,EUROPE
A12,24,A32,A41,12584.0,A61,A73,1,A92,A101,4,A123,23,A143,A151,2,A174,1,A191,A201,2,1,0,1196845.0,EUROPE
A11,18,A32,A46,709.0,A61,A71,4,A92,A101,1,A121,27,A143,A152,1,A171,1,A191,A201,2,1,0,59975.0,EUROPE
A11,6,A34,A43,1109.0,A65,A75,4,A93,A101,4,A121,67,A143,A152,2,A173,1,A192,A201,1,0,0,82939.0,EUROPE
A11,30,A32,A42,3629.0,A64,A75,4,A92,A101,4,A122,57,A143,A151,2,A173,1,A192,A201,1,0,0,176206.0,EUROPE
A14,24,A34,A45,1955.0,A61,A73,4,A91,A101,2,A121,33,A143,A152,2,A173,1,A192,A201,1,0,0,148506.0,EUROPE
A14,6,A32,A40,634.0,A61,A71,1,A92,A101,4,A121,54,A143,A152,1,A171,1,A192,A201,1,0,0,29174.0,EUROPE
A12,9,A34,A42,2031.0,A61,A74,4,A93,A101,3,A123,35,A143,A151,1,A173,1,A192,A201,1,0,1,103413.0,EUROPE
A11,15,A30,A40,963.0,A61,A75,4,A93,A101,3,A123,33,A143,A151,2,A173,2,A191,A201,2,1,0,87173.0,EUROPE
A12,7,A32,A43,2422.0,A61,A72,1,A92,A103,1,A121,45,A143,A152,1,A173,1,A191,A201,1,0,0,170386.0,EUROPE
A14,24,A34,A41,3706.0,A65,A74,3,A93,A101,4,A122,43,A143,A152,2,A173,1,A192,A201,1,0,0,402265.0,EUROPE
A14,12,A34,A42,1623.0,A61,A75,4,A93,A101,4,A121,43,A143,A152,3,A173,1,A192,A201,1,0,0,163306.0,EUROPE
A11,24,A32,A42,2838.0,A65,A73,2,A94,A101,4,A123,20,A143,A152,1,A173,1,A191,A201,2,1,0,161746.0,EUROPE
A12,18,A34,A42,6192.0,A61,A75,2,A93,A101,1,A124,41,A143,A152,1,A173,1,A192,A201,1,0,0,683100.0,EUROPE
A11,6,A34,A43,1208.0,A65,A75,4,A93,A101,4,A121,67,A143,A152,2,A173,1,A192,A201,1,0,0,84423.0,EUROPE
A14,24,A32,A43,2755.0,A61,A72,4,A92,A101,4,A122,26,A143,A152,1,A173,1,A192,A201,1,0,0,142026.0,EUROPE
A12,18,A34,A43,1823.0,A61,A75,3,A92,A103,4,A121,48,A141,A151,2,A172,1,A192,A201,1,0,0,201729.0,EUROPE
A13,24,A32,A43,1055.0,A63,A73,3,A92,A101,3,A123,57,A143,A152,1,A172,1,A191,A201,1,0,0,107940.0,EUROPE
A11,8,A34,A410,973.0,A61,A75,3,A93,A101,4,A124,51,A141,A153,2,A174,2,A192,A201,1,0,0,73663.0,EUROPE
A11,36,A32,A40,1775.0,A61,A72,4,A92,A101,4,A123,34,A143,A152,1,A173,1,A192,A201,2,1,0,132867.0,EUROPE
A14,24,A34,A41,2390.0,A65,A74,4,A93,A101,4,A123,43,A143,A152,2,A173,2,A192,A201,1,0,0,235430.0,EUROPE
A12,15,A32,A43,1173.0,A65,A72,4,A93,A101,1,A122,23,A143,A152,1,A173,1,A191,A201,1,0,0,94153.0,EUROPE
A13,36,A32,A43,4835.0,A61,A75,4,A93,A101,2,A123,31,A143,A152,1,A173,1,A191,A201,1,0,1,406948.0,EUROPE
A12,30,A31,A42,3461.0,A64,A73,4,A93,A101,2,A123,34,A142,A152,1,A173,2,A192,A201,1,0,1,327589.0,EUROPE
A11,30,A32,A42,6766.0,A65,A75,4,A93,A101,4,A122,31,A143,A152,1,A173,1,A191,A201,2,1,1,552926.0,EUROPE
A11,36,A32,A410,13691.0,A61,A71,2,A91,A102,3,A123,43,A143,A152,1,A174,1,A191,A201,1,0,1,1570998.0,EUROPE
A12,12,A32,A43,1483.0,A61,A72,1,A94,A101,1,A121,23,A143,A151,1,A173,1,A191,A201,2,1,0,71558.0,EUROPE
A11,48,A32,A49,4361.0,A61,A72,3,A92,A101,4,A122,24,A143,A151,1,A173,1,A191,A201,2,1,1,478246.0,EUROPE
A13,15,A32,A49,2822.0,A61,A74,2,A93,A101,4,A122,26,A143,A151,1,A173,1,A192,A201,1,0,0,329750.0,EUROPE
A11,24,A32,A42,4449.0,A61,A73,4,A93,A101,4,A122,28,A143,A152,1,A173,1,A191,A201,1,0,0,315688.0,EUROPE
A12,9,A31,A40,1201.0,A62,A74,2,A93,A101,3,A124,29,A143,A152,1,A173,1,A191,A201,2,0,0,83970.0,EUROPE
A14,15,A32,A40,3170.0,A64,A74,2,A92,A101,3,A123,20,A143,A151,1,A173,1,A191,A201,1,0,0,309724.0,EUROPE
A12,18,A32,A43,1105.0,A61,A73,4,A92,A103,4,A121,26,A143,A152,1,A172,2,A191,A201,1,0,0,98890.0,EUROPE
A12,12,A32,A40,785.0,A62,A72,4,A92,A101,2,A122,23,A141,A152,1,A172,1,A191,A201,2,1,0,39599.0,EUROPE
A11,24,A32,A40,2529.0,A61,A72,4,A92,A101,1,A122,27,A143,A152,1,A173,1,A191,A201,2,1,0,212621.0,EUROPE
A12,24,A32,A40,3565.0,A62,A74,2,A93,A101,3,A123,38,A141,A152,2,A173,1,A192,A201,1,0,0,314410.0,EUROPE
A11,48,A32,A41,4958.0,A61,A74,4,A93,A101,3,A122,26,A143,A152,1,A173,2,A191,A201,1,0,0,553546.0,EUROPE
A12,30,A30,A49,3452.0,A61,A73,2,A92,A101,1,A123,28,A143,A152,2,A173,1,A191,A201,1,0,0,266092.0,EUROPE
A12,18,A34,A40,1109.0,A61,A75,3,A93,A103,3,A121,30,A141,A152,2,A173,1,A191,A201,2,1,0,73503.0,EUROPE
A14,15,A32,A44,1258.0,A63,A74,4,A93,A101,3,A122,36,A143,A152,2,A173,1,A192,A201,1,0,0,94942.0,EUROPE
A14,48,A33,A43,12936.0,A63,A74,4,A93,A101,1,A123,37,A143,A152,1,A174,1,A192,A201,1,0,0,1183113.0,EUROPE
A13,10,A34,A43,1200.0,A65,A74,4,A93,A101,2,A122,27,A143,A152,2,A173,1,A192,A201,1,0,0,137215.0,EUROPE
A14,24,A32,A42,2542.0,A63,A75,3,A93,A101,4,A122,53,A143,A152,1,A173,1,A191,A201,1,0,1,283769.0,EUROPE
A12,24,A34,A43,1126.0,A62,A72,4,A93,A101,4,A124,38,A141,A152,2,A173,2,A191,A201,2,1,0,55162.0,EUROPE
A12,18,A34,A43,1255.0,A61,A73,4,A94,A101,2,A123,33,A143,A152,1,A173,1,A191,A201,2,0,0,130459.0,EUROPE
A12,12,A32,A43,1048.0,A61,A73,4,A92,A103,4,A121,49,A143,A152,2,A173,1,A192,A201,1,0,0,70247.0,EUROPE
A12,15,A34,A49,2322.0,A63,A73,2,A93,A101,4,A123,27,A141,A152,1,A173,1,A191,A201,1,0,1,183778.0,EUROPE
A14,24,A33,A41,4184.0,A61,A74,3,A93,A101,3,A123,35,A143,A152,2,A172,1,A192,A201,1,0,0,345330.0,EUROPE
A11,11,A34,A40,3221.0,A61,A73,2,A93,A101,2,A121,36,A143,A151,2,A173,2,A191,A201,1,0,0,336680.0,EUROPE
A11,48,A34,A41,5783.0,A61,A75,4,A93,A101,4,A124,46,A143,A153,2,A173,1,A192,A201,2,1,0,472797.0,EUROPE
A12,12,A32,A40,6167.0,A61,A74,2,A93,A101,2,A123,32,A143,A152,1,A173,1,A191,A201,1,0,0,686556.0,EUROPE
A14,15,A32,A43,1884.0,A65,A75,4,A93,A101,2,A123,35,A143,A152,1,A173,1,A191,A201,1,0,0,168910.0,EUROPE
A12,12,A32,A42,1825.0,A61,A73,4,A93,A101,2,A122,37,A143,A152,1,A172,1,A191,A201,2,1,0,96996.0,EUROPE
A14,18,A34,A43,1964.0,A61,A73,2,A92,A101,2,A123,26,A143,A152,2,A173,1,A191,A201,1,0,1,163228.0,EUROPE
A12,30,A32,A43,2480.0,A65,A75,2,A92,A101,4,A123,25,A143,A152,1,A173,1,A191,A201,1,0,0,289494.0,EUROPE
A12,12,A32,A49,865.0,A62,A74,2,A92,A101,4,A121,23,A143,A151,1,A172,1,A191,A201,1,0,0,55684.0,EUROPE
A14,13,A32,A43,1248.0,A62,A71,2,A92,A101,4,A121,64,A143,A152,1,A173,1,A191,A201,1,0,0,106860.0,EUROPE
A14,12,A34,A49,2067.0,A61,A71,4,A93,A101,2,A123,42,A142,A152,2,A174,1,A192,A201,2,1,0,221230.0,EUROPE
A14,24,A33,A40,1703.0,A61,A75,4,A93,A101,4,A124,60,A143,A153,2,A173,1,A192,A201,1,0,0,97491.0,EUROPE
A11,12,A32,A42,1123.0,A61,A73,2,A92,A101,4,A123,20,A143,A151,1,A173,1,A191,A201,2,0,0,98318.0,EUROPE
A14,15,A32,A40,3725.0,A65,A73,3,A93,A101,2,A124,29,A143,A152,1,A173,1,A191,A201,1,0,0,406095.0,EUROPE
A14,18,A32,A43,1897.0,A61,A72,4,A93,A101,1,A121,33,A143,A152,1,A173,1,A191,A201,1,0,1,97317.0,EUROPE
A12,18,A30,A42,3187.0,A61,A73,1,A92,A101,4,A123,33,A141,A152,2,A173,1,A192,A201,1,0,0,358281.0,EUROPE
A11,36,A32,A46,2154.0,A65,A75,4,A93,A101,4,A124,40,A143,A152,1,A174,1,A192,A201,2,1,0,105482.0,EUROPE
A11,24,A32,A41,2672.0,A65,A75,2,A92,A101,4,A121,26,A143,A151,1,A173,1,A191,A201,1,0,0,176965.0,EUROPE
A14,12,A30,A42,2332.0,A61,A75,2,A93,A101,4,A122,34,A143,A152,2,A173,1,A191,A201,1,0,1,200904.0,EUROPE
A11,48,A32,A41,10853.0,A61,A74,4,A93,A101,4,A124,39,A142,A153,3,A173,2,A192,A201,2,0,0,1054463.0,EUROPE
A14,18,A34,A42,3066.0,A61,A72,3,A91,A101,2,A123,35,A143,A152,2,A174,1,A192,A201,1,0,0,253662.0,EUROPE
A14,18,A32,A45,1633.0,A61,A72,4,A92,A101,4,A121,23,A143,A152,1,A173,1,A191,A201,2,0,0,85369.0,EUROPE
A14,15,A32,A41,3704.0,A62,A72,1,A92,A101,4,A123,23,A143,A152,1,A173,1,A192,A201,1,0,0,366422.0,EUROPE
A12,60,A32,A40,7773.0,A62,A72,4,A92,A101,2,A122,24,A143,A152,1,A174,1,A191,A201,2,0,0,786481.0,EUROPE
A12,8,A32,A49,820.0,A61,A72,3,A94,A101,2,A121,26,A143,A152,1,A173,1,A192,A201,1,0,0,74929.0,EUROPE
A11,24,A32,A41,3082.0,A65,A75,4,A93,A101,4,A124,49,A141,A153,1,A173,2,A192,A201,1,0,0,228265.0,EUROPE
A14,36,A30,A45,2323.0,A61,A73,4,A93,A101,2,A123,27,A143,A152,2,A173,1,A191,A201,1,0,0,207618.0,EUROPE
A11,48,A32,A44,2629.0,A61,A73,3,A93,A101,4,A123,54,A143,A152,1,A173,1,A191,A201,2,1,0,175030.0,EUROPE
A14,18,A30,A49,3544.0,A61,A73,2,A93,A101,2,A123,36,A142,A152,2,A173,2,A191,A201,2,0,0,226149.0,EUROPE
A11,24,A32,A42,2733.0,A61,A75,4,A93,A101,2,A122,39,A143,A151,1,A174,1,A192,A201,2,1,0,211305.0,EUROPE
A13,6,A34,A40,1215.0,A61,A73,1,A93,A101,1,A121,74,A143,A152,3,A171,2,A191,A202,1,0,0,62477.0,EUROPE
A14,18,A31,A40,5551.0,A61,A75,2,A93,A101,4,A124,39,A141,A152,2,A174,2,A192,A201,2,1,0,304534.0,EUROPE
A14,12,A32,A43,2487.0,A61,A73,2,A93,A101,4,A123,52,A143,A152,1,A173,1,A192,A201,1,0,0,136026.0,EUROPE
A14,12,A32,A40,1206.0,A63,A73,2,A92,A101,2,A122,26,A143,A152,1,A173,1,A191,A201,2,1,0,127317.0,EUROPE
A11,36,A34,A42,6783.0,A61,A72,4,A92,A102,4,A124,23,A143,A151,2,A172,1,A192,A201,2,1,0,550567.0,EUROPE
A12,15,A32,A45,1124.0,A61,A75,4,A93,A101,4,A123,38,A143,A152,2,A172,1,A191,A201,1,0,0,99696.0,EUROPE
A13,15,A32,A49,2524.0,A61,A74,2,A93,A101,4,A122,26,A143,A151,1,A173,1,A192,A201,1,0,0,279090.0,EUROPE
A14,36,A32,A41,4943.0,A61,A73,2,A93,A101,2,A124,32,A143,A153,1,A174,1,A192,A201,1,0,0,489124.0,EUROPE
A11,47,A32,A40,8727.0,A61,A72,1,A92,A101,1,A121,35,A143,A152,1,A172,1,A192,A201,1,0,0,973734.0,EUROPE
A14,12,A34,A43,780.0,A65,A75,4,A92,A101,3,A122,33,A141,A152,1,A172,2,A191,A201,2,1,0,73273.0,EUROPE
A11,30,A32,A42,3847.0,A64,A75,4,A92,A101,4,A122,57,A143,A151,2,A173,1,A192,A201,1,0,0,323796.0,EUROPE
A11,15,A34,A42,1336.0,A61,A73,4,A92,A101,3,A122,25,A143,A151,2,A173,1,A191,A201,1,0,0,123442.0,EUROPE
A11,12,A32,A42,1388.0,A61,A73,2,A92,A102,3,A122,30,A143,A152,1,A173,1,A191,A201,1,0,0,81125.0,EUROPE
A14,12,A32,A40,2458.0,A65,A71,4,A93,A101,4,A124,38,A143,A152,1,A174,1,A192,A201,1,0,0,243107.0,EUROPE
A11,48,A32,A46,6949.0,A61,A74,4,A93,A101,1,A124,50,A143,A153,1,A174,1,A192,A201,1,0,0,402889.0,EUROPE
A12,15,A32,A45,2297.0,A62,A73,3,A92,A101,2,A121,25,A143,A152,1,A172,1,A191,A201,1,0,0,236026.0,EUROPE
A12,26,A32,A41,8355.0,A61,A72,2,A93,A101,3,A123,30,A143,A152,2,A173,1,A191,A201,1,0,0,618497.0,EUROPE
A14,24,A34,A43,2509.0,A61,A73,4,A93,A101,2,A121,35,A143,A152,2,A172,1,A191,A201,1,0,0,250199.0,EUROPE
A12,36,A33,A49,8579.0,A62,A74,1,A93,A101,3,A122,31,A143,A152,2,A172,2,A192,A201,1,0,0,960896.0,EUROPE
A11,36,A32,A42,2821.0,A61,A75,2,A93,A101,2,A122,41,A141,A152,1,A173,2,A191,A201,2,0,0,206324.0,EUROPE
A11,12,A33,A40,1113.0,A61,A73,4,A93,A101,2,A121,43,A143,A152,2,A172,2,A191,A201,1,0,0,115126.0,EUROPE
A14,18,A34,A43,5467.0,A61,A75,3,A93,A101,4,A123,33,A143,A152,2,A173,1,A192,A201,1,0,0,544610.0,EUROPE
A11,12,A32,A40,2588.0,A61,A72,4,A93,A101,1,A121,33,A143,A152,1,A172,2,A191,A201,2,1,0,300052.0,EUROPE
A11,18,A32,A43,2855.0,A61,A73,2,A92,A101,2,A121,24,A143,A152,1,A173,1,A191,A201,2,1,0,259320.0,EUROPE
A13,18,A32,A42,2383.0,A61,A73,2,A93,A101,1,A121,34,A143,A152,1,A172,2,A191,A201,2,1,0,271162.0,EUROPE
A14,9,A34,A46,1287.0,A65,A75,4,A92,A101,4,A122,41,A143,A151,2,A172,1,A191,A201,1,0,0,104881.0,EUROPE
A14,6,A33,A43,993.0,A61,A73,3,A92,A101,2,A121,24,A143,A152,1,A173,1,A191,A201,1,0,0,51649.0,EUROPE
A14,30,A34,A43,6068.0,A65,A74,2,A93,A101,3,A122,36,A143,A152,2,A173,1,A191,A201,1,0,0,645824.0,EUROPE
A11,15,A32,A42,2015.0,A61,A72,4,A92,A103,1,A122,46,A143,A151,1,A173,1,A191,A201,1,0,0,98784.0,EUROPE
A12,30,A32,A40,2056.0,A61,A73,4,A92,A103,2,A124,24,A141,A152,1,A173,1,A191,A201,2,0,0,225365.0,EUROPE
A12,12,A32,A40,1269.0,A61,A75,1,A91,A101,1,A121,46,A143,A151,2,A173,1,A191,A201,2,0,0,113746.0,EUROPE
A14,9,A32,A44,1152.0,A61,A72,1,A92,A101,4,A121,23,A143,A151,1,A173,1,A192,A201,1,0,0,93270.0,EUROPE
A14,12,A34,A43,641.0,A61,A75,4,A93,A101,4,A121,56,A143,A152,1,A173,1,A191,A201,1,0,0,57747.0,EUROPE
A11,24,A32,A40,1404.0,A65,A73,4,A92,A101,2,A122,35,A143,A152,1,A173,1,A191,A201,2,1,0,155277.0,EUROPE
A11,24,A32,A42,1576.0,A61,A72,4,A93,A102,1,A122,24,A143,A152,1,A172,1,A191,A202,1,0,0,134059.0,EUROPE
A11,18,A32,A42,953.0,A61,A71,4,A92,A101,2,A123,33,A143,A152,1,A173,1,A191,A201,2,0,0,59882.0,EUROPE
A13,12,A32,A43,1734.0,A61,A73,2,A92,A101,2,A123,44,A143,A151,1,A172,1,A192,A201,1,0,0,202487.0,EUROPE
A14,21,A30,A40,4424.0,A65,A73,1,A92,A101,4,A122,29,A141,A152,2,A173,1,A192,A201,2,1,1,218809.0,EUROPE
A11,24,A34,A40,1173.0,A61,A75,4,A93,A101,4,A123,60,A143,A152,2,A172,1,A191,A201,2,0,0,117064.0,EUROPE
A12,24,A33,A42,1887.0,A61,A71,3,A92,A101,2,A122,34,A143,A152,1,A174,1,A192,A201,2,1,0,199000.0,EUROPE
A14,18,A32,A49,1511.0,A62,A73,3,A92,A101,4,A122,24,A143,A151,1,A172,1,A191,A201,1,0,0,107259.0,EUROPE
A14,24,A33,A40,729.0,A65,A75,4,A94,A101,4,A123,54,A143,A152,2,A173,1,A192,A201,1,0,0,74721.0,EUROPE
A12,6,A33,A40,1044.0,A61,A71,4,A93,A101,4,A122,47,A143,A152,1,A174,1,A192,A201,2,1,0,53128.0,EUROPE
A14,12,A33,A45,1661.0,A64,A75,4,A93,A101,4,A124,55,A143,A153,2,A173,2,A191,A201,2,1,0,150794.0,EUROPE
A14,12,A34,A40,647.0,A62,A74,4,A92,A101,3,A123,51,A143,A152,2,A173,1,A192,A201,1,0,1,29846.0,EUROPE
A14,36,A32,A46,8439.0,A65,A73,2,A93,A101,4,A124,35,A143,A153,1,A172,2,A192,A201,1,0,0,926087.0,EUROPE
A14,39,A32,A41,2376.0,A63,A73,4,A93,A101,4,A123,24,A143,A152,1,A173,1,A191,A201,1,0,1,267299.0,EUROPE
A13,24,A34,A49,1096.0,A64,A73,2,A91,A101,4,A121,36,A143,A152,2,A173,1,A192,A201,1,0,1,77400.0,EUROPE
A12,12,A32,A40,1117.0,A61,A72,3,A92,A101,1,A123,25,A143,A151,1,A173,1,A191,A201,2,1,0,113146.0,EUROPE
A11,6,A34,A40,603.0,A64,A74,3,A92,A101,4,A121,39,A143,A152,2,A172,1,A192,A201,1,0,0,70462.0,EUROPE
A12,45,A32,A43,2667.0,A62,A73,4,A93,A103,4,A122,21,A143,A151,1,A173,1,A191,A201,2,1,0,308650.0,EUROPE
A14,21,A33,A42,1307.0,A62,A74,4,A93,A101,3,A121,34,A143,A152,2,A174,1,A191,A201,1,0,1,85511.0,EUROPE
A11,18,A34,A40,4980.0,A61,A75,2,A93,A101,4,A124,36,A143,A153,3,A174,1,A192,A201,1,0,0,383569.0,EUROPE
A12,21,A32,A49,2767.0,A62,A75,4,A91,A101,2,A123,61,A141,A151,2,A172,1,A191,A201,2,1,0,129916.0,EUROPE
A11,8,A34,A40,3100.0,A61,A74,1,A93,A101,4,A121,39,A143,A152,2,A172,1,A191,A202,1,0,0,167212.0,EUROPE
A13,6,A34,A40,1185.0,A62,A75,2,A91,A101,4,A123,28,A143,A152,2,A173,2,A192,A201,1,0,0,114728.0,EUROPE
A11,33,A34,A42,3784.0,A63,A73,1,A92,A101,4,A123,23,A143,A152,2,A173,1,A191,A201,2,1,0,374631.0,EUROPE
A11,24,A34,A43,997.0,A64,A75,4,A92,A101,4,A122,57,A143,A151,2,A174,1,A192,A201,1,0,0,71286.0,EUROPE
A14,12,A32,A40,1218.0,A63,A73,2,A92,A101,2,A122,26,A143,A152,1,A173,1,A191,A201,2,1,0,72007.0,EUROPE
A11,6,A32,A44,279.0,A61,A72,4,A92,A101,1,A121,27,A143,A152,1,A173,1,A191,A201,1,0,0,26550.0,EUROPE
A14,48,A34,A46,5763.0,A61,A73,1,A93,A101,3,A124,31,A141,A153,1,A173,1,A192,A201,1,0,0,444895.0,EUROPE
A14,12,A34,A43,1221.0,A65,A75,4,A92,A101,2,A121,38,A143,A152,2,A173,1,A192,A201,1,0,0,98242.0,EUROPE
A14,18,A32,A40,2654.0,A65,A74,4,A93,A101,3,A122,32,A143,A152,1,A173,1,A191,A202,1,0,0,186720.0,EUROPE
A13,12,A32,A43,1785.0,A61,A73,2,A92,A101,2,A123,44,A143,A151,1,A172,1,A192,A201,1,0,0,186319.0,EUROPE
A14,24,A34,A410,6715.0,A61,A71,4,A93,A102,2,A124,27,A141,A152,2,A174,1,A192,A201,1,0,0,348413.0,EUROPE
A11,15,A32,A44,1087.0,A65,A73,4,A92,A101,2,A123,24,A143,A151,1,A173,1,A191,A201,2,1,0,97717.0,EUROPE
A14,6,A32,A44,1113.0,A63,A73,1,A91,A101,4,A121,62,A143,A152,1,A173,1,A191,A201,1,0,0,74057.0,EUROPE
A14,24,A34,A42,3893.0,A64,A73,4,A93,A101,4,A121,50,A143,A152,1,A173,1,A192,A201,1,0,1,235354.0,EUROPE
A13,10,A32,A42,1216.0,A61,A72,4,A92,A101,2,A122,23,A143,A152,1,A173,1,A191,A201,1,0,0,111713.0,EUROPE
A14,18,A34,A42,3267.0,A61,A72,3,A91,A101,2,A123,35,A143,A152,2,A174,1,A192,A201,1,0,1,364505.0,EUROPE
A12,48,A34,A42,4504.0,A61,A73,2,A92,A101,3,A123,30,A143,A152,1,A174,1,A192,A201,2,1,0,289549.0,EUROPE
A11,12,A32,A42,759.0,A61,A73,2,A93,A103,3,A122,38,A143,A152,1,A172,2,A191,A201,1,0,0,73346.0,EUROPE
A11,24,A32,A410,1869.0,A61,A75,4,A92,A103,4,A121,58,A143,A152,1,A172,1,A192,A201,1,0,1,118505.0,EUROPE
A12,36,A32,A41,9707.0,A61,A72,1,A94,A101,4,A123,28,A143,A151,1,A174,1,A192,A201,2,1,0,650541.0,EUROPE
A12,24,A34,A49,1601.0,A61,A75,4,A91,A101,4,A121,31,A143,A152,2,A173,1,A192,A201,2,1,1,111490.0,EUROPE
A12,12,A32,A43,5954.0,A65,A71,2,A93,A101,1,A124,52,A143,A152,1,A174,1,A192,A201,2,0,0,539878.0,EUROPE
A11,36,A34,A42,5709.0,A61,A73,3,A93,A103,2,A122,28,A143,A152,2,A173,1,A191,A201,1,0,0,301892.0,EUROPE
A12,36,A32,A43,4213.0,A61,A72,4,A92,A101,1,A124,30,A143,A152,1,A174,1,A192,A201,1,0,1,306280.0,EUROPE
A14,24,A32,A40,1326.0,A61,A72,4,A94,A101,2,A121,28,A143,A152,1,A173,1,A191,A201,1,0,0,110763.0,EUROPE
A11,36,A32,A42,3519.0,A61,A75,4,A93,A101,2,A123,42,A143,A152,1,A173,2,A191,A201,2,1,0,411220.0,EUROPE
A14,60,A33,A43,13681.0,A61,A74,2,A93,A101,4,A123,21,A143,A152,2,A173,1,A192,A201,1,0,0,1545422.0,EUROPE
A14,24,A34,A43,1918.0,A61,A74,4,A94,A103,2,A123,33,A143,A152,2,A173,1,A192,A201,1,0,0,89124.0,EUROPE
A11,24,A33,A40,5269.0,A61,A73,3,A93,A101,4,A124,53,A143,A153,2,A173,2,A191,A201,2,1,0,348113.0,EUROPE
A14,28,A34,A43,2792.0,A61,A75,4,A93,A101,2,A123,29,A143,A152,2,A173,1,A191,A201,1,0,0,289332.0,EUROPE
A14,9,A32,A42,2389.0,A62,A72,2,A92,A101,4,A122,22,A143,A151,1,A173,1,A191,A201,1,0,0,250084.0,EUROPE
A14,12,A32,A40,1034.0,A61,A73,3,A94,A101,2,A121,27,A143,A152,2,A173,1,A192,A201,1,0,0,67666.0,EUROPE
A14,12,A34,A49,2134.0,A61,A71,4,A93,A101,2,A123,42,A142,A152,2,A174,1,A192,A201,2,0,0,205865.0,EUROPE
A12,12,A32,A43,1250.0,A65,A73,2,A94,A101,1,A121,25,A143,A152,1,A173,1,A192,A201,2,1,1,142183.0,EUROPE
A13,12,A34,A40,910.0,A63,A74,4,A94,A101,2,A121,28,A143,A152,3,A173,1,A192,A201,2,1,0,77164.0,EUROPE
A14,18,A32,A42,1609.0,A61,A73,4,A93,A101,4,A124,47,A141,A153,2,A173,1,A191,A201,1,0,0,73831.0,EUROPE
A14,15,A32,A41,4041.0,A61,A73,3,A93,A101,2,A123,30,A143,A152,1,A173,1,A192,A201,1,0,1,423378.0,EUROPE
A12,18,A34,A42,7434.0,A61,A71,4,A93,A101,4,A122,40,A142,A152,2,A174,1,A192,A201,1,0,0,678155.0,EUROPE
A13,12,A32,A43,1119.0,A61,A73,3,A94,A101,4,A121,23,A143,A151,1,A173,1,A191,A201,1,0,0,80384.0,EUROPE
A11,15,A34,A42,874.0,A61,A73,2,A91,A101,3,A122,25,A143,A152,2,A173,1,A191,A201,1,0,0,52302.0,EUROPE
A11,18,A32,A40,1173.0,A61,A72,4,A92,A101,3,A123,23,A143,A151,1,A173,1,A192,A201,2,1,1,66083.0,EUROPE
A12,9,A31,A40,1465.0,A62,A74,2,A93,A101,3,A124,29,A143,A152,1,A173,1,A191,A201,2,1,0,165473.0,EUROPE
A11,6,A32,A42,1331.0,A61,A73,1,A93,A101,2,A121,36,A141,A152,1,A172,1,A192,A201,1,0,0,137137.0,EUROPE
A12,48,A30,A49,4081.0,A62,A74,4,A93,A101,4,A124,34,A143,A153,1,A172,2,A191,A201,2,1,0,424623.0,EUROPE
A14,12,A32,A43,834.0,A65,A73,4,A92,A101,2,A123,21,A143,A152,1,A173,1,A191,A201,1,0,0,85921.0,EUROPE
A13,24,A32,A43,4548.0,A61,A74,4,A93,A101,2,A123,25,A141,A152,1,A173,1,A191,A201,1,0,0,438760.0,EUROPE
A11,30,A34,A41,6054.0,A62,A74,1,A94,A101,4,A123,24,A143,A151,2,A173,1,A191,A201,1,0,1,382554.0,EUROPE
A14,15,A32,A41,3093.0,A61,A74,2,A93,A101,2,A123,33,A143,A152,1,A173,1,A191,A201,1,0,0,333388.0,EUROPE
A12,12,A32,A42,1008.0,A64,A72,1,A92,A101,4,A121,19,A143,A151,1,A172,1,A191,A201,1,0,0,113905.0,EUROPE
A13,12,A34,A40,1561.0,A63,A71,2,A93,A101,4,A124,66,A141,A153,3,A171,1,A191,A201,1,0,0,96038.0,EUROPE
A11,24,A31,A43,1471.0,A61,A74,4,A93,A103,4,A123,24,A141,A151,1,A172,1,A191,A201,2,1,1,82564.0,EUROPE
A14,36,A33,A40,9204.0,A61,A75,2,A93,A101,2,A123,45,A143,A152,2,A173,2,A192,A201,1,0,0,756453.0,EUROPE
A14,14,A33,A40,793.0,A61,A73,4,A93,A101,2,A123,27,A143,A152,2,A172,1,A191,A201,1,0,0,90642.0,EUROPE
A12,24,A34,A41,8049.0,A64,A75,2,A92,A101,4,A124,29,A143,A151,1,A173,1,A191,A201,1,0,0,851456.0,EUROPE
A14,15,A32,A41,1232.0,A65,A75,4,A93,A101,4,A124,45,A141,A153,1,A173,2,A191,A201,1,0,0,110167.0,EUROPE
A14,12,A34,A43,720.0,A65,A75,4,A92,A101,3,A122,33,A141,A152,1,A172,2,A191,A201,2,0,0,79640.0,EUROPE
A14,36,A30,A45,2606.0,A61,A73,4,A93,A101,2,A123,27,A143,A152,2,A173,1,A191,A201,1,0,0,207853.0,EUROPE
A11,12,A32,A44,804.0,A62,A71,4,A92,A101,3,A122,22,A143,A152,1,A173,1,A191,A201,2,1,0,85514.0,EUROPE
A11,24,A32,A42,2636.0,A65,A73,2,A94,A101,4,A123,20,A143,A152,1,A173,1,A191,A201,2,1,0,232299.0,EUROPE
A14,9,A32,A43,1415.0,A61,A74,4,A93,A101,2,A123,22,A143,A152,1,A173,1,A191,A201,2,1,0,95327.0,EUROPE
A14,24,A32,A41,2518.0,A61,A72,4,A92,A101,1,A124,29,A143,A152,1,A174,1,A192,A201,1,0,0,175091.0,EUROPE
A14,24,A32,A40,1960.0,A65,A72,4,A93,A101,1,A122,54,A143,A152,1,A173,1,A191,A201,1,0,0,204500.0,EUROPE
A11,36,A32,A42,3441.0,A61,A73,1,A93,A103,2,A122,37,A143,A152,1,A173,2,A191,A201,1,0,0,329378.0,EUROPE
A14,27,A34,A42,4771.0,A64,A72,4,A93,A101,2,A121,32,A142,A152,2,A172,2,A192,A201,1,0,0,463106.0,EUROPE
A12,24,A33,A42,2009.0,A65,A72,4,A93,A101,2,A122,29,A141,A152,1,A172,1,A191,A201,1,0,0,107811.0,EUROPE
A12,6,A33,A42,931.0,A61,A71,4,A93,A101,1,A122,35,A142,A152,2,A174,1,A192,A201,1,0,1,91915.0,EUROPE
A14,6,A32,A48,1185.0,A65,A71,4,A93,A101,4,A122,36,A143,A152,1,A174,2,A192,A201,1,0,0,61749.0,EUROPE
A11,24,A31,A42,2211.0,A63,A73,4,A93,A101,4,A121,22,A142,A152,1,A173,1,A192,A201,1,0,0,175437.0,EUROPE
A11,12,A34,A40,621.0,A61,A75,4,A93,A101,3,A122,35,A143,A152,2,A173,1,A191,A201,2,0,0,48363.0,EUROPE
A12,18,A30,A40,1878.0,A62,A72,3,A92,A101,3,A123,28,A143,A152,2,A173,1,A191,A201,2,1,0,173305.0,EUROPE
A11,15,A34,A42,1316.0,A61,A75,4,A93,A101,4,A123,44,A143,A152,2,A173,2,A192,A201,1,0,0,111418.0,EUROPE
A14,6,A32,A46,1489.0,A61,A72,1,A92,A101,2,A124,56,A143,A152,1,A173,1,A191,A201,1,0,0,87725.0,EUROPE
A12,12,A32,A42,835.0,A62,A72,4,A92,A101,4,A123,27,A141,A151,4,A173,1,A191,A201,2,1,1,60530.0,EUROPE
A14,12,A32,A43,654.0,A61,A75,4,A93,A101,4,A123,38,A143,A152,1,A173,1,A191,A201,1,0,0,68369.0,EUROPE
A14,12,A32,A43,1841.0,A61,A74,4,A93,A101,2,A123,31,A143,A151,2,A174,2,A192,A201,1,0,0,107572.0,EUROPE
A13,10,A32,A40,1201.0,A62,A75,1,A92,A101,4,A124,48,A143,A153,1,A172,2,A191,A201,2,0,0,138577.0,EUROPE
A14,9,A32,A42,2324.0,A62,A72,2,A92,A101,4,A122,22,A143,A151,1,A173,1,A191,A201,1,0,0,185802.0,EUROPE
A11,24,A33,A40,1136.0,A61,A71,4,A93,A101,2,A121,43,A143,A153,2,A173,2,A191,A201,2,0,0,92731.0,EUROPE
A12,24,A34,A43,1568.0,A61,A75,4,A93,A101,2,A122,48,A143,A152,2,A172,1,A191,A201,1,0,1,112069.0,EUROPE
A14,18,A32,A43,1704.0,A61,A72,4,A93,A101,1,A121,33,A143,A152,1,A173,1,A191,A201,1,0,0,118621.0,EUROPE
A14,18,A32,A43,4844.0,A61,A72,3,A93,A101,2,A123,32,A143,A152,1,A173,1,A192,A201,1,0,0,321111.0,EUROPE
A12,12,A34,A40,2042.0,A63,A74,3,A91,A101,3,A123,36,A143,A152,1,A174,1,A192,A201,1,0,0,171836.0,EUROPE
A12,24,A32,A41,2728.0,A65,A75,4,A93,A101,4,A124,36,A141,A153,1,A173,1,A192,A201,1,0,0,151713.0,EUROPE
A12,36,A32,A40,10574.0,A65,A73,1,A93,A101,4,A124,37,A143,A153,1,A173,1,A192,A201,2,1,0,1195314.0,EUROPE
A14,24,A34,A42,5067.0,A61,A75,4,A93,A101,4,A123,33,A143,A152,1,A173,1,A192,A201,1,0,0,268461.0,EUROPE
A13,10,A32,A44,1315.0,A61,A73,2,A93,A101,2,A123,37,A143,A152,1,A173,1,A192,A201,1,0,0,142114.0,EUROPE
A11,9,A34,A45,1263.0,A62,A75,3,A93,A103,4,A121,48,A143,A152,2,A173,2,A191,A202,1,0,0,81642.0,EUROPE
A11,18,A34,A40,4865.0,A61,A75,2,A93,A101,4,A124,36,A143,A153,3,A174,1,A192,A201,1,0,0,376043.0,EUROPE
A11,12,A32,A48,827.0,A61,A74,4,A94,A101,4,A122,21,A143,A151,1,A173,1,A191,A201,2,1,0,72714.0,EUROPE
A14,24,A32,A40,1600.0,A62,A72,4,A94,A101,3,A121,33,A143,A152,1,A173,1,A192,A201,1,0,0,167915.0,EUROPE
A11,24,A32,A41,2646.0,A65,A75,2,A92,A101,4,A121,26,A143,A151,1,A173,1,A191,A201,1,0,0,155028.0,EUROPE
A11,24,A32,A42,7898.0,A65,A72,1,A92,A101,2,A122,30,A143,A152,1,A173,1,A192,A202,1,0,0,610367.0,EUROPE
A11,30,A32,A43,2644.0,A61,A75,1,A93,A103,3,A122,39,A143,A152,1,A173,2,A191,A201,1,0,0,207243.0,EUROPE
A13,9,A32,A43,1172.0,A62,A75,2,A91,A101,4,A121,49,A143,A152,1,A173,1,A191,A201,1,0,0,58948.0,EUROPE
A12,12,A32,A40,928.0,A61,A75,4,A93,A101,4,A123,41,A141,A152,1,A172,2,A191,A201,2,1,0,44340.0,EUROPE
A12,16,A34,A40,1222.0,A61,A71,2,A93,A101,3,A123,68,A143,A153,3,A171,1,A192,A201,1,0,0,96343.0,EUROPE
A14,18,A34,A43,1649.0,A61,A73,4,A93,A101,2,A123,24,A143,A152,2,A173,1,A191,A201,1,0,0,186913.0,EUROPE
A14,9,A32,A42,1366.0,A61,A73,4,A92,A101,2,A121,26,A143,A151,1,A173,1,A191,A201,1,0,0,118352.0,EUROPE
A12,9,A32,A46,1021.0,A61,A74,4,A92,A101,4,A122,67,A143,A152,2,A174,1,A192,A201,1,0,0,78338.0,EUROPE
A14,24,A34,A42,2014.0,A61,A74,2,A93,A101,2,A122,30,A143,A152,2,A172,1,A191,A201,1,0,0,219743.0,EUROPE
A14,36,A34,A41,10151.0,A65,A75,2,A93,A101,4,A124,42,A143,A153,2,A173,1,A191,A201,1,0,0,781373.0,EUROPE
A11,30,A34,A41,6580.0,A62,A74,1,A94,A101,4,A123,24,A143,A151,2,A173,1,A191,A201,1,0,0,720813.0,EUROPE
A11,30,A32,A42,2118.0,A61,A74,4,A92,A101,4,A121,23,A143,A151,1,A173,1,A191,A201,2,1,0,160357.0,EUROPE
A12,15,A32,A45,1374.0,A62,A73,4,A93,A103,2,A121,22,A143,A152,1,A173,1,A191,A201,1,0,1,71354.0,EUROPE
A12,24,A32,A42,4054.0,A61,A74,3,A91,A101,3,A123,43,A143,A152,1,A173,1,A192,A201,2,1,0,331887.0,EUROPE
A12,36,A30,A43,4029.0,A61,A73,4,A92,A101,1,A123,42,A143,A152,1,A173,1,A192,A201,2,1,0,436909.0,EUROPE
A12,12,A32,A42,2533.0,A65,A75,1,A92,A101,2,A122,25,A141,A152,1,A173,1,A192,A201,2,1,1,122831.0,EUROPE
A12,36,A33,A40,7264.0,A61,A73,2,A92,A101,2,A122,54,A143,A151,1,A173,1,A191,A201,1,0,0,777765.0,EUROPE
A12,12,A33,A43,554.0,A61,A73,4,A94,A102,4,A121,20,A143,A151,2,A173,1,A191,A201,1,0,0,41830.0,EUROPE
A14,9,A32,A40,2728.0,A63,A75,2,A93,A101,4,A124,51,A143,A153,1,A172,1,A191,A201,1,0,1,241653.0,EUROPE
A14,6,A32,A42,1659.0,A64,A73,4,A91,A101,2,A121,33,A143,A152,1,A173,1,A191,A201,1,0,1,153349.0,EUROPE
A11,42,A32,A43,6111.0,A65,A74,4,A92,A101,3,A123,30,A143,A152,1,A174,1,A192,A201,2,1,0,668431.0,EUROPE
A14,9,A34,A40,1793.0,A61,A73,4,A93,A101,4,A123,48,A143,A152,3,A173,1,A192,A201,1,0,0,190775.0,EUROPE
A14,15,A32,A40,3400.0,A64,A74,2,A92,A101,3,A123,20,A143,A151,1,A173,1,A191,A201,1,0,0,273534.0,EUROPE
A11,18,A34,A42,1864.0,A61,A73,4,A92,A101,4,A121,24,A143,A151,2,A173,1,A191,A201,2,1,0,179149.0,EUROPE
A11,15,A32,A40,4286.0,A61,A73,3,A92,A101,2,A122,29,A143,A152,1,A173,1,A192,A201,2,1,1,221481.0,EUROPE
A11,24,A32,A43,1634.0,A61,A73,2,A93,A101,4,A121,21,A143,A151,1,A172,2,A191,A201,2,1,0,168709.0,EUROPE
A14,33,A34,A41,6632.0,A61,A74,3,A93,A101,2,A123,35,A143,A152,2,A174,1,A192,A201,1,0,1,344637.0,EUROPE
A11,24,A31,A49,3275.0,A61,A73,4,A93,A101,2,A122,31,A143,A151,1,A173,1,A192,A201,2,1,0,220230.0,EUROPE
A11,12,A32,A42,1339.0,A61,A73,2,A93,A101,2,A121,27,A143,A152,1,A173,1,A191,A201,1,0,0,77105.0,EUROPE
A14,24,A32,A49,1117.0,A61,A74,4,A93,A101,1,A121,25,A143,A152,1,A173,1,A192,A201,1,0,0,107830.0,EUROPE
A11,24,A32,A42,3417.0,A61,A75,4,A93,A101,2,A122,39,A143,A151,1,A174,1,A192,A201,2,1,0,299198.0,EUROPE
A11,24,A32,A42,2474.0,A61,A73,2,A91,A101,2,A121,24,A143,A151,1,A172,1,A191,A201,1,0,0,203234.0,EUROPE
A12,12,A32,A42,1063.0,A64,A72,1,A92,A101,4,A121,19,A143,A151,1,A172,1,A191,A201,1,0,0,101212.0,EUROPE
A14,12,A32,A40,2701.0,A65,A71,4,A93,A101,4,A124,38,A143,A152,1,A174,1,A192,A201,1,0,0,247452.0,EUROPE
A14,24,A34,A41,1965.0,A61,A74,4,A93,A101,3,A123,35,A143,A152,2,A173,1,A192,A201,1,0,0,134942.0,EUROPE
A11,36,A34,A46,7379.0,A61,A73,3,A92,A101,2,A124,25,A143,A152,2,A174,1,A192,A201,2,0,0,847479.0,EUROPE
A13,9,A32,A43,1064.0,A62,A75,2,A91,A101,4,A121,49,A143,A152,1,A173,1,A191,A201,1,0,0,114947.0,EUROPE
A14,48,A34,A46,5079.0,A61,A73,1,A93,A101,3,A124,31,A141,A153,1,A173,1,A192,A201,1,0,0,429112.0,EUROPE
A14,24,A34,A41,4067.0,A61,A75,4,A92,A101,2,A123,41,A143,A151,2,A174,1,A192,A201,1,0,0,397036.0,EUROPE
A12,36,A34,A40,2703.0,A61,A72,4,A91,A101,4,A123,27,A143,A152,2,A173,1,A191,A201,2,0,0,273649.0,EUROPE
A14,12,A32,A43,2038.0,A61,A74,4,A93,A101,2,A123,31,A143,A151,2,A174,2,A192,A201,1,0,0,132901.0,EUROPE
A14,24,A34,A41,5916.0,A65,A73,2,A93,A101,4,A122,46,A143,A152,2,A174,2,A192,A201,1,0,1,344989.0,EUROPE
A11,9,A32,A42,1999.0,A61,A73,3,A93,A101,2,A121,25,A143,A152,1,A173,1,A191,A201,1,0,0,159201.0,EUROPE
A14,12,A32,A43,3024.0,A61,A73,2,A93,A101,4,A123,52,A143,A152,1,A173,1,A192,A201,1,0,0,178103.0,EUROPE
A12,14,A32,A49,1422.0,A63,A75,1,A94,A101,2,A121,35,A143,A152,1,A173,1,A192,A201,1,0,0,74066.0,EUROPE
A11,48,A32,A41,4696.0,A61,A74,4,A93,A101,3,A122,26,A143,A152,1,A173,2,A191,A201,1,0,0,253077.0,EUROPE
A12,36,A32,A40,11711.0,A65,A73,1,A93,A101,4,A124,37,A143,A153,1,A173,1,A192,A201,2,0,0,785898.0,EUROPE
A12,6,A32,A40,14373.0,A65,A71,1,A93,A101,2,A122,23,A143,A152,1,A171,1,A192,A201,2,1,0,765363.0,EUROPE
A14,15,A32,A42,2232.0,A63,A73,2,A92,A101,4,A123,20,A143,A151,1,A173,1,A191,A201,1,0,1,113342.0,EUROPE
A11,12,A32,A48,907.0,A61,A74,4,A94,A101,4,A122,21,A143,A151,1,A173,1,A191,A201,2,1,0,92951.0,EUROPE
A14,24,A32,A43,1182.0,A62,A74,4,A94,A101,3,A122,26,A143,A152,1,A173,1,A192,A201,1,0,0,53882.0,EUROPE
A12,36,A33,A40,2876.0,A62,A75,4,A93,A101,3,A124,30,A143,A153,1,A173,1,A191,A201,1,0,0,310914.0,EUROPE
A14,48,A34,A43,3303.0,A65,A75,4,A93,A101,1,A121,47,A143,A152,1,A173,1,A192,A201,1,0,0,328814.0,EUROPE
A12,18,A32,A43,735.0,A61,A73,4,A94,A103,2,A121,25,A143,A152,1,A172,1,A191,A201,1,0,0,46101.0,EUROPE
A11,24,A32,A41,2958.0,A65,A75,2,A92,A101,4,A121,26,A143,A151,1,A173,1,A191,A201,1,0,0,336544.0,EUROPE
A11,12,A33,A40,1346.0,A61,A73,4,A93,A101,2,A121,43,A143,A152,2,A172,2,A191,A201,1,0,1,76044.0,EUROPE
A14,24,A32,A43,1761.0,A62,A73,4,A93,A101,4,A123,29,A143,A151,1,A174,1,A192,A201,1,0,1,90498.0,EUROPE
A12,15,A32,A43,761.0,A61,A75,4,A93,A101,3,A123,37,A143,A152,1,A173,2,A191,A201,2,1,0,88841.0,EUROPE
A11,12,A32,A40,1272.0,A61,A73,4,A92,A101,2,A121,24,A143,A152,1,A172,1,A191,A201,2,1,1,143474.0,EUROPE
A11,24,A32,A43,1893.0,A61,A73,2,A93,A101,4,A121,21,A143,A151,1,A172,2,A191,A201,2,1,1,198971.0,EUROPE
A12,39,A34,A43,4528.0,A61,A74,2,A93,A103,2,A121,25,A143,A152,2,A173,1,A191,A201,2,0,0,339765.0,EUROPE
A11,6,A34,A42,1606.0,A61,A71,4,A93,A101,4,A124,36,A143,A153,3,A174,1,A192,A201,1,0,0,126610.0,EUROPE
A12,36,A32,A45,2564.0,A61,A72,4,A93,A101,1,A124,33,A143,A151,1,A172,1,A191,A201,2,1,0,174416.0,EUROPE
A14,12,A34,A42,1740.0,A61,A75,4,A93,A101,4,A121,43,A143,A152,3,A173,1,A192,A201,1,0,0,108820.0,EUROPE
A12,18,A34,A42,5204.0,A61,A75,2,A93,A101,1,A124,41,A143,A152,1,A173,1,A192,A201,1,0,0,326493.0,EUROPE
A12,21,A32,A42,4071.0,A65,A74,2,A93,A101,3,A123,35,A143,A152,1,A173,1,A192,A201,1,0,0,413177.0,EUROPE
A11,6,A32,A42,388.0,A61,A75,2,A92,A101,1,A122,49,A141,A152,1,A173,1,A192,A201,1,0,1,21168.0,EUROPE
A14,12,A32,A40,3315.0,A65,A72,2,A93,A101,3,A122,45,A143,A152,1,A174,2,A192,A201,1,0,0,297570.0,EUROPE
A12,18,A32,A41,2440.0,A61,A73,1,A94,A101,3,A123,21,A143,A151,1,A173,1,A192,A201,1,0,0,159172.0,EUROPE
A11,21,A32,A43,2180.0,A61,A72,4,A92,A101,4,A122,28,A143,A151,1,A174,1,A192,A201,1,0,1,123290.0,EUROPE
A14,15,A32,A44,1025.0,A63,A74,4,A93,A101,3,A122,36,A143,A152,2,A173,1,A192,A201,1,0,0,98089.0,EUROPE
A11,18,A31,A43,1762.0,A61,A72,3,A93,A102,4,A124,36,A141,A153,1,A174,1,A192,A201,1,0,0,129879.0,EUROPE
A13,12,A32,A43,1129.0,A61,A73,3,A94,A101,4,A121,23,A143,A151,1,A173,1,A191,A201,1,0,0,101230.0,EUROPE
A14,24,A34,A40,2522.0,A62,A74,4,A94,A101,3,A122,27,A143,A152,2,A173,1,A192,A201,1,0,0,129878.0,EUROPE
A12,36,A33,A40,1967.0,A61,A75,4,A93,A101,4,A124,57,A141,A153,2,A173,1,A192,A201,2,0,0,200515.0,EUROPE
A12,18,A34,A43,1235.0,A61,A73,4,A94,A101,2,A123,33,A143,A152,1,A173,1,A191,A201,2,1,0,122786.0,EUROPE
A14,24,A34,A43,2181.0,A62,A75,4,A93,A101,4,A122,52,A141,A152,2,A173,1,A191,A201,1,0,0,162410.0,EUROPE
A14,24,A32,A42,4741.0,A62,A73,4,A93,A101,1,A123,25,A142,A152,1,A173,1,A191,A201,1,0,0,513518.0,EUROPE
A13,10,A32,A42,1267.0,A61,A72,4,A92,A101,2,A122,23,A143,A152,1,A173,1,A191,A201,1,0,0,146393.0,EUROPE
A14,12,A32,A43,676.0,A61,A73,4,A94,A101,2,A121,28,A143,A152,1,A173,1,A191,A201,1,0,0,70380.0,EUROPE
A12,18,A30,A42,3041.0,A61,A73,1,A92,A101,4,A123,33,A141,A152,2,A173,1,A192,A201,1,0,0,201645.0,EUROPE
A11,36,A32,A41,7901.0,A65,A75,3,A93,A101,4,A124,47,A143,A153,1,A173,1,A191,A201,2,1,0,686997.0,EUROPE
A14,12,A31,A48,3658.0,A63,A73,4,A92,A101,3,A121,35,A143,A152,1,A172,2,A191,A201,1,0,0,195035.0,EUROPE
A12,12,A32,A43,1526.0,A61,A72,1,A94,A101,1,A121,23,A143,A151,1,A173,1,A191,A201,2,1,0,170268.0,EUROPE
A11,21,A32,A43,3126.0,A64,A72,4,A92,A101,2,A123,29,A141,A152,1,A173,1,A191,A201,1,0,0,202674.0,EUROPE
A11,9,A34,A45,1128.0,A62,A75,3,A93,A103,4,A121,48,A143,A152,2,A173,2,A191,A202,1,0,1,59210.0,EUROPE
A12,12,A32,A49,872.0,A62,A74,2,A92,A101,4,A121,23,A143,A151,1,A172,1,A191,A201,1,0,1,78190.0,EUROPE
A12,18,A34,A43,1961.0,A61,A75,3,A92,A103,4,A121,48,A141,A151,2,A172,1,A192,A201,1,0,0,204551.0,EUROPE
A14,18,A32,A45,1837.0,A61,A72,4,A92,A101,4,A121,23,A143,A152,1,A173,1,A191,A201,2,1,0,88473.0,EUROPE
A12,12,A32,A40,1394.0,A61,A72,3,A92,A101,1,A123,25,A143,A151,1,A173,1,A191,A201,2,0,0,123279.0,EUROPE
A12,48,A31,A40,10761.0,A65,A71,4,A93,A102,4,A124,36,A143,A153,1,A174,1,A192,A201,1,0,1,926246.0,EUROPE
A14,15,A31,A43,1592.0,A62,A75,4,A93,A101,4,A123,34,A141,A152,1,A172,2,A191,A201,1,0,1,106107.0,EUROPE
A12,18,A32,A43,1111.0,A61,A73,4,A92,A103,4,A121,26,A143,A152,1,A172,2,A191,A201,1,0,0,127670.0,EUROPE
A12,20,A33,A41,7159.0,A65,A74,3,A93,A101,4,A122,36,A141,A151,2,A174,2,A192,A201,1,0,0,814566.0,EUROPE
A12,60,A32,A40,5991.0,A62,A72,4,A92,A101,2,A122,24,A143,A152,1,A174,1,A191,A201,2,1,0,322551.0,EUROPE
A14,12,A34,A43,1117.0,A61,A73,4,A92,A101,2,A122,35,A143,A152,2,A173,1,A191,A201,1,0,0,102831.0,EUROPE
A11,12,A32,A46,591.0,A61,A73,4,A93,A101,4,A123,40,A143,A151,1,A172,2,A191,A201,2,0,0,57511.0,EUROPE
A11,48,A32,A43,7176.0,A61,A74,1,A94,A103,1,A121,34,A143,A152,2,A173,1,A192,A201,2,1,0,525100.0,EUROPE
A11,6,A32,A44,330.0,A61,A72,4,A92,A101,1,A121,27,A143,A152,1,A173,1,A191,A201,1,0,1,22970.0,EUROPE
A14,24,A34,A43,2188.0,A65,A75,4,A93,A101,4,A122,53,A143,A152,2,A173,1,A191,A201,1,0,0,192031.0,EUROPE
A11,48,A32,A46,7503.0,A61,A74,4,A93,A101,1,A124,50,A143,A153,1,A174,1,A192,A201,1,0,0,693035.0,EUROPE
A11,24,A32,A42,1839.0,A61,A72,4,A93,A102,1,A122,24,A143,A152,1,A172,1,A191,A202,1,0,0,113340.0,EUROPE
A14,4,A32,A42,592.0,A61,A72,1,A92,A101,3,A121,23,A143,A151,1,A172,2,A191,A201,1,0,0,35468.0,EUROPE
A14,24,A34,A40,1061.0,A64,A75,4,A92,A101,4,A121,37,A143,A152,2,A173,1,A192,A201,1,0,0,62051.0,EUROPE
A14,22,A32,A40,1348.0,A65,A74,4,A92,A101,4,A122,25,A143,A151,1,A173,1,A191,A201,1,0,0,121868.0,EUROPE
A14,10,A32,A40,1416.0,A62,A73,3,A93,A101,2,A121,35,A143,A151,1,A172,1,A191,A202,1,0,0,89389.0,EUROPE
A12,18,A34,A42,3122.0,A61,A75,3,A92,A101,4,A122,37,A143,A152,1,A173,1,A192,A201,1,0,0,164834.0,EUROPE
A12,12,A34,A40,3367.0,A61,A72,1,A93,A101,3,A121,49,A141,A152,2,A172,2,A191,A201,1,0,1,341791.0,EUROPE
A14,33,A34,A41,6722.0,A61,A74,3,A93,A101,2,A123,35,A143,A152,2,A174,1,A192,A201,1,0,1,598786.0,EUROPE
A14,24,A34,A45,5570.0,A61,A75,3,A93,A101,4,A124,44,A143,A153,2,A173,1,A191,A201,1,0,0,556977.0,EUROPE
A14,15,A32,A41,3006.0,A61,A74,2,A93,A101,2,A123,33,A143,A152,1,A173,1,A191,A201,1,0,0,277698.0,EUROPE
A14,42,A34,A42,3329.0,A63,A73,4,A93,A101,4,A121,36,A143,A152,2,A173,1,A192,A201,1,0,0,162964.0,EUROPE
A11,12,A34,A40,3240.0,A61,A73,3,A92,A102,2,A121,29,A143,A152,2,A173,1,A191,A201,2,1,0,293873.0,EUROPE
A13,24,A32,A42,1729.0,A61,A73,2,A93,A101,2,A121,26,A143,A152,1,A173,1,A191,A201,1,0,1,101386.0,EUROPE
A11,24,A31,A40,2106.0,A62,A74,2,A93,A101,3,A123,32,A141,A152,1,A173,1,A191,A201,1,0,1,233263.0,EUROPE
A12,12,A32,A42,811.0,A62,A72,4,A92,A101,4,A123,27,A141,A151,4,A173,1,A191,A201,2,1,0,59591.0,EUROPE
A14,12,A32,A43,1596.0,A61,A72,4,A92,A101,3,A123,34,A143,A152,1,A173,2,A191,A201,1,0,0,156072.0,EUROPE
A11,12,A32,A43,639.0,A62,A74,4,A94,A101,1,A122,20,A143,A152,1,A173,1,A191,A201,2,1,0,44760.0,EUROPE
A12,9,A32,A40,1458.0,A65,A72,4,A93,A101,2,A121,35,A143,A152,1,A171,1,A191,A201,1,0,0,130629.0,EUROPE
A14,15,A34,A43,1335.0,A61,A73,4,A92,A101,2,A123,43,A143,A152,1,A172,1,A191,A201,1,0,0,133685.0,EUROPE
A11,12,A32,A42,8507.0,A61,A75,4,A93,A101,4,A124,53,A143,A153,1,A174,1,A192,A201,2,1,0,648623.0,EUROPE
A14,36,A32,A41,4852.0,A61,A73,2,A93,A101,2,A124,32,A143,A153,1,A174,1,A192,A201,1,0,0,323333.0,EUROPE
A14,27,A33,A49,5412.0,A61,A74,3,A93,A101,4,A123,26,A143,A152,2,A173,1,A191,A201,1,0,0,558284.0,EUROPE
A12,16,A34,A40,1054.0,A61,A71,2,A93,A101,3,A123,68,A143,A153,3,A171,1,A192,A201,1,0,0,113549.0,EUROPE
A12,36,A32,A43,2389.0,A61,A74,4,A93,A101,4,A123,24,A143,A151,1,A173,1,A191,A201,1,0,0,264364.0,EUROPE
A12,15,A31,A40,1293.0,A62,A73,2,A94,A101,2,A122,25,A143,A151,1,A173,1,A191,A201,2,1,0,140619.0,EUROPE
A11,12,A32,A41,2881.0,A61,A75,3,A93,A101,4,A124,35,A143,A153,1,A173,1,A192,A201,2,1,0,297807.0,EUROPE
A11,47,A32,A40,11043.0,A61,A72,1,A92,A101,1,A121,35,A143,A152,1,A172,1,A192,A201,1,0,0,1065836.0,EUROPE
A14,15,A32,A46,4584.0,A62,A73,3,A93,A101,2,A122,40,A143,A152,1,A174,1,A192,A201,2,1,0,509585.0,EUROPE
A14,18,A34,A43,985.0,A65,A73,4,A93,A101,3,A122,29,A143,A152,2,A173,1,A192,A201,1,0,1,111298.0,EUROPE
A14,36,A34,A49,6192.0,A65,A75,4,A93,A101,4,A121,36,A143,A152,2,A173,1,A191,A201,1,0,0,376560.0,EUROPE
A14,12,A32,A40,2279.0,A65,A75,4,A92,A101,4,A124,52,A143,A153,1,A174,1,A192,A201,1,0,0,208432.0,EUROPE
A14,15,A32,A40,5168.0,A63,A75,1,A92,A101,4,A124,35,A143,A153,1,A173,1,A191,A201,1,0,0,489166.0,EUROPE
A13,12,A32,A42,1183.0,A65,A75,3,A92,A101,4,A121,55,A143,A152,1,A174,1,A192,A201,1,0,0,121957.0,EUROPE
A14,21,A33,A42,1489.0,A62,A74,4,A93,A101,3,A121,34,A143,A152,2,A174,1,A191,A201,1,0,0,168880.0,EUROPE
A12,27,A30,A49,6999.0,A61,A75,2,A92,A101,4,A124,42,A143,A153,2,A174,1,A192,A201,2,1,0,417130.0,EUROPE
A12,6,A32,A40,12319.0,A65,A71,1,A93,A101,2,A122,23,A143,A152,1,A171,1,A192,A201,2,1,0,711536.0,EUROPE
A14,18,A34,A42,1547.0,A61,A73,4,A92,A101,2,A124,28,A143,A152,2,A173,1,A191,A201,1,0,0,81808.0,EUROPE
A14,18,A34,A46,1958.0,A62,A73,4,A92,A101,2,A121,30,A143,A152,2,A173,1,A191,A201,2,0,0,118311.0,EUROPE
A14,18,A34,A40,1341.0,A61,A73,3,A93,A101,2,A122,32,A141,A152,2,A173,1,A191,A201,2,1,0,153643.0,EUROPE
A11,30,A32,A43,2065.0,A61,A75,1,A93,A103,3,A122,39,A143,A152,1,A173,2,A191,A201,1,0,0,195929.0,EUROPE
A14,48,A34,A49,8122.0,A65,A75,4,A91,A101,2,A123,46,A141,A152,2,A174,2,A191,A201,1,0,0,801608.0,EUROPE
A14,12,A34,A40,1220.0,A61,A75,4,A93,A101,4,A121,61,A143,A152,2,A172,1,A191,A201,1,0,0,101577.0,EUROPE
A13,12,A32,A43,1966.0,A61,A73,2,A92,A101,2,A123,44,A143,A151,1,A172,1,A192,A201,1,0,0,120781.0,EUROPE
A12,9,A32,A43,387.0,A61,A73,4,A93,A101,3,A121,24,A143,A152,1,A173,1,A191,A201,1,0,0,20588.0,EUROPE
A12,36,A32,A40,11422.0,A65,A73,1,A93,A101,4,A124,37,A143,A153,1,A173,1,A192,A201,2,1,0,812509.0,EUROPE
A11,15,A32,A40,2153.0,A61,A71,1,A92,A101,4,A123,23,A143,A151,1,A173,1,A191,A201,1,0,0,194512.0,EUROPE
A13,15,A32,A46,397.0,A61,A72,4,A92,A101,4,A122,23,A143,A151,1,A173,1,A192,A201,1,0,0,25219.0,EUROPE
A14,48,A34,A49,6744.0,A65,A75,4,A91,A101,2,A123,46,A141,A152,2,A174,2,A191,A201,1,0,0,729581.0,EUROPE
A11,24,A32,A42,3003.0,A65,A73,2,A94,A101,4,A123,20,A143,A152,1,A173,1,A191,A201,2,1,0,217731.0,EUROPE
A14,36,A34,A41,11944.0,A65,A73,4,A93,A101,2,A123,30,A143,A152,1,A174,1,A192,A201,1,0,0,1152720.0,EUROPE
A11,36,A34,A41,8416.0,A61,A74,4,A93,A101,4,A123,24,A143,A152,2,A173,1,A192,A201,2,0,0,517281.0,EUROPE
A11,12,A31,A48,290.0,A61,A75,4,A94,A101,1,A123,45,A141,A152,1,A172,1,A191,A201,1,0,0,31668.0,EUROPE
A14,30,A31,A41,7076.0,A65,A71,4,A92,A101,1,A121,53,A141,A152,1,A174,1,A192,A201,2,1,1,624050.0,EUROPE
A12,20,A30,A41,5842.0,A62,A75,3,A94,A101,4,A123,31,A141,A152,2,A173,1,A192,A201,1,0,0,348577.0,EUROPE
A12,6,A31,A40,816.0,A62,A72,1,A92,A101,1,A122,32,A142,A152,1,A172,1,A191,A201,2,1,0,37955.0,EUROPE
A14,15,A32,A41,3948.0,A61,A73,3,A93,A101,2,A123,30,A143,A152,1,A173,1,A192,A201,1,0,1,269038.0,EUROPE
A12,12,A32,A45,539.0,A61,A73,4,A93,A101,2,A123,30,A143,A152,1,A173,1,A191,A201,2,1,1,41754.0,EUROPE
A12,21,A32,A49,2641.0,A62,A75,4,A91,A101,2,A123,61,A141,A151,2,A172,1,A191,A201,2,1,1,282845.0,EUROPE
A11,18,A32,A42,4394.0,A61,A73,2,A93,A102,3,A123,42,A143,A152,1,A173,1,A191,A201,2,1,0,292838.0,EUROPE
A14,12,A34,A46,1707.0,A65,A74,4,A92,A101,2,A123,61,A143,A152,1,A173,1,A191,A201,1,0,0,193164.0,EUROPE
A11,18,A34,A45,1088.0,A61,A71,2,A92,A101,4,A124,55,A143,A153,3,A171,2,A191,A201,2,1,0,104923.0,EUROPE
A11,27,A30,A49,5322.0,A61,A71,2,A93,A101,4,A122,50,A142,A152,2,A173,1,A192,A201,2,1,0,497349.0,EUROPE
A14,18,A34,A46,2005.0,A62,A73,4,A92,A101,2,A121,30,A143,A152,2,A173,1,A191,A201,2,1,0,184029.0,EUROPE
A14,12,A32,A43,1812.0,A62,A73,4,A92,A102,2,A121,28,A143,A152,1,A173,1,A191,A201,1,0,0,136654.0,EUROPE
A11,15,A30,A40,949.0,A61,A75,4,A93,A101,3,A123,33,A143,A151,2,A173,2,A191,A201,2,1,0,82901.0,EUROPE
A14,12,A34,A43,873.0,A65,A75,4,A93,A101,4,A121,65,A143,A152,4,A173,1,A191,A201,1,0,0,73126.0,EUROPE
A12,18,A34,A42,1315.0,A61,A72,4,A92,A101,1,A122,27,A143,A152,2,A173,1,A191,A201,1,0,0,91494.0,EUROPE
A12,36,A33,A40,6267.0,A61,A73,2,A92,A101,2,A122,54,A143,A151,1,A173,1,A191,A201,1,0,0,727752.0,EUROPE
A11,60,A33,A49,6962.0,A61,A75,3,A93,A101,4,A124,63,A143,A152,2,A173,1,A192,A201,2,1,1,596056.0,EUROPE
A12,12,A34,A41,2002.0,A61,A71,4,A93,A101,2,A123,34,A143,A152,2,A174,1,A192,A201,1,0,0,131855.0,EUROPE
A14,12,A32,A43,678.0,A61,A73,4,A94,A101,2,A121,28,A143,A152,1,A173,1,A191,A201,1,0,0,57811.0,EUROPE
A14,4,A34,A43,1250.0,A61,A74,2,A93,A101,1,A121,42,A143,A152,2,A172,2,A191,A201,1,0,0,117789.0,EUROPE
A11,12,A32,A42,3245.0,A61,A73,2,A93,A102,2,A122,29,A143,A152,1,A172,2,A191,A201,1,0,1,175802.0,EUROPE
A14,24,A32,A41,7757.0,A61,A74,3,A93,A101,3,A123,38,A143,A152,1,A174,1,A192,A201,1,0,0,774038.0,EUROPE
A12,18,A32,A49,1775.0,A64,A73,4,A93,A101,2,A122,35,A143,A152,1,A172,1,A192,A201,1,0,0,100829.0,EUROPE
A14,15,A34,A43,1107.0,A61,A73,4,A93,A101,2,A122,31,A143,A152,2,A173,1,A191,A201,1,0,0,81078.0,EUROPE
A14,36,A32,A42,3054.0,A61,A73,4,A92,A101,2,A123,28,A143,A152,1,A174,1,A192,A201,2,1,0,327725.0,EUROPE
A14,18,A32,A42,2611.0,A61,A73,3,A93,A101,4,A121,43,A143,A152,1,A173,1,A192,A201,1,0,0,198386.0,EUROPE
A11,24,A31,A40,996.0,A61,A71,1,A92,A102,4,A124,29,A143,A151,2,A171,1,A191,A201,2,1,0,47035.0,EUROPE
A11,48,A31,A49,6274.0,A61,A74,2,A92,A103,4,A123,37,A143,A151,1,A173,1,A191,A201,2,1,0,436247.0,EUROPE
A14,6,A32,A42,1292.0,A64,A73,4,A91,A101,2,A121,33,A143,A152,1,A173,1,A191,A201,1,0,0,59868.0,EUROPE
A11,24,A32,A41,2303.0,A65,A75,2,A92,A101,4,A121,26,A143,A151,1,A173,1,A191,A201,1,0,1,264547.0,EUROPE
A12,24,A32,A40,2703.0,A61,A73,3,A92,A101,4,A122,20,A143,A151,1,A172,1,A192,A201,2,1,1,180840.0,EUROPE
A12,9,A32,A42,2046.0,A65,A74,2,A93,A101,1,A123,24,A143,A152,1,A173,1,A192,A201,1,0,0,219503.0,EUROPE
A11,18,A33,A46,7001.0,A65,A73,1,A92,A101,2,A123,23,A143,A151,2,A173,1,A192,A201,1,0,0,379855.0,EUROPE
A14,36,A32,A46,1545.0,A61,A73,4,A93,A101,4,A124,37,A142,A153,1,A173,1,A192,A201,2,1,0,123111.0,EUROPE
A14,15,A34,A43,1472.0,A61,A73,4,A92,A101,2,A123,43,A143,A152,1,A172,1,A191,A201,1,0,0,92097.0,EUROPE
A11,12,A34,A40,1938.0,A61,A73,3,A93,A101,2,A121,39,A143,A151,2,A172,2,A191,A202,1,0,0,102707.0,EUROPE
A14,4,A34,A43,1264.0,A61,A74,2,A93,A101,1,A121,42,A143,A152,3,A172,2,A191,A201,1,0,0,141337.0,EUROPE
A14,24,A34,A43,4677.0,A61,A72,3,A94,A101,3,A124,47,A143,A153,3,A173,1,A192,A201,1,0,0,446970.0,EUROPE
A11,40,A34,A46,6466.0,A61,A73,4,A93,A101,3,A124,27,A141,A152,1,A173,1,A192,A201,2,1,0,548391.0,EUROPE
A11,6,A34,A40,898.0,A61,A75,1,A92,A101,4,A124,39,A143,A152,2,A173,1,A192,A201,1,0,0,47321.0,EUROPE
A14,10,A32,A41,2659.0,A65,A72,1,A92,A101,4,A121,31,A143,A151,1,A173,1,A191,A201,1,0,0,266255.0,EUROPE
A12,24,A32,A42,3726.0,A61,A74,3,A91,A101,3,A123,43,A143,A152,1,A173,1,A192,A201,2,1,0,401207.0,EUROPE
A12,30,A31,A42,3744.0,A64,A73,4,A93,A101,2,A123,34,A142,A152,1,A173,2,A192,A201,1,0,1,228478.0,EUROPE
A12,36,A34,A43,2252.0,A61,A75,4,A93,A101,4,A121,36,A143,A152,1,A173,1,A191,A201,1,0,0,155677.0,EUROPE
A12,36,A32,A41,7487.0,A61,A73,2,A93,A101,2,A123,35,A143,A151,1,A174,1,A192,A201,1,0,1,786647.0,EUROPE
A14,12,A34,A42,1150.0,A61,A72,2,A92,A101,4,A122,22,A143,A151,2,A172,1,A191,A201,1,0,0,65584.0,EUROPE
A11,24,A32,A43,1584.0,A61,A71,4,A93,A101,2,A123,30,A142,A152,1,A174,2,A191,A201,2,1,1,108669.0,EUROPE
A13,12,A32,A40,1377.0,A61,A72,4,A93,A101,1,A121,26,A143,A152,1,A173,1,A191,A201,1,0,0,68830.0,EUROPE
A14,48,A34,A40,10139.0,A63,A73,2,A93,A101,2,A124,44,A141,A153,1,A173,1,A191,A201,2,1,0,588863.0,EUROPE
A11,24,A32,A43,1986.0,A61,A72,4,A91,A101,3,A122,32,A143,A152,1,A173,1,A191,A201,2,1,0,223239.0,EUROPE
A11,48,A34,A41,6402.0,A61,A75,4,A92,A101,4,A124,58,A142,A153,2,A172,1,A191,A201,2,1,0,360939.0,EUROPE
A12,72,A32,A43,6063.0,A62,A73,2,A94,A101,2,A123,24,A143,A152,1,A173,1,A191,A201,2,1,1,631030.0,EUROPE
A14,18,A34,A41,3238.0,A61,A74,3,A93,A101,1,A123,27,A143,A152,2,A173,1,A191,A201,1,0,1,164160.0,EUROPE
A13,24,A32,A42,1861.0,A61,A73,2,A93,A101,2,A121,26,A143,A152,1,A173,1,A191,A201,1,0,0,182509.0,EUROPE
A14,12,A32,A40,690.0,A61,A73,4,A91,A101,2,A121,49,A143,A152,1,A172,1,A191,A201,1,0,0,78103.0,EUROPE
A12,9,A32,A43,1784.0,A61,A73,2,A93,A101,2,A121,37,A143,A152,1,A172,2,A191,A201,1,0,0,97743.0,EUROPE
A11,12,A32,A40,3845.0,A64,A73,1,A93,A101,3,A122,31,A143,A152,1,A173,2,A191,A201,1,0,0,254660.0,EUROPE
A12,48,A32,A42,10606.0,A61,A72,1,A92,A101,2,A123,26,A143,A152,1,A173,1,A192,A201,2,1,1,847118.0,EUROPE
A14,24,A32,A43,3065.0,A65,A72,4,A93,A101,2,A123,25,A143,A152,2,A173,1,A191,A201,1,0,0,329264.0,EUROPE
A14,6,A31,A43,1489.0,A63,A75,2,A93,A101,4,A122,45,A141,A152,1,A172,2,A191,A201,1,0,0,105809.0,EUROPE
A11,8,A34,A40,629.0,A61,A75,4,A93,A101,4,A121,47,A143,A152,2,A172,1,A191,A201,1,0,0,44364.0,EUROPE
A14,12,A34,A40,1093.0,A61,A75,4,A93,A101,4,A121,61,A143,A152,2,A172,1,A191,A201,1,0,0,106285.0,EUROPE
A14,33,A33,A49,2276.0,A61,A73,2,A92,A101,2,A123,26,A143,A152,2,A173,1,A192,A201,1,0,0,160263.0,EUROPE
A11,6,A32,A41,1408.0,A63,A71,1,A92,A101,2,A122,23,A143,A151,1,A171,1,A192,A201,1,0,0,76496.0,EUROPE
A14,12,A32,A49,1472.0,A61,A74,2,A93,A101,4,A123,36,A143,A152,1,A173,1,A192,A201,1,0,0,144977.0,EUROPE
A14,15,A32,A43,1028.0,A63,A75,4,A93,A101,3,A122,47,A142,A152,1,A173,1,A192,A201,1,0,0,77367.0,EUROPE
A14,6,A32,A41,1108.0,A63,A73,2,A93,A101,4,A122,50,A143,A151,1,A173,1,A191,A201,1,0,1,87439.0,EUROPE
A11,12,A32,A46,699.0,A61,A73,4,A93,A101,4,A123,40,A143,A151,1,A172,2,A191,A201,2,1,0,46167.0,EUROPE
A13,6,A32,A40,717.0,A64,A72,2,A94,A101,2,A121,27,A143,A152,1,A171,1,A191,A202,1,0,0,66551.0,EUROPE
A12,9,A34,A43,1225.0,A61,A75,2,A93,A101,4,A121,37,A143,A152,3,A172,1,A191,A201,1,0,0,78079.0,EUROPE
A11,12,A32,A42,1448.0,A61,A73,2,A93,A101,2,A121,27,A143,A152,1,A173,1,A191,A201,1,0,1,164275.0,EUROPE
A13,9,A32,A43,1198.0,A62,A75,2,A91,A101,4,A121,49,A143,A152,1,A173,1,A191,A201,1,0,0,137770.0,EUROPE
A11,24,A31,A42,2233.0,A63,A73,4,A93,A101,4,A121,22,A142,A152,1,A173,1,A192,A201,1,0,0,133588.0,EUROPE
A11,12,A32,A42,2970.0,A61,A73,2,A93,A102,2,A122,29,A143,A152,1,A172,2,A191,A201,1,0,0,264321.0,EUROPE
A14,24,A33,A42,4214.0,A62,A73,2,A93,A101,3,A122,35,A143,A152,2,A173,1,A191,A201,1,0,0,377450.0,EUROPE
A14,24,A32,A42,2647.0,A63,A75,3,A93,A101,4,A122,53,A143,A152,1,A173,1,A191,A201,1,0,0,218827.0,EUROPE
A11,12,A34,A40,3361.0,A61,A73,3,A92,A102,2,A121,29,A143,A152,2,A173,1,A191,A201,2,1,1,313066.0,EUROPE
A13,24,A34,A40,1462.0,A65,A74,4,A93,A101,2,A121,37,A141,A152,2,A172,2,A191,A201,2,0,0,86708.0,EUROPE
A12,12,A34,A40,1795.0,A62,A72,4,A93,A101,1,A123,27,A143,A152,1,A173,1,A191,A201,1,0,0,90784.0,EUROPE
A12,20,A32,A41,6372.0,A65,A71,1,A91,A101,4,A121,60,A143,A152,1,A174,1,A192,A201,1,0,1,446597.0,EUROPE
A11,18,A32,A40,2218.0,A62,A74,4,A93,A101,3,A123,30,A143,A152,1,A174,2,A192,A201,1,0,1,172070.0,EUROPE
A11,12,A32,A42,560.0,A61,A75,4,A92,A101,4,A122,24,A143,A151,1,A173,1,A191,A201,1,0,0,32528.0,EUROPE
A12,36,A33,A40,7272.0,A61,A73,2,A92,A101,2,A122,54,A143,A151,1,A173,1,A191,A201,1,0,1,405168.0,EUROPE
A14,12,A34,A42,1411.0,A63,A74,3,A92,A101,4,A123,37,A143,A151,1,A173,1,A192,A201,1,0,1,148014.0,EUROPE
A11,48,A32,A41,8497.0,A61,A74,4,A93,A101,4,A124,39,A142,A153,3,A173,2,A192,A201,2,1,1,393502.0,EUROPE
A12,45,A34,A43,5101.0,A61,A72,4,A93,A101,2,A122,25,A143,A152,2,A172,1,A191,A201,2,1,1,341733.0,EUROPE
A14,48,A32,A43,11008.0,A65,A74,4,A93,A101,3,A123,37,A142,A152,1,A173,1,A192,A201,1,0,0,816633.0,EUROPE
A14,36,A33,A43,4740.0,A61,A73,4,A93,A101,2,A123,26,A143,A152,2,A174,1,A192,A201,2,0,0,298666.0,EUROPE
A11,6,A32,A42,1371.0,A61,A73,1,A93,A101,2,A121,36,A141,A152,1,A172,1,A192,A201,1,0,0,105288.0,EUROPE
A14,36,A33,A43,4648.0,A61,A73,4,A93,A101,2,A123,26,A143,A152,2,A174,1,A192,A201,2,1,0,360917.0,EUROPE
A14,9,A34,A40,1905.0,A61,A73,4,A93,A101,4,A123,48,A143,A152,3,A173,1,A192,A201,1,0,0,172080.0,EUROPE
A12,12,A32,A42,998.0,A62,A72,4,A92,A101,4,A123,27,A141,A151,4,A173,1,A191,A201,2,1,0,69096.0,EUROPE
A12,9,A32,A46,1204.0,A61,A74,4,A92,A101,4,A122,67,A143,A152,2,A174,1,A192,A201,1,0,0,122869.0,EUROPE
A12,12,A32,A40,1205.0,A61,A75,1,A91,A101,1,A121,46,A143,A151,2,A173,1,A191,A201,2,1,1,93861.0,EUROPE
A12,48,A32,A49,13884.0,A61,A73,2,A93,A101,2,A123,23,A143,A152,1,A173,1,A192,A201,2,1,0,1308238.0,EUROPE
A11,12,A32,A46,637.0,A61,A73,4,A93,A101,4,A123,40,A143,A151,1,A172,2,A191,A201,2,1,0,48252.0,EUROPE
A12,12,A34,A43,3429.0,A61,A73,1,A92,A101,1,A121,23,A143,A152,1,A172,1,A191,A201,1,0,0,227684.0,EUROPE
A11,18,A33,A46,8668.0,A65,A73,1,A92,A101,2,A123,23,A143,A151,2,A173,1,A192,A201,1,0,0,556540.0,EUROPE
A12,30,A32,A43,2893.0,A65,A75,2,A92,A101,4,A123,25,A143,A152,1,A173,1,A191,A201,1,0,0,286875.0,EUROPE
A14,9,A32,A40,2446.0,A63,A75,2,A93,A101,4,A124,51,A143,A153,1,A172,1,A191,A201,1,0,0,219438.0,EUROPE
A12,30,A32,A43,2574.0,A65,A75,2,A92,A101,4,A123,25,A143,A152,1,A173,1,A191,A201,1,0,0,125161.0,EUROPE
A14,10,A34,A40,1020.0,A61,A75,3,A93,A101,4,A121,32,A143,A152,2,A172,2,A191,A202,1,0,0,79663.0,EUROPE
A11,36,A32,A46,1764.0,A65,A75,4,A93,A101,4,A124,40,A143,A152,1,A174,1,A192,A201,2,1,0,181022.0,EUROPE
A14,10,A32,A41,3059.0,A65,A72,1,A92,A101,4,A121,31,A143,A151,1,A173,1,A191,A201,1,0,0,267821.0,EUROPE
A12,9,A32,A40,3269.0,A65,A73,1,A92,A101,2,A121,33,A143,A152,1,A172,1,A191,A201,1,0,0,253710.0,EUROPE
A12,36,A32,A43,2083.0,A61,A74,4,A93,A101,4,A123,24,A143,A151,1,A173,1,A191,A201,1,0,0,184480.0,EUROPE
A12,24,A32,A410,10305.0,A61,A73,2,A93,A102,3,A123,29,A141,A152,2,A174,1,A192,A201,2,1,0,1028085.0,EUROPE
A14,33,A33,A49,2486.0,A61,A73,2,A92,A101,2,A123,26,A143,A152,2,A173,1,A192,A201,1,0,1,241026.0,EUROPE
A14,24,A34,A41,2396.0,A61,A74,4,A93,A101,3,A123,35,A143,A152,2,A173,1,A192,A201,1,0,0,208963.0,EUROPE
A12,39,A34,A43,5083.0,A61,A74,2,A93,A103,2,A121,25,A143,A152,2,A173,1,A191,A201,2,1,0,517488.0,EUROPE
A14,24,A33,A49,3140.0,A61,A73,1,A93,A101,2,A124,32,A143,A153,1,A173,1,A191,A201,1,0,0,292534.0,EUROPE
A14,21,A30,A40,4250.0,A65,A73,1,A92,A101,4,A122,29,A141,A152,2,A173,1,A192,A201,2,1,0,411601.0,EUROPE
A12,36,A33,A40,1944.0,A61,A75,4,A93,A101,4,A124,57,A141,A153,2,A173,1,A192,A201,2,1,1,95952.0,EUROPE
A12,24,A33,A40,2119.0,A65,A73,4,A92,A101,4,A123,42,A143,A151,2,A173,1,A192,A201,1,0,0,244996.0,EUROPE
A14,22,A32,A40,1063.0,A65,A74,4,A92,A101,4,A122,25,A143,A151,1,A173,1,A191,A201,1,0,0,111593.0,EUROPE
A11,21,A34,A40,593.0,A61,A75,4,A93,A101,4,A121,65,A143,A152,2,A173,1,A191,A201,1,0,1,53794.0,EUROPE
A12,20,A30,A41,6706.0,A62,A75,3,A94,A101,4,A123,31,A141,A152,2,A173,1,A192,A201,1,0,0,349636.0,EUROPE
A14,48,A32,A49,4274.0,A61,A71,3,A93,A101,2,A123,33,A141,A151,1,A174,1,A192,A201,2,1,0,242741.0,EUROPE
A12,20,A30,A41,5947.0,A62,A75,3,A94,A101,4,A123,31,A141,A152,2,A173,1,A192,A201,1,0,0,480068.0,EUROPE
A11,12,A30,A43,5712.0,A61,A73,4,A93,A101,2,A122,28,A143,A151,2,A173,1,A192,A201,2,1,0,515408.0,EUROPE
A11,39,A34,A42,12280.0,A65,A74,4,A93,A101,4,A122,30,A143,A152,2,A174,1,A192,A201,1,0,0,1224596.0,EUROPE
A11,18,A34,A40,3379.0,A61,A75,1,A92,A101,4,A121,33,A141,A151,3,A173,1,A192,A201,2,1,0,274840.0,EUROPE
A12,12,A30,A42,2891.0,A61,A72,4,A92,A101,3,A122,25,A143,A151,2,A173,1,A191,A201,2,1,0,146074.0,EUROPE
A12,24,A32,A40,3687.0,A62,A74,2,A93,A101,3,A123,38,A141,A152,2,A173,1,A192,A201,1,0,0,260318.0,EUROPE
A12,24,A32,A43,1877.0,A61,A72,1,A94,A101,1,A122,22,A143,A152,1,A173,1,A192,A201,2,1,0,92387.0,EUROPE
A14,36,A32,A40,917.0,A63,A75,4,A93,A101,4,A122,36,A143,A152,1,A173,1,A191,A201,1,0,1,50016.0,EUROPE
A12,6,A32,A43,1681.0,A61,A72,4,A94,A101,3,A123,30,A143,A151,1,A174,1,A192,A201,1,0,0,116527.0,EUROPE
A12,36,A32,A43,2220.0,A62,A73,4,A92,A102,4,A124,50,A143,A153,1,A173,1,A191,A201,2,1,0,192617.0,EUROPE
A12,12,A32,A42,3144.0,A61,A72,3,A92,A101,1,A121,34,A143,A151,1,A174,1,A191,A201,1,0,0,158291.0,EUROPE
A12,18,A32,A40,5960.0,A62,A73,2,A93,A101,2,A123,30,A143,A152,2,A173,1,A192,A201,1,0,0,513763.0,EUROPE
A13,24,A32,A40,844.0,A61,A74,4,A93,A101,3,A124,38,A141,A153,1,A173,2,A191,A201,2,0,0,68682.0,EUROPE
A14,6,A32,A45,674.0,A63,A74,2,A94,A101,4,A121,23,A143,A151,1,A172,1,A191,A201,1,0,0,33180.0,EUROPE
A14,24,A32,A43,2169.0,A63,A75,3,A93,A101,2,A123,35,A141,A152,2,A173,1,A192,A201,2,0,0,211738.0,EUROPE
A14,27,A33,A49,4783.0,A61,A74,3,A93,A101,4,A123,26,A143,A152,2,A173,1,A191,A201,1,0,1,275625.0,EUROPE
A11,30,A32,A41,3684.0,A61,A73,4,A91,A101,4,A122,40,A143,A152,1,A174,1,A192,A201,1,0,1,250364.0,EUROPE
A11,24,A31,A43,1461.0,A61,A74,4,A93,A103,4,A123,24,A141,A151,1,A172,1,A191,A201,2,1,0,134730.0,EUROPE
A14,36,A32,A43,2029.0,A65,A73,4,A92,A101,4,A123,25,A143,A152,1,A173,1,A191,A201,1,0,1,189214.0,EUROPE
A11,24,A31,A41,3861.0,A61,A73,1,A92,A103,4,A123,22,A141,A151,1,A173,1,A191,A202,1,0,0,386148.0,EUROPE
A14,60,A32,A40,6981.0,A65,A73,4,A93,A101,4,A124,34,A143,A153,1,A173,2,A192,A201,1,0,0,583609.0,EUROPE
A11,36,A32,A43,1874.0,A61,A73,4,A91,A101,4,A123,31,A143,A151,1,A173,1,A191,A201,2,1,0,199561.0,EUROPE
A14,15,A33,A43,1242.0,A61,A73,4,A94,A101,3,A121,33,A141,A152,2,A173,1,A191,A201,1,0,0,133266.0,EUROPE
A14,24,A34,A42,1408.0,A61,A74,4,A93,A101,3,A122,40,A143,A152,2,A173,1,A191,A201,1,0,0,127401.0,EUROPE
A14,24,A31,A49,1580.0,A61,A74,4,A93,A101,4,A123,50,A141,A152,1,A173,1,A192,A201,1,0,0,122199.0,EUROPE
A14,24,A34,A40,1751.0,A61,A73,4,A92,A101,4,A123,37,A143,A152,1,A173,1,A192,A201,1,0,0,181315.0,EUROPE
A11,24,A32,A42,3616.0,A61,A73,4,A93,A101,4,A122,28,A143,A152,1,A173,1,A191,A201,1,0,0,419913.0,EUROPE
A11,24,A33,A43,1113.0,A61,A72,4,A94,A101,4,A121,48,A142,A152,1,A173,1,A191,A201,2,1,0,123802.0,EUROPE
A14,6,A33,A49,1896.0,A62,A73,1,A93,A101,2,A121,34,A143,A152,2,A172,1,A191,A201,1,0,0,186749.0,EUROPE
A12,15,A33,A45,1418.0,A64,A73,3,A94,A101,3,A122,61,A142,A152,2,A173,1,A191,A201,2,1,0,68177.0,EUROPE
A13,12,A32,A43,1739.0,A61,A73,2,A92,A101,2,A123,44,A143,A151,1,A172,1,A192,A201,1,0,0,185772.0,EUROPE
A11,6,A32,A41,1099.0,A63,A71,1,A92,A101,2,A122,23,A143,A151,1,A171,1,A192,A201,1,0,0,98974.0,EUROPE
A12,11,A32,A42,1610.0,A64,A72,4,A92,A101,1,A121,20,A143,A152,1,A173,1,A191,A201,1,0,0,168210.0,EUROPE
A14,15,A31,A43,1548.0,A62,A75,4,A93,A101,4,A123,34,A141,A152,1,A172,2,A191,A201,1,0,0,110927.0,EUROPE
A14,30,A34,A43,5548.0,A65,A74,2,A93,A101,3,A122,36,A143,A152,2,A173,1,A191,A201,1,0,0,332709.0,EUROPE
A13,15,A32,A43,1880.0,A61,A72,2,A92,A101,3,A121,25,A143,A152,1,A172,1,A191,A201,2,1,0,126066.0,EUROPE
A12,24,A32,A40,1318.0,A61,A72,3,A92,A101,4,A123,25,A143,A152,1,A172,1,A192,A201,2,1,0,74518.0,EUROPE
A14,10,A32,A48,847.0,A65,A74,4,A92,A101,3,A122,40,A143,A152,1,A173,1,A192,A201,1,0,0,79392.0,EUROPE
A14,10,A32,A43,1847.0,A61,A73,1,A93,A101,4,A122,38,A143,A152,1,A173,1,A192,A202,1,0,1,185520.0,EUROPE
A14,18,A32,A43,1461.0,A61,A73,4,A93,A101,2,A124,32,A143,A153,1,A174,1,A192,A201,1,0,0,131235.0,EUROPE
A14,60,A32,A43,10492.0,A62,A74,2,A92,A101,4,A121,21,A143,A152,1,A173,1,A192,A201,1,0,0,1209671.0,EUROPE
A14,15,A32,A40,4841.0,A63,A75,1,A92,A101,4,A124,35,A143,A153,1,A173,1,A191,A201,1,0,0,487137.0,EUROPE
A13,12,A32,A43,2915.0,A65,A75,2,A93,A101,3,A123,37,A143,A152,1,A174,1,A191,A201,1,0,0,254612.0,EUROPE
A14,24,A32,A43,5569.0,A65,A72,1,A92,A101,1,A123,44,A143,A152,2,A173,1,A192,A201,2,1,0,580467.0,EUROPE
A14,18,A32,A43,1118.0,A65,A72,4,A92,A101,2,A121,21,A143,A151,1,A173,1,A192,A201,1,0,0,71265.0,EUROPE
A11,18,A34,A42,878.0,A61,A72,4,A92,A101,4,A122,21,A143,A151,1,A173,1,A191,A201,1,0,0,95636.0,EUROPE
A11,24,A34,A41,7016.0,A61,A71,2,A93,A101,4,A124,75,A143,A153,2,A174,1,A192,A201,1,0,0,727147.0,EUROPE
A14,33,A33,A49,2769.0,A61,A73,2,A92,A101,2,A123,26,A143,A152,2,A173,1,A192,A201,1,0,0,271835.0,EUROPE
A14,36,A32,A43,2136.0,A63,A75,4,A93,A101,4,A123,39,A143,A152,1,A173,1,A191,A201,1,0,0,204808.0,EUROPE
A14,30,A34,A43,7222.0,A65,A74,2,A93,A101,3,A122,36,A143,A152,2,A173,1,A191,A201,1,0,0,546794.0,EUROPE
A14,36,A34,A41,4719.0,A64,A75,4,A93,A101,2,A123,38,A143,A152,2,A174,1,A192,A201,1,0,1,387493.0,EUROPE
A12,60,A32,A40,13636.0,A61,A74,4,A93,A101,2,A124,27,A143,A152,1,A174,1,A192,A201,2,1,1,1487554.0,EUROPE
A11,48,A30,A42,7443.0,A61,A73,3,A93,A101,4,A124,53,A143,A153,2,A173,2,A191,A201,2,1,0,365364.0,EUROPE
A11,14,A32,A40,3267.0,A61,A71,1,A93,A101,4,A124,22,A143,A153,1,A173,1,A191,A201,1,0,0,280981.0,EUROPE
A14,60,A32,A40,11178.0,A61,A75,2,A93,A101,4,A122,42,A143,A152,1,A174,1,A192,A201,1,0,0,1022982.0,EUROPE
A12,18,A34,A42,1897.0,A61,A72,2,A93,A101,2,A121,31,A143,A152,2,A172,1,A191,A201,2,1,0,143383.0,EUROPE
A11,18,A31,A43,1996.0,A61,A72,3,A93,A102,4,A124,36,A141,A153,1,A174,1,A192,A201,1,0,0,103107.0,EUROPE
A11,6,A34,A40,595.0,A61,A74,4,A92,A101,3,A122,37,A143,A152,2,A173,1,A191,A202,1,0,0,39332.0,EUROPE
A11,15,A32,A40,2397.0,A61,A71,1,A92,A101,4,A123,23,A143,A151,1,A173,1,A191,A201,1,0,0,171720.0,EUROPE
A14,36,A32,A49,7176.0,A65,A75,3,A93,A101,2,A122,37,A143,A152,2,A173,1,A191,A201,1,0,0,817765.0,EUROPE
A11,48,A32,A43,7363.0,A61,A73,3,A92,A101,2,A123,31,A143,A152,1,A173,1,A192,A201,2,0,0,703298.0,EUROPE
A11,30,A32,A41,3620.0,A61,A73,4,A91,A101,4,A122,40,A143,A152,1,A174,1,A192,A201,1,0,1,368914.0,EUROPE
A14,12,A34,A40,903.0,A61,A71,1,A92,A101,2,A122,38,A143,A152,1,A171,1,A191,A201,1,0,0,74215.0,EUROPE
A11,24,A31,A41,3541.0,A61,A73,1,A92,A103,4,A123,22,A141,A151,1,A173,1,A191,A202,1,0,1,338624.0,EUROPE
A12,24,A34,A49,2478.0,A65,A74,4,A93,A101,3,A124,34,A143,A152,2,A173,2,A192,A201,1,0,0,209234.0,EUROPE
A14,11,A34,A40,5883.0,A61,A73,1,A93,A101,4,A122,39,A143,A152,2,A172,1,A191,A201,1,0,0,410952.0,EUROPE
A14,6,A32,A42,1862.0,A61,A73,1,A94,A101,2,A122,21,A143,A151,1,A173,1,A191,A201,1,0,0,172056.0,EUROPE
A13,15,A34,A43,1304.0,A65,A73,3,A93,A101,4,A124,39,A143,A153,2,A173,1,A192,A201,2,1,1,92578.0,EUROPE
A11,24,A32,A49,6698.0,A61,A73,2,A94,A101,2,A123,21,A142,A152,1,A172,1,A191,A201,1,0,0,664066.0,EUROPE
A14,24,A32,A40,1193.0,A61,A73,2,A93,A103,2,A121,31,A143,A152,1,A173,1,A192,A201,1,0,0,119190.0,EUROPE
A14,21,A32,A42,2288.0,A61,A75,4,A93,A101,2,A121,50,A143,A152,2,A173,1,A191,A201,1,0,1,202800.0,EUROPE
A12,36,A32,A40,13454.0,A65,A73,1,A93,A101,4,A124,37,A143,A153,1,A173,1,A192,A201,2,1,0,759231.0,EUROPE
A14,18,A34,A43,1652.0,A64,A75,4,A93,A101,4,A123,46,A143,A152,2,A173,1,A191,A201,1,0,0,156378.0,EUROPE
A14,48,A32,A49,3912.0,A61,A71,3,A93,A101,2,A123,33,A141,A151,1,A174,1,A192,A201,2,1,0,368480.0,EUROPE
A13,18,A32,A40,1958.0,A61,A75,3,A92,A101,2,A123,23,A143,A152,1,A174,1,A191,A201,1,0,1,170669.0,EUROPE
A14,24,A33,A40,2241.0,A61,A75,4,A93,A101,4,A123,47,A143,A152,2,A172,2,A191,A201,2,1,0,222228.0,EUROPE
A14,15,A32,A43,1126.0,A63,A75,4,A93,A101,3,A122,47,A142,A152,1,A173,1,A192,A201,1,0,0,126021.0,EUROPE
A13,6,A32,A42,1834.0,A61,A73,2,A93,A101,2,A121,41,A143,A152,1,A173,1,A192,A201,1,0,0,177008.0,EUROPE
A14,21,A33,A42,1558.0,A62,A74,4,A93,A101,3,A121,34,A143,A152,2,A174,1,A191,A201,1,0,0,74720.0,EUROPE
A14,36,A32,A46,1602.0,A61,A73,4,A93,A101,4,A124,37,A142,A153,1,A173,1,A192,A201,2,1,0,138721.0,EUROPE
A11,12,A32,A43,600.0,A62,A72,4,A94,A101,3,A124,33,A143,A152,1,A172,1,A192,A201,2,0,0,65960.0,EUROPE
A11,24,A31,A42,7283.0,A61,A72,2,A91,A101,1,A122,55,A141,A152,1,A173,1,A192,A201,2,1,0,634337.0,EUROPE
A13,15,A32,A46,405.0,A61,A72,4,A92,A101,4,A122,23,A143,A151,1,A173,1,A192,A201,1,0,0,24761.0,EUROPE
A14,12,A34,A46,3670.0,A65,A72,2,A93,A101,1,A122,37,A143,A152,2,A172,2,A191,A201,1,0,1,363287.0,EUROPE
A12,30,A30,A49,3834.0,A61,A73,2,A92,A101,1,A123,28,A143,A152,2,A173,1,A191,A201,1,0,0,181141.0,EUROPE
A14,24,A32,A40,1357.0,A62,A72,4,A94,A101,3,A121,33,A143,A152,1,A173,1,A192,A201,1,0,1,92579.0,EUROPE
A12,11,A33,A43,3964.0,A61,A74,2,A93,A101,4,A122,51,A143,A152,1,A173,1,A191,A201,1,0,0,328277.0,EUROPE
A11,48,A30,A42,6145.0,A61,A73,3,A93,A101,4,A124,53,A143,A153,2,A173,2,A191,A201,2,1,0,422972.0,EUROPE
A13,12,A31,A43,392.0,A64,A73,3,A92,A101,3,A121,42,A143,A151,2,A173,1,A191,A201,1,0,0,21152.0,EUROPE
A14,24,A32,A42,3276.0,A61,A74,2,A92,A101,4,A122,25,A143,A151,1,A173,1,A192,A201,1,0,0,340651.0,EUROPE
A12,9,A34,A43,947.0,A61,A75,2,A93,A101,4,A121,37,A143,A152,3,A172,1,A191,A201,1,0,0,67527.0,EUROPE
A11,12,A32,A40,1124.0,A61,A72,3,A92,A101,1,A121,37,A143,A152,1,A172,1,A191,A201,2,1,0,108012.0,EUROPE
A11,12,A30,A40,980.0,A61,A73,4,A93,A101,4,A123,48,A141,A152,2,A173,1,A191,A201,2,0,0,67600.0,EUROPE
A12,24,A32,A40,1209.0,A61,A72,4,A93,A101,2,A121,23,A142,A152,1,A172,1,A191,A201,2,1,0,123516.0,EUROPE
A11,48,A32,A40,6472.0,A61,A75,4,A93,A101,4,A124,42,A141,A153,1,A174,1,A191,A201,2,0,0,755696.0,EUROPE
A12,8,A32,A49,778.0,A61,A72,3,A94,A101,2,A121,26,A143,A152,1,A173,1,A192,A201,1,0,0,38330.0,EUROPE
A12,12,A32,A48,726.0,A65,A75,4,A93,A101,4,A122,38,A143,A152,2,A173,1,A191,A201,1,0,0,44739.0,EUROPE
A14,27,A32,A45,5102.0,A65,A75,4,A93,A101,4,A122,48,A143,A152,4,A173,2,A192,A201,1,0,0,570270.0,EUROPE
A14,9,A32,A42,2127.0,A62,A72,2,A92,A101,4,A122,22,A143,A151,1,A173,1,A191,A201,1,0,0,157626.0,EUROPE
A12,12,A32,A40,1357.0,A61,A72,3,A92,A101,1,A123,25,A143,A151,1,A173,1,A191,A201,2,1,0,71465.0,EUROPE
A11,24,A32,A43,1709.0,A61,A71,4,A93,A101,2,A123,30,A142,A152,1,A174,2,A191,A201,2,1,0,91710.0,EUROPE
A12,18,A34,A42,5269.0,A61,A75,2,A93,A101,1,A124,41,A143,A152,1,A173,1,A192,A201,1,0,0,558574.0,EUROPE
A14,12,A32,A43,2926.0,A61,A73,2,A93,A101,4,A123,52,A143,A152,1,A173,1,A192,A201,1,0,0,268129.0,EUROPE
A12,12,A34,A40,818.0,A61,A74,2,A93,A101,3,A121,47,A143,A152,2,A172,2,A191,A201,1,0,0,67548.0,EUROPE
A14,6,A34,A40,359.0,A62,A73,4,A92,A101,4,A123,52,A143,A152,2,A172,1,A191,A201,1,0,1,31872.0,EUROPE
A12,13,A34,A43,728.0,A61,A72,4,A93,A103,4,A121,23,A143,A152,2,A173,1,A191,A201,1,0,0,37906.0,EUROPE
A13,42,A30,A49,5622.0,A61,A72,2,A91,A101,1,A122,33,A143,A152,2,A173,1,A191,A201,1,0,0,655619.0,EUROPE
A11,15,A32,A43,1062.0,A61,A72,4,A94,A101,2,A121,27,A143,A152,1,A173,1,A191,A202,1,0,0,58474.0,EUROPE
A14,18,A34,A43,2319.0,A61,A73,2,A92,A101,1,A123,25,A143,A152,2,A173,1,A191,A201,1,0,0,177081.0,EUROPE
A14,6,A34,A43,1340.0,A61,A74,1,A92,A101,2,A123,24,A143,A151,2,A173,1,A192,A201,1,0,1,111073.0,EUROPE
A14,39,A32,A41,7094.0,A62,A75,4,A93,A101,2,A123,45,A143,A152,1,A174,1,A192,A201,1,0,0,747820.0,EUROPE
A14,36,A34,A40,8105.0,A61,A73,4,A92,A101,2,A121,25,A142,A152,2,A173,1,A192,A201,2,0,0,557761.0,EUROPE
A11,12,A32,A40,1741.0,A61,A73,4,A92,A103,4,A122,29,A143,A152,1,A173,1,A192,A201,1,0,0,92202.0,EUROPE
A11,9,A34,A40,2939.0,A61,A73,2,A93,A101,2,A121,36,A143,A151,2,A173,2,A191,A201,1,0,0,174737.0,EUROPE
A11,15,A32,A43,1000.0,A61,A72,4,A94,A101,2,A121,27,A143,A152,1,A173,1,A191,A202,1,0,0,111453.0,EUROPE
A12,39,A33,A46,12094.0,A62,A74,2,A93,A101,3,A124,32,A143,A151,1,A173,1,A192,A201,1,0,0,612342.0,EUROPE
A11,12,A32,A46,1136.0,A65,A73,4,A92,A101,4,A122,23,A141,A151,1,A173,1,A192,A201,1,0,1,70378.0,EUROPE
A12,12,A32,A43,1038.0,A61,A74,4,A93,A103,3,A121,29,A143,A152,2,A173,1,A191,A202,1,0,0,106548.0,EUROPE
A14,12,A32,A43,3096.0,A61,A73,2,A93,A101,4,A123,52,A143,A152,1,A173,1,A192,A201,1,0,1,230659.0,EUROPE
A14,9,A32,A43,2868.0,A61,A73,1,A93,A101,2,A121,32,A143,A152,1,A173,2,A191,A201,1,0,0,142016.0,EUROPE
A14,12,A32,A49,929.0,A61,A73,2,A94,A101,2,A121,26,A143,A152,1,A173,1,A192,A202,1,0,0,42726.0,EUROPE
A14,24,A34,A40,1769.0,A61,A73,4,A92,A101,4,A123,37,A143,A152,1,A173,1,A192,A201,1,0,0,137388.0,EUROPE
A14,15,A32,A41,4179.0,A61,A73,3,A93,A101,2,A123,30,A143,A152,1,A173,1,A192,A201,1,0,0,254286.0,EUROPE
A12,9,A32,A43,1066.0,A61,A75,4,A93,A101,4,A123,27,A143,A152,2,A172,1,A191,A201,1,0,1,96261.0,EUROPE
A11,18,A32,A42,3959.0,A61,A72,1,A92,A101,4,A123,22,A143,A151,1,A173,1,A191,A201,1,0,0,190830.0,EUROPE
A14,11,A34,A43,1002.0,A62,A71,4,A92,A101,4,A121,57,A143,A152,3,A172,1,A191,A201,1,0,0,85158.0,EUROPE
A12,24,A30,A49,4579.0,A61,A73,1,A93,A101,4,A121,36,A143,A152,3,A172,1,A192,A201,2,0,0,285975.0,EUROPE
A14,24,A34,A40,1775.0,A61,A73,4,A92,A101,4,A123,37,A143,A152,1,A173,1,A192,A201,1,0,0,184494.0,EUROPE
A11,12,A34,A41,1574.0,A61,A75,4,A93,A101,4,A124,66,A143,A153,2,A174,1,A191,A201,1,0,1,168597.0,EUROPE
A12,7,A32,A43,2476.0,A61,A73,3,A93,A103,2,A121,34,A143,A152,1,A173,1,A191,A201,1,0,0,131388.0,EUROPE
A12,30,A34,A40,3439.0,A61,A71,4,A94,A101,2,A123,28,A143,A152,2,A174,1,A191,A201,2,1,1,398261.0,EUROPE
A12,30,A30,A49,3710.0,A62,A73,4,A92,A101,4,A123,26,A143,A151,2,A172,1,A191,A201,2,1,0,334855.0,EUROPE
A11,12,A34,A40,5063.0,A61,A75,3,A93,A102,4,A122,43,A143,A151,2,A173,1,A192,A201,2,0,0,519675.0,EUROPE
A14,11,A32,A49,2028.0,A64,A75,1,A91,A101,2,A121,28,A143,A152,1,A173,1,A192,A201,1,0,0,227579.0,EUROPE
A12,27,A33,A41,4890.0,A61,A75,1,A93,A101,2,A123,30,A143,A152,2,A174,1,A192,A201,1,0,0,563265.0,EUROPE
A12,8,A32,A49,748.0,A61,A72,3,A94,A101,2,A121,26,A143,A152,1,A173,1,A192,A201,1,0,0,83395.0,EUROPE
A14,24,A34,A42,5099.0,A61,A75,4,A93,A101,4,A123,33,A143,A152,1,A173,1,A192,A201,1,0,1,484819.0,EUROPE
A14,12,A32,A40,2682.0,A65,A71,4,A93,A101,4,A124,38,A143,A152,1,A174,1,A192,A201,1,0,0,306806.0,EUROPE
A12,36,A31,A44,4071.0,A65,A72,3,A92,A101,2,A124,29,A141,A152,1,A171,1,A191,A201,1,0,0,251696.0,EUROPE
A11,45,A30,A49,9592.0,A61,A75,2,A93,A101,4,A123,29,A143,A151,2,A173,1,A191,A201,2,0,0,469271.0,EUROPE
A11,36,A34,A41,8028.0,A61,A74,4,A93,A101,4,A123,24,A143,A152,2,A173,1,A192,A201,2,1,0,425522.0,EUROPE
A14,24,A34,A41,1991.0,A61,A74,4,A93,A101,3,A123,35,A143,A152,2,A173,1,A192,A201,1,0,0,187748.0,EUROPE
A14,24,A34,A41,4058.0,A65,A74,3,A93,A101,4,A122,43,A143,A152,2,A173,1,A192,A201,1,0,0,446547.0,EUROPE
A14,24,A34,A41,4831.0,A64,A73,4,A93,A101,2,A121,27,A143,A152,2,A173,1,A191,A201,1,0,0,553768.0,EUROPE
A11,24,A31,A49,2879.0,A61,A73,4,A93,A101,2,A122,31,A143,A151,1,A173,1,A192,A201,2,1,0,187111.0,EUROPE
A11,12,A32,A40,694.0,A61,A74,4,A93,A101,2,A121,26,A143,A152,1,A173,1,A191,A201,2,0,0,69107.0,EUROPE
A12,12,A32,A42,2626.0,A65,A75,1,A92,A101,2,A122,25,A141,A152,1,A173,1,A192,A201,2,1,0,147708.0,EUROPE
A14,24,A34,A42,1737.0,A61,A74,2,A93,A101,2,A122,30,A143,A152,2,A172,1,A191,A201,1,0,0,186893.0,EUROPE
A12,24,A33,A42,1761.0,A61,A71,3,A92,A101,2,A122,34,A143,A152,1,A174,1,A192,A201,2,1,0,159016.0,EUROPE
A14,24,A32,A43,2342.0,A63,A75,3,A93,A101,2,A123,35,A141,A152,2,A173,1,A192,A201,2,0,0,184812.0,EUROPE
A12,24,A34,A41,6574.0,A64,A75,2,A92,A101,4,A124,29,A143,A151,1,A173,1,A191,A201,1,0,0,308294.0,EUROPE
A11,18,A32,A42,3928.0,A61,A73,2,A93,A102,3,A123,42,A143,A152,1,A173,1,A191,A201,2,1,0,368281.0,EUROPE
A14,9,A34,A46,765.0,A63,A75,4,A93,A101,2,A123,52,A143,A152,2,A173,1,A192,A201,1,0,0,67501.0,EUROPE
A14,30,A34,A43,3014.0,A65,A75,3,A93,A101,2,A123,40,A143,A152,2,A173,2,A192,A201,1,0,0,263293.0,EUROPE
A12,24,A32,A42,2816.0,A62,A75,4,A93,A101,4,A124,30,A143,A153,1,A173,1,A191,A201,1,0,0,318645.0,EUROPE
A13,12,A32,A43,2437.0,A61,A73,3,A94,A101,1,A123,24,A143,A152,1,A173,1,A191,A201,1,0,0,211508.0,EUROPE
A14,6,A30,A43,439.0,A61,A75,4,A94,A101,4,A123,39,A143,A152,1,A172,1,A191,A201,1,0,0,49717.0,EUROPE
A14,15,A32,A40,3061.0,A65,A73,3,A93,A101,2,A124,29,A143,A152,1,A173,1,A191,A201,1,0,0,341776.0,EUROPE
A14,21,A32,A41,2070.0,A65,A75,4,A93,A101,4,A121,46,A143,A152,1,A174,1,A192,A201,1,0,0,179062.0,EUROPE
A14,21,A33,A42,1642.0,A62,A74,4,A93,A101,3,A121,34,A143,A152,2,A174,1,A191,A201,1,0,1,165340.0,EUROPE
A12,18,A34,A42,7948.0,A61,A71,4,A93,A101,4,A122,40,A142,A152,2,A174,1,A192,A201,1,0,1,908332.0,EUROPE
A11,24,A32,A43,1756.0,A61,A72,4,A91,A101,3,A122,32,A143,A152,1,A173,1,A191,A201,2,1,0,101968.0,EUROPE
A14,15,A32,A43,1404.0,A65,A73,4,A94,A101,2,A121,40,A143,A151,1,A173,1,A192,A201,1,0,1,105934.0,EUROPE
A13,12,A32,A43,1279.0,A61,A73,3,A94,A101,4,A121,23,A143,A151,1,A173,1,A191,A201,1,0,0,99212.0,EUROPE
A14,24,A34,A43,4535.0,A61,A72,3,A94,A101,3,A124,47,A143,A153,3,A173,1,A192,A201,1,0,1,283692.0,EUROPE
A14,12,A32,A40,1124.0,A63,A73,2,A92,A101,2,A122,26,A143,A152,1,A173,1,A191,A201,2,1,0,84322.0,EUROPE
A11,18,A32,A42,2561.0,A61,A73,2,A93,A101,2,A123,22,A143,A152,1,A173,1,A191,A201,2,1,0,198998.0,EUROPE
A14,10,A32,A40,1272.0,A65,A73,4,A93,A103,4,A122,27,A143,A152,1,A172,1,A191,A201,2,1,0,140282.0,EUROPE
A14,24,A34,A40,2155.0,A62,A74,4,A94,A101,3,A122,27,A143,A152,2,A173,1,A192,A201,1,0,0,117804.0,EUROPE
A11,12,A32,A46,1145.0,A65,A73,4,A92,A101,4,A122,23,A141,A151,1,A173,1,A192,A201,1,0,0,81244.0,EUROPE
A14,24,A32,A42,3162.0,A63,A75,4,A93,A101,3,A124,32,A143,A151,1,A173,1,A192,A201,1,0,0,298259.0,EUROPE
A14,24,A34,A43,1963.0,A61,A74,4,A94,A103,2,A123,33,A143,A152,2,A173,1,A192,A201,1,0,0,109915.0,EUROPE
A11,48,A34,A41,6493.0,A61,A75,4,A92,A101,4,A124,58,A142,A153,2,A172,1,A191,A201,2,1,0,446961.0,EUROPE
A12,18,A32,A42,2697.0,A61,A74,2,A92,A101,4,A121,40,A143,A151,1,A173,1,A191,A201,1,0,0,161277.0,EUROPE
A13,12,A32,A43,2732.0,A61,A73,3,A94,A101,1,A123,24,A143,A152,1,A173,1,A191,A201,1,0,1,166194.0,EUROPE
A14,24,A33,A41,3945.0,A61,A74,3,A93,A101,3,A123,35,A143,A152,2,A172,1,A192,A201,1,0,1,232507.0,EUROPE
A14,21,A33,A42,1609.0,A62,A74,4,A93,A101,3,A121,34,A143,A152,2,A174,1,A191,A201,1,0,0,101074.0,EUROPE
A11,24,A31,A42,3652.0,A63,A72,4,A93,A101,4,A124,30,A143,A153,1,A173,2,A192,A201,2,1,1,197995.0,EUROPE
A14,24,A34,A41,3970.0,A65,A74,3,A93,A101,4,A122,43,A143,A152,2,A173,1,A192,A201,1,0,0,295050.0,EUROPE
A12,24,A34,A43,1618.0,A61,A75,4,A93,A101,2,A122,48,A143,A152,2,A172,1,A191,A201,1,0,0,136519.0,EUROPE
A11,18,A32,A40,1298.0,A61,A72,4,A92,A101,3,A123,23,A143,A151,1,A173,1,A192,A201,2,1,0,138423.0,EUROPE
A14,15,A32,A43,1056.0,A63,A75,4,A93,A101,3,A122,47,A142,A152,1,A173,1,A192,A201,1,0,1,109122.0,EUROPE
A14,39,A32,A41,8935.0,A62,A75,4,A93,A101,2,A123,45,A143,A152,1,A174,1,A192,A201,1,0,1,445920.0,EUROPE
A12,12,A34,A41,1892.0,A61,A71,4,A93,A101,2,A123,34,A143,A152,2,A174,1,A192,A201,1,0,0,212943.0,EUROPE
A12,24,A32,A42,3780.0,A65,A73,1,A92,A101,4,A122,48,A143,A152,1,A172,1,A192,A201,1,0,0,279898.0,EUROPE
A14,24,A32,A43,1091.0,A62,A74,4,A94,A101,3,A122,26,A143,A152,1,A173,1,A192,A201,1,0,0,120028.0,EUROPE
A14,9,A32,A49,1539.0,A61,A74,3,A92,A101,2,A123,27,A143,A152,2,A173,1,A191,A201,1,0,0,151315.0,EUROPE
A14,48,A34,A49,7006.0,A65,A75,4,A91,A101,2,A123,46,A141,A152,2,A174,2,A191,A201,1,0,0,378196.0,EUROPE
A14,36,A34,A43,9848.0,A61,A73,2,A92,A101,2,A123,31,A142,A152,2,A173,1,A191,A201,1,0,0,741696.0,EUROPE
A13,12,A32,A43,1311.0,A61,A73,3,A94,A101,4,A121,23,A143,A151,1,A173,1,A191,A201,1,0,0,63172.0,EUROPE
A14,27,A33,A49,5100.0,A61,A74,3,A93,A101,4,A123,26,A143,A152,2,A173,1,A191,A201,1,0,0,295963.0,EUROPE
A14,36,A32,A43,3664.0,A61,A75,4,A93,A101,2,A123,28,A143,A152,1,A173,1,A191,A201,1,0,0,410239.0,EUROPE
A14,15,A34,A43,1183.0,A61,A73,4,A92,A101,2,A123,43,A143,A152,1,A172,1,A191,A201,1,0,1,54602.0,EUROPE
A12,12,A34,A40,1878.0,A62,A72,4,A93,A101,1,A123,27,A143,A152,1,A173,1,A191,A201,1,0,1,117394.0,EUROPE
A13,12,A32,A43,1357.0,A61,A73,3,A94,A101,4,A121,23,A143,A151,1,A173,1,A191,A201,1,0,0,98219.0,EUROPE
A14,24,A32,A43,5164.0,A65,A72,1,A92,A101,1,A123,44,A143,A152,2,A173,1,A192,A201,2,0,0,333648.0,EUROPE
A14,12,A32,A40,1055.0,A61,A73,3,A94,A101,2,A121,27,A143,A152,2,A173,1,A192,A201,1,0,0,75457.0,EUROPE
A11,40,A34,A46,5535.0,A61,A73,4,A93,A101,3,A124,27,A141,A152,1,A173,1,A192,A201,2,1,1,361150.0,EUROPE
A11,24,A31,A43,1515.0,A61,A74,4,A93,A103,4,A123,24,A141,A151,1,A172,1,A191,A201,2,1,0,107582.0,EUROPE
A14,30,A32,A41,3970.0,A65,A74,2,A92,A101,4,A122,24,A142,A151,1,A172,1,A191,A201,1,0,0,194216.0,EUROPE
A12,48,A32,A43,11054.0,A64,A74,1,A93,A102,2,A124,27,A141,A152,2,A173,1,A192,A201,2,1,0,562460.0,EUROPE
A14,21,A32,A40,2621.0,A63,A74,1,A92,A101,2,A123,31,A141,A152,1,A174,1,A191,A201,1,0,0,301396.0,EUROPE
A14,12,A34,A43,1773.0,A61,A75,2,A93,A101,2,A124,26,A143,A152,2,A173,1,A191,A201,1,0,0,159658.0,EUROPE
A12,8,A32,A43,683.0,A61,A74,4,A92,A103,2,A121,44,A143,A152,1,A172,1,A191,A201,1,0,0,63528.0,EUROPE
A11,12,A32,A40,1369.0,A61,A74,2,A91,A101,3,A123,36,A143,A152,1,A173,1,A191,A201,2,0,0,66136.0,EUROPE
A14,9,A32,A49,1252.0,A61,A74,3,A92,A101,2,A123,27,A143,A152,2,A173,1,A191,A201,1,0,0,79645.0,EUROPE
A12,18,A33,A45,6332.0,A61,A73,2,A93,A101,4,A121,44,A143,A152,1,A172,2,A192,A201,1,0,0,360984.0,EUROPE
A12,30,A31,A42,3377.0,A64,A73,4,A93,A101,2,A123,34,A142,A152,1,A173,2,A192,A201,1,0,0,315361.0,EUROPE
A14,10,A34,A42,2162.0,A61,A72,1,A92,A101,3,A121,23,A143,A151,2,A173,1,A191,A201,1,0,0,172531.0,EUROPE
A12,16,A34,A40,954.0,A61,A71,2,A93,A101,3,A123,68,A143,A153,3,A171,1,A192,A201,1,0,0,88951.0,EUROPE
A14,6,A34,A43,1120.0,A62,A73,1,A92,A101,1,A122,27,A143,A152,2,A173,1,A191,A201,1,0,0,127350.0,EUROPE
A14,6,A32,A45,634.0,A63,A74,2,A94,A101,4,A121,23,A143,A151,1,A172,1,A191,A201,1,0,0,66530.0,EUROPE
A14,30,A34,A43,3876.0,A61,A74,4,A92,A101,4,A123,26,A143,A151,1,A174,1,A192,A201,1,0,0,197865.0,EUROPE
A11,12,A34,A41,1605.0,A61,A75,4,A93,A101,4,A124,66,A143,A153,2,A174,1,A191,A201,1,0,0,103338.0,EUROPE
A11,24,A32,A42,2857.0,A61,A73,2,A91,A101,2,A121,24,A143,A151,1,A172,1,A191,A201,1,0,0,201611.0,EUROPE
A11,20,A34,A40,2243.0,A61,A73,4,A94,A103,2,A122,33,A141,A151,2,A173,1,A191,A202,2,1,0,207768.0,EUROPE
A12,9,A34,A42,1579.0,A61,A74,4,A93,A101,3,A123,35,A143,A151,1,A173,1,A192,A201,1,0,0,170651.0,EUROPE
A14,13,A32,A43,1516.0,A62,A71,2,A92,A101,4,A121,64,A143,A152,1,A173,1,A191,A201,1,0,0,92445.0,EUROPE
A11,9,A32,A43,1223.0,A61,A72,3,A92,A101,4,A122,22,A143,A151,1,A173,1,A191,A201,2,1,0,106660.0,EUROPE
A14,18,A32,A40,6296.0,A65,A73,2,A93,A101,4,A123,68,A143,A151,2,A173,1,A191,A201,2,0,0,419690.0,EUROPE
A12,9,A32,A42,992.0,A61,A73,1,A92,A101,2,A123,29,A143,A152,1,A173,1,A191,A202,2,1,0,74779.0,EUROPE
A12,12,A32,A42,2356.0,A65,A75,1,A92,A101,2,A122,25,A141,A152,1,A173,1,A192,A201,2,1,1,171724.0,EUROPE
A14,48,A31,A49,3835.0,A61,A73,1,A92,A101,1,A121,27,A142,A152,1,A173,1,A191,A201,1,0,1,263257.0,EUROPE
A11,30,A32,A42,6496.0,A65,A75,4,A93,A101,4,A122,31,A143,A152,1,A173,1,A191,A201,2,1,0,334102.0,EUROPE
A13,12,A31,A43,439.0,A64,A73,3,A92,A101,3,A121,42,A143,A151,2,A173,1,A191,A201,1,0,1,31056.0,EUROPE
A11,15,A32,A43,933.0,A61,A72,4,A94,A101,2,A121,27,A143,A152,1,A173,1,A191,A202,1,0,0,60835.0,EUROPE
A12,30,A32,A43,1739.0,A65,A73,4,A92,A101,1,A123,26,A143,A152,1,A173,1,A191,A201,1,0,1,139271.0,EUROPE
A11,24,A32,A41,3074.0,A65,A75,4,A93,A101,4,A124,49,A141,A153,1,A173,2,A192,A201,1,0,0,178704.0,EUROPE
A14,12,A32,A40,657.0,A61,A73,4,A91,A101,2,A121,49,A143,A152,1,A172,1,A191,A201,1,0,0,62689.0,EUROPE
A14,12,A34,A46,2275.0,A61,A75,2,A92,A101,4,A124,57,A141,A153,3,A172,1,A191,A201,1,0,0,169842.0,EUROPE
A14,12,A34,A46,2729.0,A61,A75,2,A92,A101,4,A124,57,A141,A153,3,A172,1,A191,A201,1,0,0,306837.0,EUROPE
A11,15,A34,A42,1053.0,A61,A73,2,A91,A101,3,A122,25,A143,A152,2,A173,1,A191,A201,1,0,1,65968.0,EUROPE
A11,12,A32,A43,1601.0,A61,A73,4,A92,A101,1,A123,23,A141,A152,1,A173,1,A191,A201,1,0,0,102974.0,EUROPE
A12,9,A32,A43,1801.0,A61,A73,2,A93,A101,2,A121,37,A143,A152,1,A172,2,A191,A201,1,0,0,131679.0,EUROPE
A12,21,A32,A49,1186.0,A61,A75,2,A92,A101,4,A122,39,A143,A152,1,A173,2,A191,A201,2,1,1,85005.0,EUROPE
A12,48,A30,A49,3371.0,A62,A74,4,A93,A101,4,A124,34,A143,A153,1,A172,2,A191,A201,2,0,0,165019.0,EUROPE
A12,6,A33,A49,1536.0,A62,A75,1,A91,A101,2,A123,31,A141,A152,2,A173,2,A191,A201,1,0,0,92310.0,EUROPE
A12,24,A32,A43,4774.0,A65,A75,2,A92,A101,4,A123,42,A143,A152,1,A173,1,A192,A201,1,0,1,407850.0,EUROPE
A11,48,A32,A43,6698.0,A61,A73,3,A92,A101,2,A123,31,A143,A152,1,A173,1,A192,A201,2,1,0,762199.0,EUROPE
A14,6,A34,A40,222.0,A64,A73,2,A92,A101,2,A121,41,A141,A152,2,A172,1,A191,A201,1,0,0,22444.0,EUROPE
A14,12,A32,A49,1392.0,A61,A74,2,A93,A101,4,A123,36,A143,A152,1,A173,1,A192,A201,1,0,0,103458.0,EUROPE
A14,6,A31,A40,686.0,A65,A73,1,A93,A103,2,A121,26,A142,A152,1,A172,2,A191,A201,1,0,0,31594.0,EUROPE
A13,36,A32,A43,3722.0,A61,A73,2,A93,A101,2,A121,23,A143,A152,1,A173,1,A192,A201,1,0,0,374490.0,EUROPE
A14,21,A34,A41,3192.0,A61,A75,1,A93,A101,4,A123,36,A143,A152,1,A174,1,A192,A201,1,0,1,174713.0,EUROPE
A14,24,A32,A43,3040.0,A61,A72,4,A92,A101,4,A122,26,A143,A152,1,A173,1,A192,A201,1,0,0,187455.0,EUROPE
A11,24,A32,A40,4765.0,A61,A74,2,A93,A102,3,A122,31,A143,A152,1,A173,1,A192,A201,2,0,0,538222.0,EUROPE
A12,6,A31,A40,821.0,A62,A72,1,A92,A101,1,A122,32,A142,A152,1,A172,1,A191,A201,2,1,0,44215.0,EUROPE
A11,21,A32,A43,2508.0,A61,A72,4,A92,A101,4,A122,28,A143,A151,1,A174,1,A192,A201,1,0,0,229677.0,EUROPE
A11,39,A34,A42,12676.0,A65,A74,4,A93,A101,4,A122,30,A143,A152,2,A174,1,A192,A201,1,0,1,971943.0,EUROPE
A13,15,A32,A46,2047.0,A61,A75,4,A93,A101,4,A123,40,A143,A151,1,A174,1,A192,A201,1,0,0,178916.0,EUROPE
A12,21,A32,A42,3681.0,A65,A74,2,A93,A101,3,A123,35,A143,A152,1,A173,1,A192,A201,1,0,0,237655.0,EUROPE
A11,24,A32,A43,1200.0,A62,A73,4,A92,A101,2,A123,32,A143,A152,1,A172,1,A191,A201,2,1,1,94866.0,EUROPE
A14,24,A34,A43,2461.0,A61,A73,4,A93,A101,2,A121,35,A143,A152,2,A172,1,A191,A201,1,0,0,141500.0,EUROPE
A12,26,A32,A41,8230.0,A61,A72,2,A93,A101,3,A123,30,A143,A152,2,A173,1,A191,A201,1,0,0,904264.0,EUROPE
A11,42,A32,A43,7515.0,A65,A74,4,A92,A101,3,A123,30,A143,A152,1,A174,1,A192,A201,2,1,0,376514.0,EUROPE
A14,9,A34,A43,2778.0,A65,A73,1,A93,A101,2,A121,33,A143,A152,2,A173,2,A191,A201,1,0,0,140168.0,EUROPE
A14,12,A32,A46,607.0,A61,A75,4,A93,A101,4,A123,41,A141,A152,1,A172,2,A191,A201,2,1,0,60195.0,EUROPE
A14,12,A32,A42,1034.0,A63,A73,4,A92,A101,4,A123,29,A143,A151,1,A172,1,A191,A201,2,1,0,87478.0,EUROPE
A12,48,A32,A43,3842.0,A65,A74,4,A93,A101,1,A123,41,A143,A152,2,A173,2,A192,A201,1,0,0,224735.0,EUROPE
A12,12,A32,A40,894.0,A62,A72,4,A92,A101,2,A122,23,A141,A152,1,A172,1,A191,A201,2,1,0,64739.0,EUROPE
A12,12,A30,A48,1441.0,A61,A73,2,A93,A101,2,A121,31,A143,A152,1,A172,1,A192,A201,1,0,0,86487.0,EUROPE
A11,6,A32,A43,2748.0,A63,A73,2,A93,A101,3,A121,44,A143,A151,1,A173,2,A191,A201,1,0,0,265000.0,EUROPE
A14,10,A32,A42,1788.0,A61,A73,2,A93,A101,2,A121,25,A141,A151,1,A172,1,A191,A201,2,1,0,143410.0,EUROPE
A12,18,A32,A40,1076.0,A65,A73,4,A92,A101,2,A122,33,A143,A152,1,A173,1,A191,A201,2,1,0,56009.0,EUROPE
A14,18,A32,A42,2079.0,A61,A73,3,A93,A101,4,A121,43,A143,A152,1,A173,1,A192,A201,1,0,0,223422.0,EUROPE
A14,24,A32,A41,2786.0,A61,A75,4,A93,A101,4,A123,35,A143,A152,1,A174,1,A192,A201,1,0,0,229822.0,EUROPE
A13,36,A32,A43,4046.0,A61,A73,2,A93,A101,2,A121,23,A143,A152,1,A173,1,A192,A201,1,0,0,411061.0,EUROPE
A14,22,A32,A43,2212.0,A63,A75,3,A93,A101,4,A123,40,A143,A152,1,A173,1,A191,A201,1,0,0,240659.0,EUROPE
A14,15,A32,A43,3287.0,A61,A75,4,A92,A101,2,A123,54,A141,A151,1,A174,1,A192,A201,1,0,1,344222.0,EUROPE
A14,21,A32,A40,2377.0,A63,A74,1,A92,A101,2,A123,31,A141,A152,1,A174,1,A191,A201,1,0,0,265821.0,EUROPE
A14,6,A32,A43,471.0,A61,A73,3,A92,A101,1,A121,29,A143,A152,1,A173,1,A191,A201,1,0,1,37421.0,EUROPE
A12,30,A34,A40,5269.0,A61,A71,4,A94,A101,2,A123,28,A143,A152,2,A174,1,A191,A201,2,0,0,329731.0,EUROPE
A11,24,A31,A42,2543.0,A63,A73,4,A93,A101,4,A121,22,A142,A152,1,A173,1,A192,A201,1,0,0,285091.0,EUROPE
A14,24,A34,A42,4799.0,A61,A75,4,A93,A101,4,A123,33,A143,A152,1,A173,1,A192,A201,1,0,0,552848.0,EUROPE
A14,48,A32,A49,3617.0,A65,A73,4,A91,A101,2,A121,38,A141,A152,1,A173,1,A191,A201,2,0,0,308835.0,EUROPE
A11,20,A34,A40,2355.0,A61,A73,4,A94,A103,2,A122,33,A141,A151,2,A173,1,A191,A202,2,1,0,243980.0,EUROPE
A11,36,A32,A46,2127.0,A65,A75,4,A93,A101,4,A124,40,A143,A152,1,A174,1,A192,A201,2,1,0,232702.0,EUROPE
A14,24,A33,A40,2292.0,A61,A75,4,A93,A101,4,A123,47,A143,A152,2,A172,2,A191,A201,2,1,0,190931.0,EUROPE
A14,12,A34,A43,1467.0,A61,A75,2,A93,A101,4,A121,63,A143,A152,2,A172,1,A192,A201,1,0,0,157106.0,EUROPE
A12,12,A34,A42,3148.0,A61,A75,1,A93,A101,4,A123,28,A143,A151,3,A173,1,A192,A201,1,0,0,346749.0,EUROPE
A11,12,A32,A42,1436.0,A61,A73,2,A93,A101,2,A121,27,A143,A152,1,A173,1,A191,A201,1,0,0,131059.0,EUROPE
A11,12,A32,A46,1229.0,A65,A73,4,A92,A101,4,A122,23,A141,A151,1,A173,1,A192,A201,1,0,0,104161.0,EUROPE
A14,12,A34,A42,1807.0,A61,A75,4,A93,A101,4,A121,43,A143,A152,3,A173,1,A192,A201,1,0,0,92751.0,EUROPE
A11,30,A30,A42,4378.0,A61,A73,2,A91,A103,2,A121,32,A143,A152,2,A173,1,A191,A201,1,0,0,489552.0,EUROPE
A12,48,A30,A49,12181.0,A61,A73,2,A93,A101,2,A123,25,A143,A152,1,A173,1,A192,A201,2,1,1,1309797.0,EUROPE
A11,24,A31,A42,7507.0,A61,A72,2,A91,A101,1,A122,55,A141,A152,1,A173,1,A192,A201,2,1,0,524947.0,EUROPE
A12,45,A32,A43,2520.0,A62,A73,4,A93,A103,4,A122,21,A143,A151,1,A173,1,A191,A201,2,1,0,266201.0,EUROPE
A14,12,A31,A48,3509.0,A63,A73,4,A92,A101,3,A121,35,A143,A152,1,A172,2,A191,A201,1,0,0,355445.0,EUROPE
A11,36,A32,A40,1988.0,A61,A72,4,A92,A101,4,A123,34,A143,A152,1,A173,1,A192,A201,2,1,0,136089.0,EUROPE
A14,6,A34,A40,5496.0,A61,A74,1,A93,A101,3,A124,45,A143,A152,2,A174,2,A192,A201,1,0,0,445090.0,EUROPE
A14,12,A32,A40,2166.0,A65,A75,4,A92,A101,4,A124,52,A143,A153,1,A174,1,A192,A201,1,0,0,231999.0,EUROPE
A14,18,A32,A45,1833.0,A61,A72,4,A92,A101,4,A121,23,A143,A152,1,A173,1,A191,A201,2,1,0,179408.0,EUROPE
A11,30,A32,A45,11295.0,A61,A72,1,A91,A101,1,A124,34,A143,A152,1,A172,1,A192,A201,2,1,0,1173221.0,EUROPE
A14,6,A34,A40,220.0,A64,A73,2,A92,A101,2,A121,41,A141,A152,2,A172,1,A191,A201,1,0,0,17924.0,EUROPE
A14,12,A34,A40,1117.0,A61,A75,4,A93,A101,4,A121,61,A143,A152,2,A172,1,A191,A201,1,0,0,100527.0,EUROPE
A13,42,A30,A49,6447.0,A61,A72,2,A91,A101,1,A122,33,A143,A152,2,A173,1,A191,A201,1,0,0,373849.0,EUROPE
A11,47,A32,A40,11675.0,A61,A72,1,A92,A101,1,A121,35,A143,A152,1,A172,1,A192,A201,1,0,0,623884.0,EUROPE
A14,24,A34,A43,1310.0,A64,A73,4,A92,A101,1,A121,43,A143,A152,2,A172,1,A191,A201,1,0,1,141306.0,EUROPE
A14,36,A32,A43,3387.0,A61,A75,4,A93,A101,2,A123,28,A143,A152,1,A173,1,A191,A201,1,0,0,234124.0,EUROPE
A12,12,A32,A49,881.0,A62,A74,3,A93,A101,4,A121,39,A143,A152,1,A172,1,A191,A201,1,0,0,67358.0,EUROPE
A12,12,A32,A43,1124.0,A63,A73,3,A91,A101,1,A123,26,A143,A152,1,A173,1,A192,A201,1,0,0,109395.0,EUROPE
A14,24,A34,A49,3851.0,A62,A73,3,A93,A101,3,A122,27,A143,A152,2,A172,1,A192,A201,1,0,1,349960.0,EUROPE
A14,24,A34,A43,2421.0,A64,A75,2,A93,A101,2,A123,34,A143,A152,1,A173,1,A191,A201,1,0,0,201682.0,EUROPE
A14,24,A32,A41,2903.0,A61,A75,4,A93,A101,4,A123,35,A143,A152,1,A174,1,A192,A201,1,0,0,160249.0,EUROPE
A14,12,A33,A41,1485.0,A61,A73,4,A94,A101,4,A121,41,A143,A151,1,A173,1,A191,A201,1,0,0,150396.0,EUROPE
A11,12,A32,A42,696.0,A61,A73,2,A93,A103,3,A122,38,A143,A152,1,A172,2,A191,A201,1,0,0,51250.0,EUROPE
A12,15,A32,A45,2360.0,A62,A73,3,A92,A101,2,A121,25,A143,A152,1,A172,1,A191,A201,1,0,0,261590.0,EUROPE
A14,30,A33,A49,4343.0,A62,A73,2,A93,A101,2,A122,26,A143,A152,2,A172,1,A191,A201,1,0,0,477001.0,EUROPE
A14,24,A32,A41,3803.0,A62,A74,3,A92,A101,4,A123,23,A143,A152,1,A173,1,A191,A201,1,0,0,414269.0,EUROPE
A11,6,A32,A40,1016.0,A62,A75,3,A93,A101,2,A122,43,A143,A152,1,A173,1,A192,A201,1,0,0,48262.0,EUROPE
A11,24,A32,A43,2553.0,A61,A75,4,A93,A101,4,A121,64,A141,A151,1,A172,1,A191,A201,1,0,0,178255.0,EUROPE
A14,12,A32,A43,1180.0,A61,A73,3,A93,A101,2,A123,25,A143,A152,1,A173,1,A191,A201,1,0,0,70540.0,EUROPE
A14,36,A32,A49,7817.0,A65,A75,3,A93,A101,2,A122,37,A143,A152,2,A173,1,A191,A201,1,0,0,438438.0,EUROPE
A14,12,A32,A43,2775.0,A64,A74,2,A91,A101,4,A121,61,A143,A152,1,A172,1,A191,A201,1,0,1,181268.0,EUROPE
A13,36,A32,A43,4391.0,A61,A75,4,A93,A101,2,A123,31,A143,A152,1,A173,1,A191,A201,1,0,0,433025.0,EUROPE
A14,18,A34,A42,1540.0,A61,A73,4,A92,A101,2,A124,28,A143,A152,2,A173,1,A191,A201,1,0,0,131647.0,EUROPE
A12,18,A34,A42,5984.0,A61,A71,4,A93,A101,4,A122,40,A142,A152,2,A174,1,A192,A201,1,0,0,667953.0,EUROPE
A14,15,A32,A41,3338.0,A62,A72,1,A92,A101,4,A123,23,A143,A152,1,A173,1,A192,A201,1,0,0,232302.0,EUROPE
A11,36,A31,A42,2827.0,A61,A75,4,A93,A101,4,A123,31,A141,A152,1,A173,1,A191,A201,2,1,0,166717.0,EUROPE
